Workbook

Sheet Hoja1
A1: Número | B1: Unidad | C1: Dueño | D1: Marca | E1: Modelo | F1: Año | G1: No. Serie | H1: Rendimiento Nuevo | I1: Unidad de Medida | J1: Edad (Años) | K1: Rendimiento Ajustado (2026)
A4: 1 | B4: RETROEXCAVADORA | C4: TRITURADORA ROCA DURA SAN MIGUEL S.A. DE C.V. | D4: CASE | E4: 580 N | F4: 2011 | G4: JJGN580NABC540211 | H4: 6.5 | I4: L/h | J4: =IF(OR(ISBLANK(F4), F4=""), 'Cálculo Rendimiento'!$B$5, 'Cálculo Rendimiento'!$B$3 - F4) | K4: =IF(I4="km/L", H4 / (1 + (J4 * 'Cálculo Rendimiento'!$B$4)), H4 * (1 + (J4 * 'Cálculo Rendimiento'!$B$4)))
A5: 2 | B5: RETROEXCAVADORA | D5: JHONDEREE | E5: 310 K | F5: 2010 | G5: 1T0231KXTEE258108 | H5: 6.5 | I5: L/h | J5: =IF(OR(ISBLANK(F5), F5=""), 'Cálculo Rendimiento'!$B$5, 'Cálculo Rendimiento'!$B$3 - F5) | K5: =IF(I5="km/L", H5 / (1 + (J5 * 'Cálculo Rendimiento'!$B$4)), H5 * (1 + (J5 * 'Cálculo Rendimiento'!$B$4)))
A6: 3 | B6: RETROEXCAVADORA | C6: TRITURADORA ROCA DURA SAN MIGUEL S.A. DE C.V. | D6: CASE | E6: 580 N | F6: 2010 | G6: JJGN58NHAC535026 | H6: 6.5 | I6: L/h | J6: =IF(OR(ISBLANK(F6), F6=""), 'Cálculo Rendimiento'!$B$5, 'Cálculo Rendimiento'!$B$3 - F6) | K6: =IF(I6="km/L", H6 / (1 + (J6 * 'Cálculo Rendimiento'!$B$4)), H6 * (1 + (J6 * 'Cálculo Rendimiento'!$B$4)))
A7: 4 | B7: PAVIMENTADORA | C7: JDJ EQUIPO Y CONSTRUCCIONES S.A. DE C.V. | D7: VOGELE | E7: 1800-3 i | F7: 2016 | G7: 14821687 | H7: 14.5 | I7: L/h | J7: =IF(OR(ISBLANK(F7), F7=""), 'Cálculo Rendimiento'!$B$5, 'Cálculo Rendimiento'!$B$3 - F7) | K7: =IF(I7="km/L", H7 / (1 + (J7 * 'Cálculo Rendimiento'!$B$4)), H7 * (1 + (J7 * 'Cálculo Rendimiento'!$B$4)))
A8: 5 | B8: PAVIMENTADORA | C8: TRITURADORA ROCA DURA SAN MIGUEL S.A. DE C.V. | D8: VOGELE | E8: 1800-2 SJ | F8: 2009 | G8: 11821564 | H8: 14.5 | I8: L/h | J8: =IF(OR(ISBLANK(F8), F8=""), 'Cálculo Rendimiento'!$B$5, 'Cálculo Rendimiento'!$B$3 - F8) | K8: =IF(I8="km/L", H8 / (1 + (J8 * 'Cálculo Rendimiento'!$B$4)), H8 * (1 + (J8 * 'Cálculo Rendimiento'!$B$4)))
A9: 6 | B9: PAVIMENTADORA | C9: JDJ EQUIPO Y CONSTRUCCIONES S.A. DE C.V. | D9: VOGELE | E9: SJ 1800-3 | F9: 2021 | G9: 14823977 | H9: 14.5 | I9: L/h | J9: =IF(OR(ISBLANK(F9), F9=""), 'Cálculo Rendimiento'!$B$5, 'Cálculo Rendimiento'!$B$3 - F9) | K9: =IF(I9="km/L", H9 / (1 + (J9 * 'Cálculo Rendimiento'!$B$4)), H9 * (1 + (J9 * 'Cálculo Rendimiento'!$B$4)))
A10: 7 | B10: PERFILADORA | C10: JDJ EQUIPO Y CONSTRUCCIONES S.A. DE C.V. | D10: RODATEC | E10: RX600-4-4008 | F10: 2015 | G10: 79816538 | H10: 65 | I10: L/h | J10: =IF(OR(ISBLANK(F10), F10=""), 'Cálculo Rendimiento'!$B$5, 'Cálculo Rendimiento'!$B$3 - F10) | K10: =IF(I10="km/L", H10 / (1 + (J10 * 'Cálculo Rendimiento'!$B$4)), H10 * (1 + (J10 * 'Cálculo Rendimiento'!$B$4)))
A11: 8 | B11: PERFILADORA | D11: RODATEC | E11: RX600E | F11: 2013 | G11: 79549560 | H11: 65 | I11: L/h | J11: =IF(OR(ISBLANK(F11), F11=""), 'Cálculo Rendimiento'!$B$5, 'Cálculo Rendimiento'!$B$3 - F11) | K11: =IF(I11="km/L", H11 / (1 + (J11 * 'Cálculo Rendimiento'!$B$4)), H11 * (1 + (J11 * 'Cálculo Rendimiento'!$B$4)))
A12: 9 | B12: BARREDORA | C12: JDJ EQUIPO Y CONSTRUCCIONES S.A. DE C.V. | D12: BROCE | E12: RJ350 | F12: 2010 | G12: 89602 | H12: 7.5 | I12: L/h | J12: =IF(OR(ISBLANK(F12), F12=""), 'Cálculo Rendimiento'!$B$5, 'Cálculo Rendimiento'!$B$3 - F12) | K12: =IF(I12="km/L", H12 / (1 + (J12 * 'Cálculo Rendimiento'!$B$4)), H12 * (1 + (J12 * 'Cálculo Rendimiento'!$B$4)))
A13: 10 | B13: BARREDORA | C13: TRITURADORA ROCA DURA SAN MIGUEL S.A. DE C.V. | D13: LAYMOR | E13: SM400 | F13: 2016 | G13: 36864 | H13: 7.5 | I13: L/h | J13: =IF(OR(ISBLANK(F13), F13=""), 'Cálculo Rendimiento'!$B$5, 'Cálculo Rendimiento'!$B$3 - F13) | K13: =IF(I13="km/L", H13 / (1 + (J13 * 'Cálculo Rendimiento'!$B$4)), H13 * (1 + (J13 * 'Cálculo Rendimiento'!$B$4)))
A14: 11 | B14: BARREDORA | D14: SUPERIOR BROOM | E14: DT80J | F14: 2015 | G14: 804108 | H14: 7.5 | I14: L/h | J14: =IF(OR(ISBLANK(F14), F14=""), 'Cálculo Rendimiento'!$B$5, 'Cálculo Rendimiento'!$B$3 - F14) | K14: =IF(I14="km/L", H14 / (1 + (J14 * 'Cálculo Rendimiento'!$B$4)), H14 * (1 + (J14 * 'Cálculo Rendimiento'!$B$4)))
A15: 12 | B15: BARREDORA | C15: JDJ EQUIPO Y CONSTRUCCIONES S.A. DE C.V. | D15: LAYMOR | E15: SM400 | F15: 2017 | G15: 34091 | H15: 7.5 | I15: L/h | J15: =IF(OR(ISBLANK(F15), F15=""), 'Cálculo Rendimiento'!$B$5, 'Cálculo Rendimiento'!$B$3 - F15) | K15: =IF(I15="km/L", H15 / (1 + (J15 * 'Cálculo Rendimiento'!$B$4)), H15 * (1 + (J15 * 'Cálculo Rendimiento'!$B$4)))
A16: 13 | B16: DOBLE RODILLO/VIBROCOMPACTADOR DE RODILLOS | C16: TRITURADORA ROCA DURA SAN MIGUEL S.A. DE C.V. | D16: HAMM | E16: 120HD VV | F16: 2010 | G16: H1840093 | H16: 12 | I16: L/h | J16: =IF(OR(ISBLANK(F16), F16=""), 'Cálculo Rendimiento'!$B$5, 'Cálculo Rendimiento'!$B$3 - F16) | K16: =IF(I16="km/L", H16 / (1 + (J16 * 'Cálculo Rendimiento'!$B$4)), H16 * (1 + (J16 * 'Cálculo Rendimiento'!$B$4)))
A17: 14 | B17: DOBLE RODILLO/VIBROCOMPACTADOR DE RODILLOS | C17: JDJ EQUIPO Y CONSTRUCCIONES S.A. DE C.V. | D17: HAMM | E17: 140HD | F17: 2010 | G17: H1840234 | H17: 12 | I17: L/h | J17: =IF(OR(ISBLANK(F17), F17=""), 'Cálculo Rendimiento'!$B$5, 'Cálculo Rendimiento'!$B$3 - F17) | K17: =IF(I17="km/L", H17 / (1 + (J17 * 'Cálculo Rendimiento'!$B$4)), H17 * (1 + (J17 * 'Cálculo Rendimiento'!$B$4)))
A18: 15 | B18: TANDEM DOBLE RODILLO / VIBROCOMPACTOR RODILLO | C18: TRITURADORA ROCA DURA SAN MIGUEL S.A. DE C.V. | D18: CAT | E18: CB54 | F18: 2014 | G18: CAT0CB54PJLM00895 | H18: 12 | I18: L/h | J18: =IF(OR(ISBLANK(F18), F18=""), 'Cálculo Rendimiento'!$B$5, 'Cálculo Rendimiento'!$B$3 - F18) | K18: =IF(I18="km/L", H18 / (1 + (J18 * 'Cálculo Rendimiento'!$B$4)), H18 * (1 + (J18 * 'Cálculo Rendimiento'!$B$4)))
A19: 16 | B19: VIBROCOMPACTADOR | C19: JDJ EQUIPO Y CONSTRUCCIONES S.A. DE C.V. | D19: CATERPILLAR | E19: CB66B | F19: 2017 | G19: CATCB66BVB6600136 | H19: 12 | I19: L/h | J19: =IF(OR(ISBLANK(F19), F19=""), 'Cálculo Rendimiento'!$B$5, 'Cálculo Rendimiento'!$B$3 - F19) | K19: =IF(I19="km/L", H19 / (1 + (J19 * 'Cálculo Rendimiento'!$B$4)), H19 * (1 + (J19 * 'Cálculo Rendimiento'!$B$4)))
A20: 17 | B20: NEUMATICO / COMPACTADOR DE NEUMATICOS | C20: TRITURADORA ROCA DURA SAN MIGUEL S.A. DE C.V. | D20: DINAPAC | E20: CP271 | F20: 2010 | G20: 23620561 | H20: 9.5 | I20: L/h | J20: =IF(OR(ISBLANK(F20), F20=""), 'Cálculo Rendimiento'!$B$5, 'Cálculo Rendimiento'!$B$3 - F20) | K20: =IF(I20="km/L", H20 / (1 + (J20 * 'Cálculo Rendimiento'!$B$4)), H20 * (1 + (J20 * 'Cálculo Rendimiento'!$B$4)))
A21: 18 | B21: NEUMATICO | C21: JDJ EQUIPO Y CONSTRUCCIONES S.A. DE C.V. | D21: VOLVO | E21: PT-240R | F21: 2014 | G21: VCE0T240A0S325028 | H21: 9.5 | I21: L/h | J21: =IF(OR(ISBLANK(F21), F21=""), 'Cálculo Rendimiento'!$B$5, 'Cálculo Rendimiento'!$B$3 - F21) | K21: =IF(I21="km/L", H21 / (1 + (J21 * 'Cálculo Rendimiento'!$B$4)), H21 * (1 + (J21 * 'Cálculo Rendimiento'!$B$4)))
A22: 19 | B22: COMPRESOR | D22: SULLIVAN PALATEK | E22: D2010 | F22: 2017 | G22: PHD25B330551 | H22: 9 | I22: L/h | J22: =IF(OR(ISBLANK(F22), F22=""), 'Cálculo Rendimiento'!$B$5, 'Cálculo Rendimiento'!$B$3 - F22) | K22: =IF(I22="km/L", H22 / (1 + (J22 * 'Cálculo Rendimiento'!$B$4)), H22 * (1 + (J22 * 'Cálculo Rendimiento'!$B$4)))
A23: 20 | B23: COMPRESOR | D23: SULLIVAN PALATEK | E23: D2010 | F23: 2017 | G23: PHD25B330552 | H23: 9 | I23: L/h | J23: =IF(OR(ISBLANK(F23), F23=""), 'Cálculo Rendimiento'!$B$5, 'Cálculo Rendimiento'!$B$3 - F23) | K23: =IF(I23="km/L", H23 / (1 + (J23 * 'Cálculo Rendimiento'!$B$4)), H23 * (1 + (J23 * 'Cálculo Rendimiento'!$B$4)))
A24: 21 | B24: RETROEXCAVADORA | D24: CASE | E24: 420DN | G24: CAT0420DTFDP27091 | H24: 6.5 | I24: L/h | J24: =IF(OR(ISBLANK(F24), F24=""), 'Cálculo Rendimiento'!$B$5, 'Cálculo Rendimiento'!$B$3 - F24) | K24: =IF(I24="km/L", H24 / (1 + (J24 * 'Cálculo Rendimiento'!$B$4)), H24 * (1 + (J24 * 'Cálculo Rendimiento'!$B$4)))
A25: 22 | B25: BARREDORA | D25: BROCE BROOM | E25: KR350 | G25: 407123 | H25: 7.5 | I25: L/h | J25: =IF(OR(ISBLANK(F25), F25=""), 'Cálculo Rendimiento'!$B$5, 'Cálculo Rendimiento'!$B$3 - F25) | K25: =IF(I25="km/L", H25 / (1 + (J25 * 'Cálculo Rendimiento'!$B$4)), H25 * (1 + (J25 * 'Cálculo Rendimiento'!$B$4)))
A26: 23 | B26: RETROEXCAVADORA | D26: JHONDEREE | E26: 310SK | G26: 1T0310SKAEE262172 | H26: 6.5 | I26: L/h | J26: =IF(OR(ISBLANK(F26), F26=""), 'Cálculo Rendimiento'!$B$5, 'Cálculo Rendimiento'!$B$3 - F26) | K26: =IF(I26="km/L", H26 / (1 + (J26 * 'Cálculo Rendimiento'!$B$4)), H26 * (1 + (J26 * 'Cálculo Rendimiento'!$B$4)))
A27: 24 | B27: BARREDORA | D27: BROCE BROOM | E27: KR350 | G27: 408531 | H27: 7.5 | I27: L/h | J27: =IF(OR(ISBLANK(F27), F27=""), 'Cálculo Rendimiento'!$B$5, 'Cálculo Rendimiento'!$B$3 - F27) | K27: =IF(I27="km/L", H27 / (1 + (J27 * 'Cálculo Rendimiento'!$B$4)), H27 * (1 + (J27 * 'Cálculo Rendimiento'!$B$4)))
A28: 25 | B28: DOBLE RODILLO | D28: INGERSOLL RAND | E28: DD-108HF | G28: 189989 | H28: 12 | I28: L/h | J28: =IF(OR(ISBLANK(F28), F28=""), 'Cálculo Rendimiento'!$B$5, 'Cálculo Rendimiento'!$B$3 - F28) | K28: =IF(I28="km/L", H28 / (1 + (J28 * 'Cálculo Rendimiento'!$B$4)), H28 * (1 + (J28 * 'Cálculo Rendimiento'!$B$4)))
A29: 26 | B29: TRASFER BUGGI | D29: RODATEC | G29: CB-2500B 538 | H29: 30 | I29: L/h | J29: =IF(OR(ISBLANK(F29), F29=""), 'Cálculo Rendimiento'!$B$5, 'Cálculo Rendimiento'!$B$3 - F29) | K29: =IF(I29="km/L", H29 / (1 + (J29 * 'Cálculo Rendimiento'!$B$4)), H29 * (1 + (J29 * 'Cálculo Rendimiento'!$B$4)))
A30: 27 | B30: IMPACTO | C30: JDJ EQUIPO Y CONSTRUCCIONES S.A. DE C.V. | D30: FORD | E30: 4300 | F30: 2013 | G30: 1HTMMAAL2DH158631 | H30: 3.5 | I30: km/L | J30: =IF(OR(ISBLANK(F30), F30=""), 'Cálculo Rendimiento'!$B$5, 'Cálculo Rendimiento'!$B$3 - F30) | K30: =IF(I30="km/L", H30 / (1 + (J30 * 'Cálculo Rendimiento'!$B$4)), H30 * (1 + (J30 * 'Cálculo Rendimiento'!$B$4)))
A31: 28 | B31: IMPACTO | C31: JDJ EQUIPO Y CONSTRUCCIONES S.A. DE C.V. | D31: FORD | E31: F800 | F31: 1998 | G31: 1FDNF80C7WVA19892 | H31: 3.5 | I31: km/L | J31: =IF(OR(ISBLANK(F31), F31=""), 'Cálculo Rendimiento'!$B$5, 'Cálculo Rendimiento'!$B$3 - F31) | K31: =IF(I31="km/L", H31 / (1 + (J31 * 'Cálculo Rendimiento'!$B$4)), H31 * (1 + (J31 * 'Cálculo Rendimiento'!$B$4)))
A32: 29 | B32: PETROLIZADORA (IMPACTO 04) | C32: JDJ EQUIPO Y CONSTRUCCIONES S.A. DE C.V. | D32: FORD | E32: F800 | F32: 1998 | G32: 1FDNF80C2WVA22179 | H32: 10 | I32: L/h | J32: =IF(OR(ISBLANK(F32), F32=""), 'Cálculo Rendimiento'!$B$5, 'Cálculo Rendimiento'!$B$3 - F32) | K32: =IF(I32="km/L", H32 / (1 + (J32 * 'Cálculo Rendimiento'!$B$4)), H32 * (1 + (J32 * 'Cálculo Rendimiento'!$B$4)))
A33: 30 | B33: PETROLIZADORA | D33: INTERNATIONAL | F33: 2003 | G33: 3HTMMAAR830567 | H33: 10 | I33: L/h | J33: =IF(OR(ISBLANK(F33), F33=""), 'Cálculo Rendimiento'!$B$5, 'Cálculo Rendimiento'!$B$3 - F33) | K33: =IF(I33="km/L", H33 / (1 + (J33 * 'Cálculo Rendimiento'!$B$4)), H33 * (1 + (J33 * 'Cálculo Rendimiento'!$B$4)))
A34: 31 | B34: PIPA DE AGUA (IMPACTO 01) | C34: JDJ EQUIPO Y CONSTRUCCIONES S.A. DE C.V. | D34: FORD | G34: 1FDYR80U0GVA15942 | H34: 3.5 | I34: km/L | J34: =IF(OR(ISBLANK(F34), F34=""), 'Cálculo Rendimiento'!$B$5, 'Cálculo Rendimiento'!$B$3 - F34) | K34: =IF(I34="km/L", H34 / (1 + (J34 * 'Cálculo Rendimiento'!$B$4)), H34 * (1 + (J34 * 'Cálculo Rendimiento'!$B$4)))
A35: 32 | B35: DOBLE RODILLO | D35: RAD ROLLER | E35: FILY-325 PRO | G35: LD600JN2026012501 | H35: 12 | I35: L/h | J35: =IF(OR(ISBLANK(F35), F35=""), 'Cálculo Rendimiento'!$B$5, 'Cálculo Rendimiento'!$B$3 - F35) | K35: =IF(I35="km/L", H35 / (1 + (J35 * 'Cálculo Rendimiento'!$B$4)), H35 * (1 + (J35 * 'Cálculo Rendimiento'!$B$4)))

Sheet Cálculo Rendimiento
A1: CÁLCULO DE RENDIMIENTOS AJUSTADOS POR DESGASTE Y TIEMPO
A3: Año Actual de Auditoría: | B3: 2026
A4: Tasa de Desgaste Anual (T): | B4: 0.01
A5: Edad Promedio Default: | B5: 10
A7: EXPLICACIÓN DE FÓRMULAS
A9: 1. Edad del Equipo (Años):
A10: Calculada como: [Año Auditoría] - [Año de Fabricación].
A11: Si el año es desconocido (nulo), se asume la Edad Promedio Default (10 años).
A13: 2. Maquinaria Medida en Horas (L/h):
A14: A mayor edad, se incrementa el consumo de combustible por desgaste mecánico:
A15: Fórmula: [Rendimiento Nuevo] * (1 + (Edad * Tasa de Desgaste))
A17: 3. Transporte y Soporte Medido en Kilómetros (km/L):
A18: A mayor edad, se reduce el rendimiento en distancia recorrida por litro:
A19: Fórmula: [Rendimiento Nuevo] / (1 + (Edad * Tasa de Desgaste))
A21: NOTA DE AUDITORÍA:
A22: El desgaste anual del 1.0% anual es el estándar industrial recomendado para maquinaria pesada.
... A24: identificar desvíos de combustible reales sin castigar a los equipos de mayor antigüedad.
