Workbook

Sheet MEZCLA
C2: OBRA: | D2: AUTOPISTA LERMA-TRES MARIAS
C3: SEMANA: | D3: 25
C4: MATERIAL: | D4: MEZCLA
A6: SEM | B6: NO | C6: FOLIO | D6: FECHA | E6: VIAJES | F6: MATERIAL | G6: PLACAS | H6: CAPACIDAD (M3) | I6: PESO TOTAL (KG) | J6: OPERADOR | K6: SINDICATO | L6: KM INICIO | M6: KM FINAL | N6: KM ACARREO POR VIAJE | O6: OBSERVACIONES | P6: PU | Q6: SUBTOTAL | R6: IVA | S6: TOTAL
A7: 25 | B7: 1 | C7: 83 | D7: 46188 | E7: 1 | F7: PROTOCOLO AMAAC III | G7: HG5343F | H7: 14 | I7: 24270 | J7: JOSE MARIA | K7: EMULSIONES Y ASFALTOS JORGE | L7: 6+290 | M7: 6+442 | N7: 28 | P7: 6280 | Q7: =MEZCLA!$P7*MEZCLA!$E7 -> 6280 | R7: =MEZCLA!$Q7*16% -> 1004.8 | S7: =MEZCLA!$Q7+MEZCLA!$R7 -> 7284.8
A8: 25 | B8: 2 | C8: 84 | D8: 46188 | E8: 1 | F8: PROTOCOLO AMAAC III | G8: HC1924G | H8: 14 | I8: 25180 | J8: HECTOR PIÑA | K8: EMULSIONES Y ASFALTOS JORGE | L8: 6+290 | M8: 6+442 | N8: 28 | P8: 6280 | Q8: =MEZCLA!$P8*MEZCLA!$E8 -> 6280 | R8: =MEZCLA!$Q8*16% -> 1004.8 | S8: =MEZCLA!$Q8+MEZCLA!$R8 -> 7284.8
A9: 25 | B9: 3 | C9: 85 | D9: 46188 | E9: 1 | F9: PROTOCOLO AMAAC III | G9: NG9783D | H9: 14 | I9: 25310 | J9: MANUEL DE LA CRUZ | K9: EMULSIONES Y ASFALTOS JORGE | L9: 6+290 | M9: 6+442 | N9: 28 | P9: 6280 | Q9: =MEZCLA!$P9*MEZCLA!$E9 -> 6280 | R9: =MEZCLA!$Q9*16% -> 1004.8 | S9: =MEZCLA!$Q9+MEZCLA!$R9 -> 7284.8
A10: 25 | B10: 4 | C10: 86 | D10: 46188 | E10: 1 | F10: PROTOCOLO AMAAC III | G10: 464AJ2 | H10: 14 | I10: 24830 | J10: CARLOS VALDES | K10: EMULSIONES Y ASFALTOS JORGE | L10: 6+290 | M10: 6+442 | N10: 28 | P10: 6280 | Q10: =MEZCLA!$P10*MEZCLA!$E10 -> 6280 | R10: =MEZCLA!$Q10*16% -> 1004.8 | S10: =MEZCLA!$Q10+MEZCLA!$R10 -> 7284.8
A11: 25 | B11: 5 | C11: 89 | D11: 46188 | E11: 1 | F11: PROTOCOLO AMAAC III | G11: HA6315A | H11: 14 | I11: 20480 | J11: JUAN CARLOS ARIAS | K11: EMULSIONES Y ASFALTOS JORGE | L11: 6+290 | M11: 6+442 | N11: 22 | P11: 6280 | Q11: =MEZCLA!$P11*MEZCLA!$E11 -> 6280 | R11: =MEZCLA!$Q11*16% -> 1004.8 | S11: =MEZCLA!$Q11+MEZCLA!$R11 -> 7284.8
A12: 25 | B12: 6 | C12: 90 | D12: 46188 | E12: 1 | F12: PROTOCOLO AMAAC III | G12: 511AN4 | H12: 14 | I12: 25190 | J12: ADAN LOPEZ | K12: EMULSIONES Y ASFALTOS JORGE | L12: 6+290 | M12: 6+442 | N12: 22 | P12: 6280 | Q12: =MEZCLA!$P12*MEZCLA!$E12 -> 6280 | R12: =MEZCLA!$Q12*16% -> 1004.8 | S12: =MEZCLA!$Q12+MEZCLA!$R12 -> 7284.8
A13: 25 | B13: 7 | C13: 91 | D13: 46188 | E13: 1 | F13: PROTOCOLO AMAAC III | G13: 52BM3K | H13: 14 | I13: 24390 | J13: MAURICIO HERNANDEZ | K13: EMULSIONES Y ASFALTOS JORGE | L13: 6+290 | M13: 6+442 | N13: 22 | P13: 6280 | Q13: =MEZCLA!$P13*MEZCLA!$E13 -> 6280 | R13: =MEZCLA!$Q13*16% -> 1004.8 | S13: =MEZCLA!$Q13+MEZCLA!$R13 -> 7284.8
A14: 25 | B14: 8 | C14: 92 | D14: 46188 | E14: 1 | F14: PROTOCOLO AMAAC III | G14: 48BA2X | H14: 14 | I14: 24890 | J14: SAUL SANCHEZ | K14: EMULSIONES Y ASFALTOS JORGE | L14: 6+290 | M14: 6+442 | N14: 22 | P14: 6280 | Q14: =MEZCLA!$P14*MEZCLA!$E14 -> 6280 | R14: =MEZCLA!$Q14*16% -> 1004.8 | S14: =MEZCLA!$Q14+MEZCLA!$R14 -> 7284.8
A15: 25 | B15: 9 | C15: 100 | D15: 46188 | E15: 1 | F15: PROTOCOLO AMAAC III | G15: HG5343F | H15: 14 | I15: 16280 | J15: JOSE MARIA | K15: EMULSIONES Y ASFALTOS JORGE | L15: 6+290 | M15: 6+442 | N15: 22 | P15: 6280 | Q15: =MEZCLA!$P15*MEZCLA!$E15 -> 6280 | R15: =MEZCLA!$Q15*16% -> 1004.8 | S15: =MEZCLA!$Q15+MEZCLA!$R15 -> 7284.8
A16: 25 | B16: 10 | C16: 113 | D16: 46189 | E16: 1 | F16: PROTOCOLO AMAAC III | G16: NG9783D | H16: 14 | I16: 25820 | J16: MANUEL DE LA CRUZ | K16: EMULSIONES Y ASFALTOS JORGE | L16: 6+550 | M16: 6+585 | N16: 22 | P16: 6280 | Q16: =MEZCLA!$P16*MEZCLA!$E16 -> 6280 | R16: =MEZCLA!$Q16*16% -> 1004.8 | S16: =MEZCLA!$Q16+MEZCLA!$R16 -> 7284.8
A17: 25 | B17: 11 | C17: 114 | D17: 46189 | E17: 1 | F17: PROTOCOLO AMAAC III | G17: 464AJ2 | H17: 14 | I17: 25620 | J17: CARLOS VALDES | K17: EMULSIONES Y ASFALTOS JORGE | L17: 6+550 | M17: 6+585 | N17: 22 | P17: 6280 | Q17: =MEZCLA!$P17*MEZCLA!$E17 -> 6280 | R17: =MEZCLA!$Q17*16% -> 1004.8 | S17: =MEZCLA!$Q17+MEZCLA!$R17 -> 7284.8
A18: 25 | B18: 12 | C18: 115 | D18: 46189 | E18: 1 | F18: PROTOCOLO AMAAC III | G18: HA6315A | H18: 14 | I18: 22430 | J18: JUAN CARLOS ARIAS | K18: EMULSIONES Y ASFALTOS JORGE | L18: 6+756 | M18: 6+771 | N18: 22 | P18: 6280 | Q18: =MEZCLA!$P18*MEZCLA!$E18 -> 6280 | R18: =MEZCLA!$Q18*16% -> 1004.8 | S18: =MEZCLA!$Q18+MEZCLA!$R18 -> 7284.8
... A45: 25 | B45: 39 | C45: 189 | D45: 46192 | E45: 1 | F45: PROTOCOLO AMAAC III | G45: HG5343F | H45: 14 | I45: 24210 | J45: JOSE MARIA | K45: EMULSIONES Y ASFALTOS JORGE | L45: 11+250 | M45: 11+294 | N45: 48 | P45: 6280 | Q45: =MEZCLA!$P45*MEZCLA!$E45 -> 6280 | R45: =MEZCLA!$Q45*16% -> 1004.8 | S45: =MEZCLA!$Q45+MEZCLA!$R45 -> 7284.8
A46: 25 | Q46: =MEZCLA!$P46*MEZCLA!$E46 -> 0 | R46: =MEZCLA!$Q46*16% -> 0 | S46: =MEZCLA!$Q46+MEZCLA!$R46 -> 0
A47: 25 | Q47: =MEZCLA!$P47*MEZCLA!$E47 -> 0 | R47: =MEZCLA!$Q47*16% -> 0 | S47: =MEZCLA!$Q47+MEZCLA!$R47 -> 0
A48: 25 | Q48: =MEZCLA!$P48*MEZCLA!$E48 -> 0 | R48: =MEZCLA!$Q48*16% -> 0 | S48: =MEZCLA!$Q48+MEZCLA!$R48 -> 0
A49: 25 | Q49: =MEZCLA!$P49*MEZCLA!$E49 -> 0 | R49: =MEZCLA!$Q49*16% -> 0 | S49: =MEZCLA!$Q49+MEZCLA!$R49 -> 0
A50: 25 | Q50: =MEZCLA!$P50*MEZCLA!$E50 -> 0 | R50: =MEZCLA!$Q50*16% -> 0 | S50: =MEZCLA!$Q50+MEZCLA!$R50 -> 0
A51: 25 | Q51: =MEZCLA!$P51*MEZCLA!$E51 -> 0 | R51: =MEZCLA!$Q51*16% -> 0 | S51: =MEZCLA!$Q51+MEZCLA!$R51 -> 0
A52: 25 | Q52: =MEZCLA!$P52*MEZCLA!$E52 -> 0 | R52: =MEZCLA!$Q52*16% -> 0 | S52: =MEZCLA!$Q52+MEZCLA!$R52 -> 0
A53: 25 | Q53: =MEZCLA!$P53*MEZCLA!$E53 -> 0 | R53: =MEZCLA!$Q53*16% -> 0 | S53: =MEZCLA!$Q53+MEZCLA!$R53 -> 0
A54: 25 | Q54: =MEZCLA!$P54*MEZCLA!$E54 -> 0 | R54: =MEZCLA!$Q54*16% -> 0 | S54: =MEZCLA!$Q54+MEZCLA!$R54 -> 0
A55: 25 | Q55: =MEZCLA!$P55*MEZCLA!$E55 -> 0 | R55: =MEZCLA!$Q55*16% -> 0 | S55: =MEZCLA!$Q55+MEZCLA!$R55 -> 0
A56: 25 | Q56: =MEZCLA!$P56*MEZCLA!$E56 -> 0 | R56: =MEZCLA!$Q56*16% -> 0 | S56: =MEZCLA!$Q56+MEZCLA!$R56 -> 0
A57: 25 | Q57: =MEZCLA!$P57*MEZCLA!$E57 -> 0 | R57: =MEZCLA!$Q57*16% -> 0 | S57: =MEZCLA!$Q57+MEZCLA!$R57 -> 0
... A61: 55 | Q61: =MEZCLA!$P61*MEZCLA!$E61 -> 0 | R61: =MEZCLA!$Q61*16% -> 0 | S61: =MEZCLA!$Q61+MEZCLA!$R61 -> 0
A62: TOTAL | E62: =SUBTOTAL(109,MEZCLA!$E$7:$E$61) -> 39 | H62: =SUBTOTAL(109,MEZCLA!$H$7:$H$61) -> 546 | Q62: =SUBTOTAL(109,MEZCLA!$Q$7:$Q$61) -> 244920 | R62: =SUBTOTAL(109,MEZCLA!$R$7:$R$61) -> 39187.2 | S62: =SUBTOTAL(109,MEZCLA!$S$7:$S$61) -> 284107.2
C114: 1
C115: 1

Sheet FRESADO
C2: OBRA: | D2: LERMA-TRES MARIAS
C3: SEMANA: | D3: 25
C4: MATERIAL: | D4: FRESADO
A6: SEM | B6: NO | C6: FOLIO | D6: FECHA | E6: VIAJES | F6: MATERIAL | G6: PLACAS | H6: CAPACIDAD | I6: UNIDAD | J6: OPERADOR | K6: SINDICATO | L6: KM INICIA | M6: KM TERMINA | N6: TIRO | O6: CPO | P6: CARRIL | Q6: OBSERVACIONES | R6: PU | S6: SUBTOTAL | T6: IVA | U6: TOTAL
A7: 25 | B7: 1 | C7: 5808 | D7: 46188 | E7: 1 | F7: FRESADO | G7: HB-9873-H | H7: 14 | I7: M³ | J7: CIRILO GARCIA | K7: EMULSIONES Y ASFALTOS JORGE | L7: 6+290 | M7: 6+442 | N7: PUNTO ASIGNADO POR EL CLIENTE | O7: 1 | P7: UNICO | R7: 7000 | S7: =FRESADO!$R7*FRESADO!$E7 -> 7000 | T7: =FRESADO!$S7*16% -> 1120 | U7: =FRESADO!$S7+FRESADO!$T7 -> 8120
A8: 25 | B8: 2 | C8: 5809 | D8: 46188 | E8: 1 | F8: FRESADO | G8: HG-2412-G | H8: 14 | I8: M³ | J8: ALEXANDER MALVAEZ | K8: EMULSIONES Y ASFALTOS JORGE | L8: 6+290 | M8: 6+442 | N8: PUNTO ASIGNADO POR EL CLIENTE | O8: 1 | P8: UNICO | R8: 7000 | S8: =FRESADO!$R8*FRESADO!$E8 -> 7000 | T8: =FRESADO!$S8*16% -> 1120 | U8: =FRESADO!$S8+FRESADO!$T8 -> 8120
A9: 25 | B9: 3 | C9: 5810 | D9: 46188 | E9: 1 | F9: FRESADO | G9: NT-2814-C | H9: 14 | I9: M³ | J9: GIOVANI CONTRERAS | K9: EMULSIONES Y ASFALTOS JORGE | L9: 6+290 | M9: 6+442 | N9: PUNTO ASIGNADO POR EL CLIENTE | O9: 1 | P9: UNICO | R9: 7000 | S9: =FRESADO!$R9*FRESADO!$E9 -> 7000 | T9: =FRESADO!$S9*16% -> 1120 | U9: =FRESADO!$S9+FRESADO!$T9 -> 8120
A10: 25 | B10: 4 | C10: 5811 | D10: 46188 | E10: 1 | F10: FRESADO | G10: 87-A2-GY | H10: 14 | I10: M³ | J10: MARTIN MALVAEZ | K10: EMULSIONES Y ASFALTOS JORGE | L10: 6+290 | M10: 6+442 | N10: PUNTO ASIGNADO POR EL CLIENTE | O10: 1 | P10: UNICO | R10: 7000 | S10: =FRESADO!$R10*FRESADO!$E10 -> 7000 | T10: =FRESADO!$S10*16% -> 1120 | U10: =FRESADO!$S10+FRESADO!$T10 -> 8120
A11: 25 | B11: 5 | C11: 5812 | D11: 46188 | E11: 1 | F11: FRESADO | G11: HB-9873-H | H11: 14 | I11: M³ | J11: CIRILO GARCIA | K11: EMULSIONES Y ASFALTOS JORGE | L11: 6+290 | M11: 6+442 | N11: PUNTO ASIGNADO POR EL CLIENTE | O11: 1 | P11: UNICO | R11: 7000 | S11: =FRESADO!$R11*FRESADO!$E11 -> 7000 | T11: =FRESADO!$S11*16% -> 1120 | U11: =FRESADO!$S11+FRESADO!$T11 -> 8120
A12: 25 | B12: 6 | C12: 5813 | D12: 46188 | E12: 1 | F12: FRESADO | G12: HG-2412-G | H12: 14 | I12: M³ | J12: ALEXANDER MALVAEZ | K12: EMULSIONES Y ASFALTOS JORGE | L12: 6+290 | M12: 6+442 | N12: PUNTO ASIGNADO POR EL CLIENTE | O12: 1 | P12: UNICO | R12: 7000 | S12: =FRESADO!$R12*FRESADO!$E12 -> 7000 | T12: =FRESADO!$S12*16% -> 1120 | U12: =FRESADO!$S12+FRESADO!$T12 -> 8120
A13: 25 | B13: 7 | C13: 5814 | D13: 46188 | E13: 1 | F13: FRESADO | G13: NT-2814-C | H13: 14 | I13: M³ | J13: GIOVANI CONTRERAS | K13: EMULSIONES Y ASFALTOS JORGE | L13: 6+290 | M13: 6+442 | N13: PUNTO ASIGNADO POR EL CLIENTE | O13: 1 | P13: UNICO | R13: 7000 | S13: =FRESADO!$R13*FRESADO!$E13 -> 7000 | T13: =FRESADO!$S13*16% -> 1120 | U13: =FRESADO!$S13+FRESADO!$T13 -> 8120
A14: 25 | B14: 8 | C14: 5815 | D14: 46188 | E14: 1 | F14: FRESADO | G14: 87-A2-GY | H14: 14 | I14: M³ | J14: MARTIN MALVAEZ | K14: EMULSIONES Y ASFALTOS JORGE | L14: 6+290 | M14: 6+442 | N14: PUNTO ASIGNADO POR EL CLIENTE | O14: 1 | P14: UNICO | R14: 7000 | S14: =FRESADO!$R14*FRESADO!$E14 -> 7000 | T14: =FRESADO!$S14*16% -> 1120 | U14: =FRESADO!$S14+FRESADO!$T14 -> 8120
A15: 25 | B15: 9 | C15: 5816 | D15: 46188 | E15: 1 | F15: FRESADO | G15: HB-9873-H | H15: 14 | I15: M³ | J15: CIRILO GARCIA | K15: EMULSIONES Y ASFALTOS JORGE | L15: 6+290 | M15: 6+442 | N15: PUNTO ASIGNADO POR EL CLIENTE | O15: 1 | P15: UNICO | R15: 7000 | S15: =FRESADO!$R15*FRESADO!$E15 -> 7000 | T15: =FRESADO!$S15*16% -> 1120 | U15: =FRESADO!$S15+FRESADO!$T15 -> 8120
A16: 25 | B16: 10 | C16: 5817 | D16: 46188 | E16: 1 | F16: LIMPIEZA | G16: HG-2412-G | H16: 14 | I16: M³ | J16: ALEXANDER MALVAEZ | K16: EMULSIONES Y ASFALTOS JORGE | L16: 6+290 | M16: 6+442 | N16: PUNTO ASIGNADO POR EL CLIENTE | O16: 1 | P16: UNICO | R16: 7000 | S16: =FRESADO!$R16*FRESADO!$E16 -> 7000 | T16: =FRESADO!$S16*16% -> 1120 | U16: =FRESADO!$S16+FRESADO!$T16 -> 8120
A17: 25 | B17: 11 | C17: 5818 | D17: 46189 | E17: 1 | F17: FRESADO | G17: HB-9873-H | H17: 14 | I17: M³ | J17: CIRILO GARCIA | K17: EMULSIONES Y ASFALTOS JORGE | L17: 6+550 | M17: 6+585 | N17: PUNTO ASIGNADO POR EL CLIENTE | O17: 1 | P17: UNICO | R17: 7000 | S17: =FRESADO!$R17*FRESADO!$E17 -> 7000 | T17: =FRESADO!$S17*16% -> 1120 | U17: =FRESADO!$S17+FRESADO!$T17 -> 8120
A18: 25 | B18: 12 | C18: 5819 | D18: 46189 | E18: 1 | F18: FRESADO | G18: HB-9873-H | H18: 14 | I18: M³ | J18: CIRILO GARCIA | K18: EMULSIONES Y ASFALTOS JORGE | L18: 6+550 | M18: 6+585 | N18: PUNTO ASIGNADO POR EL CLIENTE | O18: 1 | P18: UNICO | R18: 7000 | S18: =FRESADO!$R18*FRESADO!$E18 -> 7000 | T18: =FRESADO!$S18*16% -> 1120 | U18: =FRESADO!$S18+FRESADO!$T18 -> 8120
... A52: 25 | B52: 46 | C52: 5953 | D52: 46192 | E52: 1 | F52: FRESADO | G52: NT-2814-C | H52: 14 | I52: M³ | J52: GIOVANI CONTRERAS | K52: EMULSIONES Y ASFALTOS JORGE | L52: 11+144 | M52: 11+294 | N52: PUNTO ASIGNADO POR EL CLIENTE | O52: 1 | P52: MEDIO | R52: 7000 | S52: =FRESADO!$R52*FRESADO!$E52 -> 7000 | T52: =FRESADO!$S52*16% -> 1120 | U52: =FRESADO!$S52+FRESADO!$T52 -> 8120
A53: 25 | B53: 47 | S53: =FRESADO!$R53*FRESADO!$E53 -> 0 | T53: =FRESADO!$S53*16% -> 0 | U53: =FRESADO!$S53+FRESADO!$T53 -> 0
A54: 25 | S54: =FRESADO!$R54*FRESADO!$E54 -> 0 | T54: =FRESADO!$S54*16% -> 0 | U54: =FRESADO!$S54+FRESADO!$T54 -> 0
A55: 25 | S55: =FRESADO!$R55*FRESADO!$E55 -> 0 | T55: =FRESADO!$S55*16% -> 0 | U55: =FRESADO!$S55+FRESADO!$T55 -> 0
A56: 25 | S56: =FRESADO!$R56*FRESADO!$E56 -> 0 | T56: =FRESADO!$S56*16% -> 0 | U56: =FRESADO!$S56+FRESADO!$T56 -> 0
A57: 25 | S57: =FRESADO!$R57*FRESADO!$E57 -> 0 | T57: =FRESADO!$S57*16% -> 0 | U57: =FRESADO!$S57+FRESADO!$T57 -> 0
A58: 25 | S58: =FRESADO!$R58*FRESADO!$E58 -> 0 | T58: =FRESADO!$S58*16% -> 0 | U58: =FRESADO!$S58+FRESADO!$T58 -> 0
A59: 25 | S59: =FRESADO!$R59*FRESADO!$E59 -> 0 | T59: =FRESADO!$S59*16% -> 0 | U59: =FRESADO!$S59+FRESADO!$T59 -> 0
A60: 25 | S60: =FRESADO!$R60*FRESADO!$E60 -> 0 | T60: =FRESADO!$S60*16% -> 0 | U60: =FRESADO!$S60+FRESADO!$T60 -> 0
A61: 25 | S61: =FRESADO!$R61*FRESADO!$E61 -> 0 | T61: =FRESADO!$S61*16% -> 0 | U61: =FRESADO!$S61+FRESADO!$T61 -> 0
A62: 25 | S62: =FRESADO!$R62*FRESADO!$E62 -> 0 | T62: =FRESADO!$S62*16% -> 0 | U62: =FRESADO!$S62+FRESADO!$T62 -> 0
A63: TOTAL | E63: =SUBTOTAL(109,FRESADO!$E$7:$E$62) -> 46 | H63: =SUBTOTAL(109,FRESADO!$H$7:$H$62) -> 658
C115: 1
C116: 1
