Workbook

Sheet Bitácora de Tanque
B4: GC-COMB-005: CONTROL DIARIO Y CONCILIACIÓN DE TANQUE DE COMBUSTIBLE (20,000 L)
B6: Semana No.: | E6: Responsable del Tanque: | J6: Capacidad del Tanque: | K6: 20,000 Litros (2.41m x 2.40m x 4.62m) | L6: 20,000 Litros (2.41m x 2.40m x 4.62m) | M6: 20,000 Litros (2.41m x 2.40m x 4.62m)
B7: Semana del: | D7: al: | F7: Observaciones:
B9: 1. BALANCE DIARIO DE ENTRADAS, SALIDAS E INVENTARIO DE COMBUSTIBLE
B10: FECHA (DÍA) | C10: INV. INICIAL (L) | D10: ENTRADA MARIMBA (L) | E10: ENTRADA GH (L) | F10: TICKET / REMISIÓN | G10: SALIDA PLANTA (L) | H10: SALIDA OBRAS (L) | I10: SALIDA MARIMBA (L) | J10: INV. TEÓRICO (L) | K10: ALTURA (CM) | L10: INV. FÍSICO (L) | M10: DIFERENCIA (L)
B11: LUNES | J11: =C11+D11+E11-G11-H11-I11 -> 0 | L11: =IF(OR(ISBLANK(K11), K11=""), "", VLOOKUP(K11, 'Tabla de Cubicación'!$A$2:$B$242, 2, TRUE)) | M11: =IF(ISNUMBER(L11), L11-J11, "")
B12: MARTES | C12: =IF(L11>0, L11, J11) | J12: =C12+D12+E12-G12-H12-I12 -> #VALUE! | L12: =IF(OR(ISBLANK(K12), K12=""), "", VLOOKUP(K12, 'Tabla de Cubicación'!$A$2:$B$242, 2, TRUE)) | M12: =IF(ISNUMBER(L12), L12-J12, "")
B13: MIERCOLES | C13: =IF(L12>0, L12, J12) | J13: =C13+D13+E13-G13-H13-I13 -> #VALUE! | L13: =IF(OR(ISBLANK(K13), K13=""), "", VLOOKUP(K13, 'Tabla de Cubicación'!$A$2:$B$242, 2, TRUE)) | M13: =IF(ISNUMBER(L13), L13-J13, "")
B14: JUEVES | C14: =IF(L13>0, L13, J13) | J14: =C14+D14+E14-G14-H14-I14 -> #VALUE! | L14: =IF(OR(ISBLANK(K14), K14=""), "", VLOOKUP(K14, 'Tabla de Cubicación'!$A$2:$B$242, 2, TRUE)) | M14: =IF(ISNUMBER(L14), L14-J14, "")
B15: VIERNES | C15: =IF(L14>0, L14, J14) | J15: =C15+D15+E15-G15-H15-I15 -> #VALUE! | L15: =IF(OR(ISBLANK(K15), K15=""), "", VLOOKUP(K15, 'Tabla de Cubicación'!$A$2:$B$242, 2, TRUE)) | M15: =IF(ISNUMBER(L15), L15-J15, "")
B16: SÁBADO | C16: =IF(L15>0, L15, J15) | J16: =C16+D16+E16-G16-H16-I16 -> #VALUE! | L16: =IF(OR(ISBLANK(K16), K16=""), "", VLOOKUP(K16, 'Tabla de Cubicación'!$A$2:$B$242, 2, TRUE)) | M16: =IF(ISNUMBER(L16), L16-J16, "")
B17: TOTALES SEMANALES: | D17: =SUM(D11:D16) -> 0 | E17: =SUM(E11:E16) -> 0 | G17: =SUM(G11:G16) -> 0 | H17: =SUM(H11:H16) -> 0 | I17: =SUM(I11:I16) -> 0 | J17: =C11+D17+E17-G17-H17-I17 -> 0 | L17: =IF(L16>0, L16, J16) | M17: =SUM(M11:M16) -> 0
B19: 2. REGISTRO Y CONCILIACIÓN DE TICKETS DE GASOLINERA HUIXQUILUCAN (GH)
B20: FECHA | C20: NÚMERO DE TICKET | D20: LITROS TICKET (A) | E20: RECEP. EN TANQUE (B) | F20: DIFERENCIA (B - A) | G20: ESTADO COTEJO | H20: COMENTARIOS / OBSERVACIONES
F21: =IF(AND(ISNUMBER(D21), ISNUMBER(E21)), E21-D21, "") | G21: =IF(F21="","",IF(F21=0,"OK (COINCIDE)",IF(F21>0,"EXCEDENTE","FALTANTE")))
F22: =IF(AND(ISNUMBER(D22), ISNUMBER(E22)), E22-D22, "") | G22: =IF(F22="","",IF(F22=0,"OK (COINCIDE)",IF(F22>0,"EXCEDENTE","FALTANTE")))
F23: =IF(AND(ISNUMBER(D23), ISNUMBER(E23)), E23-D23, "") | G23: =IF(F23="","",IF(F23=0,"OK (COINCIDE)",IF(F23>0,"EXCEDENTE","FALTANTE")))
F24: =IF(AND(ISNUMBER(D24), ISNUMBER(E24)), E24-D24, "") | G24: =IF(F24="","",IF(F24=0,"OK (COINCIDE)",IF(F24>0,"EXCEDENTE","FALTANTE")))
F25: =IF(AND(ISNUMBER(D25), ISNUMBER(E25)), E25-D25, "") | G25: =IF(F25="","",IF(F25=0,"OK (COINCIDE)",IF(F25>0,"EXCEDENTE","FALTANTE")))
F26: =IF(AND(ISNUMBER(D26), ISNUMBER(E26)), E26-D26, "") | G26: =IF(F26="","",IF(F26=0,"OK (COINCIDE)",IF(F26>0,"EXCEDENTE","FALTANTE")))
F27: =IF(AND(ISNUMBER(D27), ISNUMBER(E27)), E27-D27, "") | G27: =IF(F27="","",IF(F27=0,"OK (COINCIDE)",IF(F27>0,"EXCEDENTE","FALTANTE")))
F28: =IF(AND(ISNUMBER(D28), ISNUMBER(E28)), E28-D28, "") | G28: =IF(F28="","",IF(F28=0,"OK (COINCIDE)",IF(F28>0,"EXCEDENTE","FALTANTE")))
B29: TOTAL CONCILIACIÓN GH: | D29: =SUM(D21:D28) -> 0 | E29: =SUM(E21:E28) -> 0 | F29: =E29-D29 -> 0

Sheet Tabla de Cubicación
A1: ALTURA (CM) | B1: VOLUMEN CALIBRADO (L)
A2: 0 | B2: 0
A3: 1 | B3: 9.1204943
A4: 2 | B4: 25.764295
A5: 3 | B5: 47.272496
A6: 4 | B6: 72.688971
A7: 5 | B7: 101.45744
A8: 6 | B8: 133.20011
A9: 7 | B9: 167.63784
A10: 8 | B10: 204.55293
A11: 9 | B11: 243.76911
A12: 10 | B12: 285.13958
A13: 11 | B13: 328.53948
... A242: 240 | B242: 20000
