Workbook

Sheet Dashboard
A1: DASHBOARD EJECUTIVO DE CONTROL DE COMBUSTIBLE | GRUPO TRUJANO
A3: FILTROS DEL DASHBOARD (Celdas en amarillo editables en Excel)
B4: Obra Seleccionada: | C4: México-Toluca
B5: Fecha Inicio (Lunes): | C5: 46181
B6: Precio Diésel ($/L): | C6: 28.3
A8: COMPARATIVA: SOLICITADO (PETICIONES) VS ENTREGADO EN OBRA
A9: Día | B9: Fecha | C9: Lts Solicitados | D9: Lts Recibidos Obra | E9: Dif. Litros (Obra-Sol) | F9: Costo Solicitado | G9: Costo Real Obra | H9: Dif. Costo (Real-Sol)
A10: Lunes | B10: =C$5 -> 46181 | C10: =IF(C$4="Todas", SUMIFS(Solicitudes!F:F, Solicitudes!C:C, B10), SUMIFS(Solicitudes!F:F, Solicitudes!B:B, C$4, Solicitudes!C:C, B10)) -> 640 | D10: =IF(C$4="Todas", SUMIFS(Captura_Obra!F:F, Captura_Obra!A:A, B10), SUMIFS(Captura_Obra!F:F, Captura_Obra!B:B, C$4, Captura_Obra!A:A, B10)) -> 369 | E10: =D10-C10 -> -271 | F10: =C10*C$6 -> 18112 | G10: =D10*C$6 -> 10442.7 | H10: =G10-F10 -> -7669.3
A11: Martes | B11: =B10+1 -> 46182 | C11: =IF(C$4="Todas", SUMIFS(Solicitudes!F:F, Solicitudes!C:C, B11), SUMIFS(Solicitudes!F:F, Solicitudes!B:B, C$4, Solicitudes!C:C, B11)) -> 0 | D11: =IF(C$4="Todas", SUMIFS(Captura_Obra!F:F, Captura_Obra!A:A, B11), SUMIFS(Captura_Obra!F:F, Captura_Obra!B:B, C$4, Captura_Obra!A:A, B11)) -> 0 | E11: =D11-C11 -> 0 | F11: =C11*C$6 -> 0 | G11: =D11*C$6 -> 0 | H11: =G11-F11 -> 0
A12: Miércoles | B12: =B11+1 -> 46183 | C12: =IF(C$4="Todas", SUMIFS(Solicitudes!F:F, Solicitudes!C:C, B12), SUMIFS(Solicitudes!F:F, Solicitudes!B:B, C$4, Solicitudes!C:C, B12)) -> 320 | D12: =IF(C$4="Todas", SUMIFS(Captura_Obra!F:F, Captura_Obra!A:A, B12), SUMIFS(Captura_Obra!F:F, Captura_Obra!B:B, C$4, Captura_Obra!A:A, B12)) -> 300 | E12: =D12-C12 -> -20 | F12: =C12*C$6 -> 9056 | G12: =D12*C$6 -> 8490 | H12: =G12-F12 -> -566
A13: Jueves | B13: =B12+1 -> 46184 | C13: =IF(C$4="Todas", SUMIFS(Solicitudes!F:F, Solicitudes!C:C, B13), SUMIFS(Solicitudes!F:F, Solicitudes!B:B, C$4, Solicitudes!C:C, B13)) -> 0 | D13: =IF(C$4="Todas", SUMIFS(Captura_Obra!F:F, Captura_Obra!A:A, B13), SUMIFS(Captura_Obra!F:F, Captura_Obra!B:B, C$4, Captura_Obra!A:A, B13)) -> 256 | E13: =D13-C13 -> 256 | F13: =C13*C$6 -> 0 | G13: =D13*C$6 -> 7244.8 | H13: =G13-F13 -> 7244.8
A14: Viernes | B14: =B13+1 -> 46185 | C14: =IF(C$4="Todas", SUMIFS(Solicitudes!F:F, Solicitudes!C:C, B14), SUMIFS(Solicitudes!F:F, Solicitudes!B:B, C$4, Solicitudes!C:C, B14)) -> 540 | D14: =IF(C$4="Todas", SUMIFS(Captura_Obra!F:F, Captura_Obra!A:A, B14), SUMIFS(Captura_Obra!F:F, Captura_Obra!B:B, C$4, Captura_Obra!A:A, B14)) -> 360 | E14: =D14-C14 -> -180 | F14: =C14*C$6 -> 15282 | G14: =D14*C$6 -> 10188 | H14: =G14-F14 -> -5094
A15: Sábado | B15: =B14+1 -> 46186 | C15: =IF(C$4="Todas", SUMIFS(Solicitudes!F:F, Solicitudes!C:C, B15), SUMIFS(Solicitudes!F:F, Solicitudes!B:B, C$4, Solicitudes!C:C, B15)) -> 0 | D15: =IF(C$4="Todas", SUMIFS(Captura_Obra!F:F, Captura_Obra!A:A, B15), SUMIFS(Captura_Obra!F:F, Captura_Obra!B:B, C$4, Captura_Obra!A:A, B15)) -> 0 | E15: =D15-C15 -> 0 | F15: =C15*C$6 -> 0 | G15: =D15*C$6 -> 0 | H15: =G15-F15 -> 0
A16: TOTAL SEMANAL | C16: =SUM(C10:C15) -> 1500 | D16: =SUM(D10:D15) -> 1285 | E16: =SUM(E10:E15) -> -215 | F16: =SUM(F10:F15) -> 42450 | G16: =SUM(G10:G15) -> 36365.5 | H16: =SUM(H10:H15) -> -6084.5
A19: CONCILIACIÓN FÍSICA Y DISCREPANCIAS (OBRA VS MARIMBA Y PEGASO)
A20: Día | B20: Fecha | C20: Obra Recibió (M) | D20: Marimba Despachó | E20: Dif. Marimba | F20: Obra Recibió (P) | G20: Pegaso Despachó | H20: Dif. Pegaso | I20: Dif. Total (L)
A21: Lunes | B21: =B10 -> 46181 | C21: =IF(C$4="Todas", SUMIFS(Captura_Obra!F:F, Captura_Obra!A:A, B21, Captura_Obra!C:C, "Marimba M-01"), SUMIFS(Captura_Obra!F:F, Captura_Obra!B:B, C$4, Captura_Obra!A:A, B21, Captura_Obra!C:C, "Marimba M-01")) -> 369 | D21: =IF(C$4="Todas", SUMIFS(Captura_Marimba_M01!G:G, Captura_Marimba_M01!A:A, B21, Captura_Marimba_M01!B:B, "Salida a Obra"), SUMIFS(Captura_Marimba_M01!G:G, Captura_Marimba_M01!C:C, C$4, Captura_Marimba_M01!A:A, B21, Captura_Marimba_M01!B:B, "Salida a Obra")) -> 369 | E21: =C21-D21 -> 0 | F21: =IF(C$4="Todas", SUMIFS(Captura_Obra!F:F, Captura_Obra!A:A, B21, Captura_Obra!C:C, "Pegaso Directo"), SUMIFS(Captura_Obra!F:F, Captura_Obra!B:B, C$4, Captura_Obra!A:A, B21, Captura_Obra!C:C, "Pegaso Directo")) -> 0 | G21: =IF(C$4="Todas", SUMIFS(Captura_Pegaso!H:H, Captura_Pegaso!A:A, B21, Captura_Pegaso!B:B, "Salida Directa Máquina"), SUMIFS(Captura_Pegaso!H:H, Captura_Pegaso!D:D, C$4, Captura_Pegaso!A:A, B21, Captura_Pegaso!B:B, "Salida Directa Máquina")) -> 0 | H21: =F21-G21 -> 0 | I21: =E21+H21 -> 0
A22: Martes | B22: =B11 -> 46182 | C22: =IF(C$4="Todas", SUMIFS(Captura_Obra!F:F, Captura_Obra!A:A, B22, Captura_Obra!C:C, "Marimba M-01"), SUMIFS(Captura_Obra!F:F, Captura_Obra!B:B, C$4, Captura_Obra!A:A, B22, Captura_Obra!C:C, "Marimba M-01")) -> 0 | D22: =IF(C$4="Todas", SUMIFS(Captura_Marimba_M01!G:G, Captura_Marimba_M01!A:A, B22, Captura_Marimba_M01!B:B, "Salida a Obra"), SUMIFS(Captura_Marimba_M01!G:G, Captura_Marimba_M01!C:C, C$4, Captura_Marimba_M01!A:A, B22, Captura_Marimba_M01!B:B, "Salida a Obra")) -> 0 | E22: =C22-D22 -> 0 | F22: =IF(C$4="Todas", SUMIFS(Captura_Obra!F:F, Captura_Obra!A:A, B22, Captura_Obra!C:C, "Pegaso Directo"), SUMIFS(Captura_Obra!F:F, Captura_Obra!B:B, C$4, Captura_Obra!A:A, B22, Captura_Obra!C:C, "Pegaso Directo")) -> 0 | G22: =IF(C$4="Todas", SUMIFS(Captura_Pegaso!H:H, Captura_Pegaso!A:A, B22, Captura_Pegaso!B:B, "Salida Directa Máquina"), SUMIFS(Captura_Pegaso!H:H, Captura_Pegaso!D:D, C$4, Captura_Pegaso!A:A, B22, Captura_Pegaso!B:B, "Salida Directa Máquina")) -> 0 | H22: =F22-G22 -> 0 | I22: =E22+H22 -> 0
A23: Miércoles | B23: =B12 -> 46183 | C23: =IF(C$4="Todas", SUMIFS(Captura_Obra!F:F, Captura_Obra!A:A, B23, Captura_Obra!C:C, "Marimba M-01"), SUMIFS(Captura_Obra!F:F, Captura_Obra!B:B, C$4, Captura_Obra!A:A, B23, Captura_Obra!C:C, "Marimba M-01")) -> 300 | D23: =IF(C$4="Todas", SUMIFS(Captura_Marimba_M01!G:G, Captura_Marimba_M01!A:A, B23, Captura_Marimba_M01!B:B, "Salida a Obra"), SUMIFS(Captura_Marimba_M01!G:G, Captura_Marimba_M01!C:C, C$4, Captura_Marimba_M01!A:A, B23, Captura_Marimba_M01!B:B, "Salida a Obra")) -> 300 | E23: =C23-D23 -> 0 | F23: =IF(C$4="Todas", SUMIFS(Captura_Obra!F:F, Captura_Obra!A:A, B23, Captura_Obra!C:C, "Pegaso Directo"), SUMIFS(Captura_Obra!F:F, Captura_Obra!B:B, C$4, Captura_Obra!A:A, B23, Captura_Obra!C:C, "Pegaso Directo")) -> 0 | G23: =IF(C$4="Todas", SUMIFS(Captura_Pegaso!H:H, Captura_Pegaso!A:A, B23, Captura_Pegaso!B:B, "Salida Directa Máquina"), SUMIFS(Captura_Pegaso!H:H, Captura_Pegaso!D:D, C$4, Captura_Pegaso!A:A, B23, Captura_Pegaso!B:B, "Salida Directa Máquina")) -> 0 | H23: =F23-G23 -> 0 | I23: =E23+H23 -> 0
A24: Jueves | B24: =B13 -> 46184 | C24: =IF(C$4="Todas", SUMIFS(Captura_Obra!F:F, Captura_Obra!A:A, B24, Captura_Obra!C:C, "Marimba M-01"), SUMIFS(Captura_Obra!F:F, Captura_Obra!B:B, C$4, Captura_Obra!A:A, B24, Captura_Obra!C:C, "Marimba M-01")) -> 256 | D24: =IF(C$4="Todas", SUMIFS(Captura_Marimba_M01!G:G, Captura_Marimba_M01!A:A, B24, Captura_Marimba_M01!B:B, "Salida a Obra"), SUMIFS(Captura_Marimba_M01!G:G, Captura_Marimba_M01!C:C, C$4, Captura_Marimba_M01!A:A, B24, Captura_Marimba_M01!B:B, "Salida a Obra")) -> 256 | E24: =C24-D24 -> 0 | F24: =IF(C$4="Todas", SUMIFS(Captura_Obra!F:F, Captura_Obra!A:A, B24, Captura_Obra!C:C, "Pegaso Directo"), SUMIFS(Captura_Obra!F:F, Captura_Obra!B:B, C$4, Captura_Obra!A:A, B24, Captura_Obra!C:C, "Pegaso Directo")) -> 0 | G24: =IF(C$4="Todas", SUMIFS(Captura_Pegaso!H:H, Captura_Pegaso!A:A, B24, Captura_Pegaso!B:B, "Salida Directa Máquina"), SUMIFS(Captura_Pegaso!H:H, Captura_Pegaso!D:D, C$4, Captura_Pegaso!A:A, B24, Captura_Pegaso!B:B, "Salida Directa Máquina")) -> 0 | H24: =F24-G24 -> 0 | I24: =E24+H24 -> 0
A25: Viernes | B25: =B14 -> 46185 | C25: =IF(C$4="Todas", SUMIFS(Captura_Obra!F:F, Captura_Obra!A:A, B25, Captura_Obra!C:C, "Marimba M-01"), SUMIFS(Captura_Obra!F:F, Captura_Obra!B:B, C$4, Captura_Obra!A:A, B25, Captura_Obra!C:C, "Marimba M-01")) -> 360 | D25: =IF(C$4="Todas", SUMIFS(Captura_Marimba_M01!G:G, Captura_Marimba_M01!A:A, B25, Captura_Marimba_M01!B:B, "Salida a Obra"), SUMIFS(Captura_Marimba_M01!G:G, Captura_Marimba_M01!C:C, C$4, Captura_Marimba_M01!A:A, B25, Captura_Marimba_M01!B:B, "Salida a Obra")) -> 360 | E25: =C25-D25 -> 0 | F25: =IF(C$4="Todas", SUMIFS(Captura_Obra!F:F, Captura_Obra!A:A, B25, Captura_Obra!C:C, "Pegaso Directo"), SUMIFS(Captura_Obra!F:F, Captura_Obra!B:B, C$4, Captura_Obra!A:A, B25, Captura_Obra!C:C, "Pegaso Directo")) -> 0 | G25: =IF(C$4="Todas", SUMIFS(Captura_Pegaso!H:H, Captura_Pegaso!A:A, B25, Captura_Pegaso!B:B, "Salida Directa Máquina"), SUMIFS(Captura_Pegaso!H:H, Captura_Pegaso!D:D, C$4, Captura_Pegaso!A:A, B25, Captura_Pegaso!B:B, "Salida Directa Máquina")) -> 0 | H25: =F25-G25 -> 0 | I25: =E25+H25 -> 0
A26: Sábado | B26: =B15 -> 46186 | C26: =IF(C$4="Todas", SUMIFS(Captura_Obra!F:F, Captura_Obra!A:A, B26, Captura_Obra!C:C, "Marimba M-01"), SUMIFS(Captura_Obra!F:F, Captura_Obra!B:B, C$4, Captura_Obra!A:A, B26, Captura_Obra!C:C, "Marimba M-01")) -> 0 | D26: =IF(C$4="Todas", SUMIFS(Captura_Marimba_M01!G:G, Captura_Marimba_M01!A:A, B26, Captura_Marimba_M01!B:B, "Salida a Obra"), SUMIFS(Captura_Marimba_M01!G:G, Captura_Marimba_M01!C:C, C$4, Captura_Marimba_M01!A:A, B26, Captura_Marimba_M01!B:B, "Salida a Obra")) -> 0 | E26: =C26-D26 -> 0 | F26: =IF(C$4="Todas", SUMIFS(Captura_Obra!F:F, Captura_Obra!A:A, B26, Captura_Obra!C:C, "Pegaso Directo"), SUMIFS(Captura_Obra!F:F, Captura_Obra!B:B, C$4, Captura_Obra!A:A, B26, Captura_Obra!C:C, "Pegaso Directo")) -> 0 | G26: =IF(C$4="Todas", SUMIFS(Captura_Pegaso!H:H, Captura_Pegaso!A:A, B26, Captura_Pegaso!B:B, "Salida Directa Máquina"), SUMIFS(Captura_Pegaso!H:H, Captura_Pegaso!D:D, C$4, Captura_Pegaso!A:A, B26, Captura_Pegaso!B:B, "Salida Directa Máquina")) -> 0 | H26: =F26-G26 -> 0 | I26: =E26+H26 -> 0
A27: TOTAL SEMANAL | C27: =SUM(C21:C26) -> 1285 | D27: =SUM(D21:D26) -> 1285 | E27: =SUM(E21:E26) -> 0 | F27: =SUM(F21:F26) -> 0 | G27: =SUM(G21:G26) -> 0 | H27: =SUM(H21:H26) -> 0 | I27: =SUM(I21:I26) -> 0

Sheet Resumen_Ejecutivo_Copia
B2: TABLAS DINAMICAS DE COSTOS Y FINANZAS
C5: Etiquetas de columna
C6: 1. Solicitud | E6: 2. Consumo Real | G6: 4. Facturas | I6: Total Cuenta de Costo Total | J6: Total Cuenta de Litros
B7: Etiquetas de fila | C7: Cuenta de Costo Total | D7: Cuenta de Litros | E7: Cuenta de Costo Total | F7: Cuenta de Litros | G7: Cuenta de Costo Total | H7: Cuenta de Litros
B8: 22 | E8: 6 | F8: 6 | I8: 6 | J8: 6
B9: 23 | E9: 12 | F9: 12 | I9: 12 | J9: 12
B10: 24 | C10: 70 | D10: 70 | E10: 107 | F10: 107 | I10: 177 | J10: 177
B11: 25 | C11: 67 | D11: 67 | E11: 109 | F11: 109 | G11: 15 | H11: 15 | I11: 191 | J11: 191
B12: Bacheo Toluca | C12: 9 | D12: 9 | E12: 8 | F12: 8 | I12: 17 | J12: 17
B13: Dragones | E13: 1 | F13: 1 | I13: 1 | J13: 1
B14: Jalisco | E14: 10 | F14: 10 | I14: 10 | J14: 10
B15: Lerma - Tres Marías | C15: 19 | D15: 19 | E15: 18 | F15: 18 | I15: 37 | J15: 37
B16: Maquinaria Pegaso | E16: 3 | F16: 3 | G16: 2 | H16: 2 | I16: 5 | J16: 5
B17: México-Toluca | C17: 39 | D17: 39 | E17: 60 | F17: 60 | G17: 5 | H17: 5 | I17: 104 | J17: 104
B18: Planta Asflato Huixquilucan | E18: 9 | F18: 9 | G18: 4 | H18: 4 | I18: 13 | J18: 13
B19: Transportes Pegaso | G19: 4 | H19: 4 | I19: 4 | J19: 4
B20: 26 | C20: 142 | D20: 142 | E20: 88 | F20: 88 | G20: 12 | H20: 12 | I20: 242 | J20: 242
B21: Bacheo Toluca | C21: 19 | D21: 19 | E21: 11 | F21: 11 | I21: 30 | J21: 30
B22: Dragones | E22: 2 | F22: 2 | I22: 2 | J22: 2
B23: Jalisco | E23: 11 | F23: 11 | I23: 11 | J23: 11
B24: Lerma - Tres Marías | C24: 60 | D24: 60 | E24: 16 | F24: 16 | I24: 76 | J24: 76
B25: Maquinaria Pegaso | E25: 7 | F25: 7 | I25: 7 | J25: 7
B26: México-Toluca | C26: 39 | D26: 39 | E26: 32 | F26: 32 | G26: 9 | H26: 9 | I26: 80 | J26: 80
B27: Planta Asfalto Pegaso | C27: 4 | D27: 4 | I27: 4 | J27: 4
B28: Planta Asflato Huixquilucan | C28: 20 | D28: 20 | E28: 9 | F28: 9 | G28: 1 | H28: 1 | I28: 30 | J28: 30
B29: Transportes Pegaso | G29: 2 | H29: 2 | I29: 2 | J29: 2
B30: 27 | C30: 104 | D30: 104 | E30: 30 | F30: 30 | I30: 134 | J30: 134
B31: Bacheo Toluca | C31: 26 | D31: 26 | E31: 1 | F31: 1 | I31: 27 | J31: 27
B32: Dragones | E32: 1 | F32: 1 | I32: 1 | J32: 1
B33: Lerma - Tres Marías | E33: 8 | F33: 8 | I33: 8 | J33: 8
B34: México-Toluca | C34: 53 | D34: 53 | E34: 11 | F34: 11 | I34: 64 | J34: 64
B35: Planta Asfalto Huixquilucan | C35: 25 | D35: 25 | I35: 25 | J35: 25
B36: Planta Asfalto Pegaso | E36: 2 | F36: 2 | I36: 2 | J36: 2
B37: Planta Asflato Huixquilucan | E37: 4 | F37: 4 | I37: 4 | J37: 4
B38: Providencia | E38: 3 | F38: 3 | I38: 3 | J38: 3
B39: Total general | C39: 383 | D39: 383 | E39: 352 | F39: 352 | G39: 27 | H39: 27 | I39: 762 | J39: 762

Sheet Dashboard_Copia
B2: TABLAS DINAMICAS DE OPERACION (VOLUMEN)
B5: Cuenta de Lts Operativos | C5: Etiquetas de columna
B6: Etiquetas de fila | C6: 1. Solicitud | D6: 2. Consumo Real | E6: 4. Facturas | F6: Total general
B7: 22 | D7: 6 | F7: 6
B8: Jalisco | D8: 6 | F8: 6
B9: 23 | D9: 12 | F9: 12
B10: Jalisco | D10: 12 | F10: 12
B11: 24 | C11: 70 | D11: 107 | F11: 177
B12: Bacheo Toluca | C12: 5 | D12: 2 | F12: 7
B13: Chamapa-Lechería | C13: 33 | D13: 50 | F13: 83
B14: Jalisco | D14: 3 | F14: 3
B15: Lerma - Tres Marías | C15: 14 | D15: 13 | F15: 27
B16: Maquinaria Pegaso | D16: 3 | F16: 3
B17: México-Toluca | C17: 18 | D17: 36 | F17: 54
B18: 25 | C18: 67 | D18: 109 | E18: 15 | F18: 191
B19: Bacheo Toluca | C19: 9 | D19: 8 | F19: 17
B20: Dragones | D20: 1 | F20: 1
B21: Jalisco | D21: 10 | F21: 10
B22: Lerma - Tres Marías | C22: 19 | D22: 18 | F22: 37
B23: Maquinaria Pegaso | D23: 3 | E23: 2 | F23: 5
B24: México-Toluca | C24: 39 | D24: 60 | E24: 5 | F24: 104
B25: Planta Asflato Huixquilucan | D25: 9 | E25: 4 | F25: 13
B26: Transportes Pegaso | E26: 4 | F26: 4
B27: 26 | C27: 142 | D27: 88 | E27: 12 | F27: 242
B28: Bacheo Toluca | C28: 19 | D28: 11 | F28: 30
B29: Dragones | D29: 2 | F29: 2
B30: Jalisco | D30: 11 | F30: 11
B31: Lerma - Tres Marías | C31: 60 | D31: 16 | F31: 76
B32: Maquinaria Pegaso | D32: 7 | F32: 7
B33: México-Toluca | C33: 39 | D33: 32 | E33: 9 | F33: 80
B34: Planta Asfalto Pegaso | C34: 4 | F34: 4
B35: Planta Asflato Huixquilucan | C35: 20 | D35: 9 | E35: 1 | F35: 30
B36: Transportes Pegaso | E36: 2 | F36: 2
B37: 27 | C37: 104 | D37: 30 | F37: 134
B38: Bacheo Toluca | C38: 26 | D38: 1 | F38: 27
B39: Dragones | D39: 1 | F39: 1
B40: Lerma - Tres Marías | D40: 8 | F40: 8
B41: México-Toluca | C41: 53 | D41: 11 | F41: 64
B42: Planta Asfalto Huixquilucan | C42: 25 | F42: 25
B43: Planta Asfalto Pegaso | D43: 2 | F43: 2
B44: Planta Asflato Huixquilucan | D44: 4 | F44: 4
B45: Providencia | D45: 3 | F45: 3
B46: Total general | C46: 383 | D46: 352 | E46: 27 | F46: 762

Sheet Base_Datos
A1: ID_TICKET | B1: SEMANA | C1: FECHA | D1: OBRA | E1: TIPO_REGISTRO | F1: EQUIPO_CONCEPTO | G1: LITROS | H1: PRECIO_UNITARIO | I1: COSTO_TOTAL | J1: CATEGORIA | K1: OBSERVACIONES
A2: =IF(LEFT(E2,1)="1","SOL",IF(LEFT(E2,1)="2","CO",IF(LEFT(E2,1)="3","ALM",IF(LEFT(E2,1)="4","FAC","TRX")))) & "-" & B2 & "-" & TEXT(COUNTIFS($E$2:$E2,E2,$B$2:$B2,B2),"000") -> SOL-26-001 | B2: 26 | C2: 38887 | D2: Planta Asflato Huixquilucan | E2: 1. Solicitud | F2: Maxilihgs | G2: 100 | H2: 27 | I2: 2700 | J2: DIESEL | K2: 27
A3: =IF(LEFT(E3,1)="1","SOL",IF(LEFT(E3,1)="2","CO",IF(LEFT(E3,1)="3","ALM",IF(LEFT(E3,1)="4","FAC","TRX")))) & "-" & B3 & "-" & TEXT(COUNTIFS($E$2:$E3,E3,$B$2:$B3,B3),"000") -> SOL-26-002 | B3: 26 | C3: 38887 | D3: Planta Asflato Huixquilucan | E3: 1. Solicitud | F3: Generador | G3: 200 | H3: 27 | I3: 5400 | J3: DIESEL | K3: 27
A4: =IF(LEFT(E4,1)="1","SOL",IF(LEFT(E4,1)="2","CO",IF(LEFT(E4,1)="3","ALM",IF(LEFT(E4,1)="4","FAC","TRX")))) & "-" & B4 & "-" & TEXT(COUNTIFS($E$2:$E4,E4,$B$2:$B4,B4),"000") -> SOL-26-003 | B4: 26 | C4: 38887 | D4: Planta Asflato Huixquilucan | E4: 1. Solicitud | F4: PayLoder | G4: 100 | H4: 27 | I4: 2700 | J4: DIESEL | K4: 27
A5: =IF(LEFT(E5,1)="1","SOL",IF(LEFT(E5,1)="2","CO",IF(LEFT(E5,1)="3","ALM",IF(LEFT(E5,1)="4","FAC","TRX")))) & "-" & B5 & "-" & TEXT(COUNTIFS($E$2:$E5,E5,$B$2:$B5,B5),"000") -> SOL-26-004 | B5: 26 | C5: 38887 | D5: Planta Asflato Huixquilucan | E5: 1. Solicitud | F5: Criba Roja | G5: 100 | H5: 27 | I5: 2700 | J5: DIESEL | K5: 27
A6: =IF(LEFT(E6,1)="1","SOL",IF(LEFT(E6,1)="2","CO",IF(LEFT(E6,1)="3","ALM",IF(LEFT(E6,1)="4","FAC","TRX")))) & "-" & B6 & "-" & TEXT(COUNTIFS($E$2:$E6,E6,$B$2:$B6,B6),"000") -> SOL-26-005 | B6: 26 | C6: 38887 | D6: Lerma - Tres Marías | E6: 1. Solicitud | F6: Retroexcavadora | G6: 80 | H6: 27 | I6: 2160 | J6: DIESEL | K6: 27
A7: =IF(LEFT(E7,1)="1","SOL",IF(LEFT(E7,1)="2","CO",IF(LEFT(E7,1)="3","ALM",IF(LEFT(E7,1)="4","FAC","TRX")))) & "-" & B7 & "-" & TEXT(COUNTIFS($E$2:$E7,E7,$B$2:$B7,B7),"000") -> SOL-26-006 | B7: 26 | C7: 38887 | D7: Lerma - Tres Marías | E7: 1. Solicitud | F7: Tandem Hamm | G7: 50 | H7: 27 | I7: 1350 | J7: DIESEL | K7: 27
A8: =IF(LEFT(E8,1)="1","SOL",IF(LEFT(E8,1)="2","CO",IF(LEFT(E8,1)="3","ALM",IF(LEFT(E8,1)="4","FAC","TRX")))) & "-" & B8 & "-" & TEXT(COUNTIFS($E$2:$E8,E8,$B$2:$B8,B8),"000") -> SOL-26-007 | B8: 26 | C8: 38887 | D8: Lerma - Tres Marías | E8: 1. Solicitud | F8: Neuomatico Dynapac | G8: 30 | H8: 27 | I8: 810 | J8: DIESEL | K8: 27
A9: =IF(LEFT(E9,1)="1","SOL",IF(LEFT(E9,1)="2","CO",IF(LEFT(E9,1)="3","ALM",IF(LEFT(E9,1)="4","FAC","TRX")))) & "-" & B9 & "-" & TEXT(COUNTIFS($E$2:$E9,E9,$B$2:$B9,B9),"000") -> SOL-26-008 | B9: 26 | C9: 38887 | D9: Lerma - Tres Marías | E9: 1. Solicitud | F9: Barredora | G9: 50 | H9: 27 | I9: 1350 | J9: DIESEL | K9: 27
A10: =IF(LEFT(E10,1)="1","SOL",IF(LEFT(E10,1)="2","CO",IF(LEFT(E10,1)="3","ALM",IF(LEFT(E10,1)="4","FAC","TRX")))) & "-" & B10 & "-" & TEXT(COUNTIFS($E$2:$E10,E10,$B$2:$B10,B10),"000") -> SOL-26-009 | B10: 26 | C10: 38887 | D10: Lerma - Tres Marías | E10: 1. Solicitud | F10: Pipa | G10: 50 | H10: 27 | I10: 1350 | J10: DIESEL | K10: 27
A11: =IF(LEFT(E11,1)="1","SOL",IF(LEFT(E11,1)="2","CO",IF(LEFT(E11,1)="3","ALM",IF(LEFT(E11,1)="4","FAC","TRX")))) & "-" & B11 & "-" & TEXT(COUNTIFS($E$2:$E11,E11,$B$2:$B11,B11),"000") -> SOL-26-010 | B11: 26 | C11: 38887 | D11: Lerma - Tres Marías | E11: 1. Solicitud | F11: Perfiladora | G11: 200 | H11: 27 | I11: 5400 | J11: DIESEL | K11: 27
A12: =IF(LEFT(E12,1)="1","SOL",IF(LEFT(E12,1)="2","CO",IF(LEFT(E12,1)="3","ALM",IF(LEFT(E12,1)="4","FAC","TRX")))) & "-" & B12 & "-" & TEXT(COUNTIFS($E$2:$E12,E12,$B$2:$B12,B12),"000") -> SOL-26-011 | B12: 26 | C12: 38887 | D12: Lerma - Tres Marías | E12: 1. Solicitud | F12: Vogel | G12: 130 | H12: 27 | I12: 3510 | J12: DIESEL | K12: 27
A13: =IF(LEFT(E13,1)="1","SOL",IF(LEFT(E13,1)="2","CO",IF(LEFT(E13,1)="3","ALM",IF(LEFT(E13,1)="4","FAC","TRX")))) & "-" & B13 & "-" & TEXT(COUNTIFS($E$2:$E13,E13,$B$2:$B13,B13),"000") -> SOL-26-012 | B13: 26 | C13: 38887 | D13: Lerma - Tres Marías | E13: 1. Solicitud | F13: Limpieza | G13: 20 | H13: 27 | I13: 540 | J13: DIESEL | K13: 27
... A15: =IF(LEFT(E15,1)="1","SOL",IF(LEFT(E15,1)="2","CO",IF(LEFT(E15,1)="3","ALM",IF(LEFT(E15,1)="4","FAC","TRX")))) & "-" & B15 & "-" & TEXT(COUNTIFS($E$2:$E15,E15,$B$2:$B15,B15),"000") -> SOL-26-014 | B15: 26 | C15: 38887 | D15: Lerma - Tres Marías | E15: 1. Solicitud | F15: Petrolizadora | G15: 80 | H15: 27 | I15: 2160 | J15: DIESEL | K15: 27
A16: =IF(LEFT(E16,1)="1","SOL",IF(LEFT(E16,1)="2","CO",IF(LEFT(E16,1)="3","ALM",IF(LEFT(E16,1)="4","FAC","TRX")))) & "-" & B16 & "-" & TEXT(COUNTIFS($E$2:$E16,E16,$B$2:$B16,B16),"000") -> CO-22-001 | B16: 22 | C16: 46168 | D16: Jalisco | E16: 2. Consumo Real | F16: (Captura_Jalisco) Motoconformadora Rentada | G16: 89 | H16: 27 | I16: 2403 | J16: DIESEL
A17: =IF(LEFT(E17,1)="1","SOL",IF(LEFT(E17,1)="2","CO",IF(LEFT(E17,1)="3","ALM",IF(LEFT(E17,1)="4","FAC","TRX")))) & "-" & B17 & "-" & TEXT(COUNTIFS($E$2:$E17,E17,$B$2:$B17,B17),"000") -> CO-22-002 | B17: 22 | C17: 46169 | D17: Jalisco | E17: 2. Consumo Real | F17: (Captura_Jalisco) Motoconformadora Rentada | G17: 89 | H17: 27 | I17: 2403 | J17: DIESEL
A18: =IF(LEFT(E18,1)="1","SOL",IF(LEFT(E18,1)="2","CO",IF(LEFT(E18,1)="3","ALM",IF(LEFT(E18,1)="4","FAC","TRX")))) & "-" & B18 & "-" & TEXT(COUNTIFS($E$2:$E18,E18,$B$2:$B18,B18),"000") -> CO-22-003 | B18: 22 | C18: 46171 | D18: Jalisco | E18: 2. Consumo Real | F18: (Captura_Jalisco) Motoconformadora Rentada | G18: 99 | H18: 27 | I18: 2673 | J18: DIESEL
A19: =IF(LEFT(E19,1)="1","SOL",IF(LEFT(E19,1)="2","CO",IF(LEFT(E19,1)="3","ALM",IF(LEFT(E19,1)="4","FAC","TRX")))) & "-" & B19 & "-" & TEXT(COUNTIFS($E$2:$E19,E19,$B$2:$B19,B19),"000") -> CO-22-004 | B19: 22 | C19: 46171 | D19: Jalisco | E19: 2. Consumo Real | F19: (Captura_Jalisco) Motoconformadora | G19: 99 | H19: 27 | I19: 2673 | J19: DIESEL
A20: =IF(LEFT(E20,1)="1","SOL",IF(LEFT(E20,1)="2","CO",IF(LEFT(E20,1)="3","ALM",IF(LEFT(E20,1)="4","FAC","TRX")))) & "-" & B20 & "-" & TEXT(COUNTIFS($E$2:$E20,E20,$B$2:$B20,B20),"000") -> CO-22-005 | B20: 22 | C20: 46172 | D20: Jalisco | E20: 2. Consumo Real | F20: (Captura_Jalisco) Motoconformadora Rentada | G20: 90 | H20: 27 | I20: 2430 | J20: DIESEL
A21: =IF(LEFT(E21,1)="1","SOL",IF(LEFT(E21,1)="2","CO",IF(LEFT(E21,1)="3","ALM",IF(LEFT(E21,1)="4","FAC","TRX")))) & "-" & B21 & "-" & TEXT(COUNTIFS($E$2:$E21,E21,$B$2:$B21,B21),"000") -> CO-22-006 | B21: 22 | C21: 46172 | D21: Jalisco | E21: 2. Consumo Real | F21: (Captura_Jalisco) Motoconformadora | G21: 90 | H21: 27 | I21: 2430 | J21: DIESEL
A22: =IF(LEFT(E22,1)="1","SOL",IF(LEFT(E22,1)="2","CO",IF(LEFT(E22,1)="3","ALM",IF(LEFT(E22,1)="4","FAC","TRX")))) & "-" & B22 & "-" & TEXT(COUNTIFS($E$2:$E22,E22,$B$2:$B22,B22),"000") -> CO-23-001 | B22: 23 | C22: 46174 | D22: Jalisco | E22: 2. Consumo Real | F22: (Captura_Jalisco) Retroexcavadora | G22: 50 | H22: 27 | I22: 1350 | J22: DIESEL
A23: =IF(LEFT(E23,1)="1","SOL",IF(LEFT(E23,1)="2","CO",IF(LEFT(E23,1)="3","ALM",IF(LEFT(E23,1)="4","FAC","TRX")))) & "-" & B23 & "-" & TEXT(COUNTIFS($E$2:$E23,E23,$B$2:$B23,B23),"000") -> CO-23-002 | B23: 23 | C23: 46175 | D23: Jalisco | E23: 2. Consumo Real | F23: (Captura_Jalisco) Motoconformadora Rentada | G23: 74 | H23: 27 | I23: 1998 | J23: DIESEL
A24: =IF(LEFT(E24,1)="1","SOL",IF(LEFT(E24,1)="2","CO",IF(LEFT(E24,1)="3","ALM",IF(LEFT(E24,1)="4","FAC","TRX")))) & "-" & B24 & "-" & TEXT(COUNTIFS($E$2:$E24,E24,$B$2:$B24,B24),"000") -> CO-23-003 | B24: 23 | C24: 46175 | D24: Jalisco | E24: 2. Consumo Real | F24: (Captura_Jalisco) Motoconformadora | G24: 80 | H24: 27 | I24: 2160 | J24: DIESEL
A25: =IF(LEFT(E25,1)="1","SOL",IF(LEFT(E25,1)="2","CO",IF(LEFT(E25,1)="3","ALM",IF(LEFT(E25,1)="4","FAC","TRX")))) & "-" & B25 & "-" & TEXT(COUNTIFS($E$2:$E25,E25,$B$2:$B25,B25),"000") -> CO-23-004 | B25: 23 | C25: 46175 | D25: Jalisco | E25: 2. Consumo Real | F25: (Captura_Jalisco) Vibro Compactador | G25: 40 | H25: 27 | I25: 1080 | J25: DIESEL
A26: =IF(LEFT(E26,1)="1","SOL",IF(LEFT(E26,1)="2","CO",IF(LEFT(E26,1)="3","ALM",IF(LEFT(E26,1)="4","FAC","TRX")))) & "-" & B26 & "-" & TEXT(COUNTIFS($E$2:$E26,E26,$B$2:$B26,B26),"000") -> CO-23-005 | B26: 23 | C26: 46177 | D26: Jalisco | E26: 2. Consumo Real | F26: (Captura_Jalisco) Motoconformadora Rentada | G26: 70 | H26: 27 | I26: 1890 | J26: DIESEL
A27: =IF(LEFT(E27,1)="1","SOL",IF(LEFT(E27,1)="2","CO",IF(LEFT(E27,1)="3","ALM",IF(LEFT(E27,1)="4","FAC","TRX")))) & "-" & B27 & "-" & TEXT(COUNTIFS($E$2:$E27,E27,$B$2:$B27,B27),"000") -> CO-23-006 | B27: 23 | C27: 46177 | D27: Jalisco | E27: 2. Consumo Real | F27: (Captura_Jalisco) Pipa | G27: 100 | H27: 27 | I27: 2700 | J27: DIESEL
... A33: =IF(LEFT(E33,1)="1","SOL",IF(LEFT(E33,1)="2","CO",IF(LEFT(E33,1)="3","ALM",IF(LEFT(E33,1)="4","FAC","TRX")))) & "-" & B33 & "-" & TEXT(COUNTIFS($E$2:$E33,E33,$B$2:$B33,B33),"000") -> CO-23-012 | B33: 23 | C33: 46179 | D33: Jalisco | E33: 2. Consumo Real | F33: (Captura_Jalisco) Retroexcavadora | G33: 40 | H33: 27 | I33: 1080 | J33: DIESEL
A34: =IF(LEFT(E34,1)="1","SOL",IF(LEFT(E34,1)="2","CO",IF(LEFT(E34,1)="3","ALM",IF(LEFT(E34,1)="4","FAC","TRX")))) & "-" & B34 & "-" & TEXT(COUNTIFS($E$2:$E34,E34,$B$2:$B34,B34),"000") -> SOL-24-001 | B34: 24 | C34: 46181 | D34: México-Toluca | E34: 1. Solicitud | F34: Vogel | G34: 200 | H34: 27 | I34: 5400 | J34: DIESEL | K34: 27
A35: =IF(LEFT(E35,1)="1","SOL",IF(LEFT(E35,1)="2","CO",IF(LEFT(E35,1)="3","ALM",IF(LEFT(E35,1)="4","FAC","TRX")))) & "-" & B35 & "-" & TEXT(COUNTIFS($E$2:$E35,E35,$B$2:$B35,B35),"000") -> SOL-24-002 | B35: 24 | C35: 46181 | D35: México-Toluca | E35: 1. Solicitud | F35: Perfiladora | G35: 300 | H35: 27 | I35: 8100 | J35: DIESEL | K35: 27
A36: =IF(LEFT(E36,1)="1","SOL",IF(LEFT(E36,1)="2","CO",IF(LEFT(E36,1)="3","ALM",IF(LEFT(E36,1)="4","FAC","TRX")))) & "-" & B36 & "-" & TEXT(COUNTIFS($E$2:$E36,E36,$B$2:$B36,B36),"000") -> SOL-24-003 | B36: 24 | C36: 46181 | D36: México-Toluca | E36: 1. Solicitud | F36: Retroexcavadora | G36: 30 | H36: 27 | I36: 810 | J36: DIESEL | K36: 27
A37: =IF(LEFT(E37,1)="1","SOL",IF(LEFT(E37,1)="2","CO",IF(LEFT(E37,1)="3","ALM",IF(LEFT(E37,1)="4","FAC","TRX")))) & "-" & B37 & "-" & TEXT(COUNTIFS($E$2:$E37,E37,$B$2:$B37,B37),"000") -> SOL-24-004 | B37: 24 | C37: 46181 | D37: México-Toluca | E37: 1. Solicitud | F37: Barredora | G37: 20 | H37: 27 | I37: 540 | J37: DIESEL | K37: 27
A38: =IF(LEFT(E38,1)="1","SOL",IF(LEFT(E38,1)="2","CO",IF(LEFT(E38,1)="3","ALM",IF(LEFT(E38,1)="4","FAC","TRX")))) & "-" & B38 & "-" & TEXT(COUNTIFS($E$2:$E38,E38,$B$2:$B38,B38),"000") -> SOL-24-005 | B38: 24 | C38: 46181 | D38: México-Toluca | E38: 1. Solicitud | F38: Neuomatico | G38: 30 | H38: 27 | I38: 810 | J38: DIESEL | K38: 27
A39: =IF(LEFT(E39,1)="1","SOL",IF(LEFT(E39,1)="2","CO",IF(LEFT(E39,1)="3","ALM",IF(LEFT(E39,1)="4","FAC","TRX")))) & "-" & B39 & "-" & TEXT(COUNTIFS($E$2:$E39,E39,$B$2:$B39,B39),"000") -> SOL-24-006 | B39: 24 | C39: 46181 | D39: México-Toluca | E39: 1. Solicitud | F39: Compactador | G39: 30 | H39: 27 | I39: 810 | J39: DIESEL | K39: 27
A40: =IF(LEFT(E40,1)="1","SOL",IF(LEFT(E40,1)="2","CO",IF(LEFT(E40,1)="3","ALM",IF(LEFT(E40,1)="4","FAC","TRX")))) & "-" & B40 & "-" & TEXT(COUNTIFS($E$2:$E40,E40,$B$2:$B40,B40),"000") -> SOL-24-007 | B40: 24 | C40: 46181 | D40: México-Toluca | E40: 1. Solicitud | F40: Limpieza | G40: 30 | H40: 27 | I40: 810 | J40: DIESEL | K40: 27
A41: =IF(LEFT(E41,1)="1","SOL",IF(LEFT(E41,1)="2","CO",IF(LEFT(E41,1)="3","ALM",IF(LEFT(E41,1)="4","FAC","TRX")))) & "-" & B41 & "-" & TEXT(COUNTIFS($E$2:$E41,E41,$B$2:$B41,B41),"000") -> SOL-24-008 | B41: 24 | C41: 46181 | D41: Lerma - Tres Marías | E41: 1. Solicitud | F41: Retroexcavadora | G41: 50 | H41: 27 | I41: 1350 | J41: DIESEL | K41: 27
A42: =IF(LEFT(E42,1)="1","SOL",IF(LEFT(E42,1)="2","CO",IF(LEFT(E42,1)="3","ALM",IF(LEFT(E42,1)="4","FAC","TRX")))) & "-" & B42 & "-" & TEXT(COUNTIFS($E$2:$E42,E42,$B$2:$B42,B42),"000") -> SOL-24-009 | B42: 24 | C42: 46181 | D42: Lerma - Tres Marías | E42: 1. Solicitud | F42: Neuomatico | G42: 50 | H42: 27 | I42: 1350 | J42: DIESEL | K42: 27
A43: =IF(LEFT(E43,1)="1","SOL",IF(LEFT(E43,1)="2","CO",IF(LEFT(E43,1)="3","ALM",IF(LEFT(E43,1)="4","FAC","TRX")))) & "-" & B43 & "-" & TEXT(COUNTIFS($E$2:$E43,E43,$B$2:$B43,B43),"000") -> SOL-24-010 | B43: 24 | C43: 46181 | D43: Lerma - Tres Marías | E43: 1. Solicitud | F43: Petrolizadora | G43: 60 | H43: 27 | I43: 1620 | J43: DIESEL | K43: 27
A44: =IF(LEFT(E44,1)="1","SOL",IF(LEFT(E44,1)="2","CO",IF(LEFT(E44,1)="3","ALM",IF(LEFT(E44,1)="4","FAC","TRX")))) & "-" & B44 & "-" & TEXT(COUNTIFS($E$2:$E44,E44,$B$2:$B44,B44),"000") -> SOL-24-011 | B44: 24 | C44: 46181 | D44: Chamapa-Lechería | E44: 1. Solicitud | F44: Perfiladora Wirgent | G44: 250 | H44: 27 | I44: 6750 | J44: DIESEL | K44: 27
A45: =IF(LEFT(E45,1)="1","SOL",IF(LEFT(E45,1)="2","CO",IF(LEFT(E45,1)="3","ALM",IF(LEFT(E45,1)="4","FAC","TRX")))) & "-" & B45 & "-" & TEXT(COUNTIFS($E$2:$E45,E45,$B$2:$B45,B45),"000") -> SOL-24-012 | B45: 24 | C45: 46181 | D45: Chamapa-Lechería | E45: 1. Solicitud | F45: Perfiladora Cat-PM | G45: 150 | H45: 27 | I45: 4050 | J45: DIESEL | K45: 27
... A57: =IF(LEFT(E57,1)="1","SOL",IF(LEFT(E57,1)="2","CO",IF(LEFT(E57,1)="3","ALM",IF(LEFT(E57,1)="4","FAC","TRX")))) & "-" & B57 & "-" & TEXT(COUNTIFS($E$2:$E57,E57,$B$2:$B57,B57),"000") -> SOL-24-024 | B57: 24 | C57: 46181 | D57: Chamapa-Lechería | E57: 1. Solicitud | F57: Rastrillador | G57: 10 | H57: 27 | I57: 270 | J57: DIESEL | K57: 27
A58: =IF(LEFT(E58,1)="1","SOL",IF(LEFT(E58,1)="2","CO",IF(LEFT(E58,1)="3","ALM",IF(LEFT(E58,1)="4","FAC","TRX")))) & "-" & B58 & "-" & TEXT(COUNTIFS($E$2:$E58,E58,$B$2:$B58,B58),"000") -> CO-24-001 | B58: 24 | C58: 46181 | D58: México-Toluca | E58: 2. Consumo Real | F58: Neuomatico | G58: 30 | H58: 27 | I58: 810 | J58: DIESEL
A59: =IF(LEFT(E59,1)="1","SOL",IF(LEFT(E59,1)="2","CO",IF(LEFT(E59,1)="3","ALM",IF(LEFT(E59,1)="4","FAC","TRX")))) & "-" & B59 & "-" & TEXT(COUNTIFS($E$2:$E59,E59,$B$2:$B59,B59),"000") -> CO-24-002 | B59: 24 | C59: 46181 | D59: México-Toluca | E59: 2. Consumo Real | F59: Compactador | G59: 32 | H59: 27 | I59: 864 | J59: DIESEL
A60: =IF(LEFT(E60,1)="1","SOL",IF(LEFT(E60,1)="2","CO",IF(LEFT(E60,1)="3","ALM",IF(LEFT(E60,1)="4","FAC","TRX")))) & "-" & B60 & "-" & TEXT(COUNTIFS($E$2:$E60,E60,$B$2:$B60,B60),"000") -> CO-24-003 | B60: 24 | C60: 46181 | D60: México-Toluca | E60: 2. Consumo Real | F60: Perfiladora | G60: 277 | H60: 27 | I60: 7479 | J60: DIESEL
A61: =IF(LEFT(E61,1)="1","SOL",IF(LEFT(E61,1)="2","CO",IF(LEFT(E61,1)="3","ALM",IF(LEFT(E61,1)="4","FAC","TRX")))) & "-" & B61 & "-" & TEXT(COUNTIFS($E$2:$E61,E61,$B$2:$B61,B61),"000") -> CO-24-004 | B61: 24 | C61: 46181 | D61: México-Toluca | E61: 2. Consumo Real | F61: Retroexcavadora | G61: 30 | H61: 27 | I61: 810 | J61: DIESEL
A62: =IF(LEFT(E62,1)="1","SOL",IF(LEFT(E62,1)="2","CO",IF(LEFT(E62,1)="3","ALM",IF(LEFT(E62,1)="4","FAC","TRX")))) & "-" & B62 & "-" & TEXT(COUNTIFS($E$2:$E62,E62,$B$2:$B62,B62),"000") -> CO-24-005 | B62: 24 | C62: 46181 | D62: Lerma - Tres Marías | E62: 2. Consumo Real | F62: Vogel | G62: 97 | H62: 27 | I62: 2619 | J62: DIESEL
A63: =IF(LEFT(E63,1)="1","SOL",IF(LEFT(E63,1)="2","CO",IF(LEFT(E63,1)="3","ALM",IF(LEFT(E63,1)="4","FAC","TRX")))) & "-" & B63 & "-" & TEXT(COUNTIFS($E$2:$E63,E63,$B$2:$B63,B63),"000") -> CO-24-006 | B63: 24 | C63: 46181 | D63: Chamapa-Lechería | E63: 2. Consumo Real | F63: Perfiladora Wirgent | G63: 198 | H63: 27 | I63: 5346 | J63: DIESEL
A64: =IF(LEFT(E64,1)="1","SOL",IF(LEFT(E64,1)="2","CO",IF(LEFT(E64,1)="3","ALM",IF(LEFT(E64,1)="4","FAC","TRX")))) & "-" & B64 & "-" & TEXT(COUNTIFS($E$2:$E64,E64,$B$2:$B64,B64),"000") -> CO-24-007 | B64: 24 | C64: 46181 | D64: Chamapa-Lechería | E64: 2. Consumo Real | F64: Maxilihgs | G64: 10 | H64: 27 | I64: 270 | J64: DIESEL
A65: =IF(LEFT(E65,1)="1","SOL",IF(LEFT(E65,1)="2","CO",IF(LEFT(E65,1)="3","ALM",IF(LEFT(E65,1)="4","FAC","TRX")))) & "-" & B65 & "-" & TEXT(COUNTIFS($E$2:$E65,E65,$B$2:$B65,B65),"000") -> CO-24-008 | B65: 24 | C65: 46181 | D65: Chamapa-Lechería | E65: 2. Consumo Real | F65: Neuomatico Dynapac | G65: 27 | H65: 27 | I65: 729 | J65: DIESEL
A66: =IF(LEFT(E66,1)="1","SOL",IF(LEFT(E66,1)="2","CO",IF(LEFT(E66,1)="3","ALM",IF(LEFT(E66,1)="4","FAC","TRX")))) & "-" & B66 & "-" & TEXT(COUNTIFS($E$2:$E66,E66,$B$2:$B66,B66),"000") -> CO-24-009 | B66: 24 | C66: 46181 | D66: Chamapa-Lechería | E66: 2. Consumo Real | F66: Compresor | G66: 30 | H66: 27 | I66: 810 | J66: DIESEL
A67: =IF(LEFT(E67,1)="1","SOL",IF(LEFT(E67,1)="2","CO",IF(LEFT(E67,1)="3","ALM",IF(LEFT(E67,1)="4","FAC","TRX")))) & "-" & B67 & "-" & TEXT(COUNTIFS($E$2:$E67,E67,$B$2:$B67,B67),"000") -> CO-24-010 | B67: 24 | C67: 46181 | D67: Chamapa-Lechería | E67: 2. Consumo Real | F67: Retroexcavadora Jonh Deere | G67: 40 | H67: 27 | I67: 1080 | J67: DIESEL
A68: =IF(LEFT(E68,1)="1","SOL",IF(LEFT(E68,1)="2","CO",IF(LEFT(E68,1)="3","ALM",IF(LEFT(E68,1)="4","FAC","TRX")))) & "-" & B68 & "-" & TEXT(COUNTIFS($E$2:$E68,E68,$B$2:$B68,B68),"000") -> CO-24-011 | B68: 24 | C68: 46181 | D68: Chamapa-Lechería | E68: 2. Consumo Real | F68: Vogele Guion | G68: 120 | H68: 27 | I68: 3240 | J68: DIESEL
A69: =IF(LEFT(E69,1)="1","SOL",IF(LEFT(E69,1)="2","CO",IF(LEFT(E69,1)="3","ALM",IF(LEFT(E69,1)="4","FAC","TRX")))) & "-" & B69 & "-" & TEXT(COUNTIFS($E$2:$E69,E69,$B$2:$B69,B69),"000") -> CO-24-012 | B69: 24 | C69: 46181 | D69: Chamapa-Lechería | E69: 2. Consumo Real | F69: Petrolizadora Elton | G69: 30 | H69: 27 | I69: 810 | J69: DIESEL
... A86: =IF(LEFT(E86,1)="1","SOL",IF(LEFT(E86,1)="2","CO",IF(LEFT(E86,1)="3","ALM",IF(LEFT(E86,1)="4","FAC","TRX")))) & "-" & B86 & "-" & TEXT(COUNTIFS($E$2:$E86,E86,$B$2:$B86,B86),"000") -> CO-24-029 | B86: 24 | C86: 46181 | D86: Jalisco | E86: 2. Consumo Real | F86: (Captura_Jalisco) Vibro Compactador | G86: 40 | H86: 27 | I86: 1080 | J86: DIESEL
A87: =IF(LEFT(E87,1)="1","SOL",IF(LEFT(E87,1)="2","CO",IF(LEFT(E87,1)="3","ALM",IF(LEFT(E87,1)="4","FAC","TRX")))) & "-" & B87 & "-" & TEXT(COUNTIFS($E$2:$E87,E87,$B$2:$B87,B87),"000") -> SOL-24-025 | B87: 24 | C87: 46182 | D87: Chamapa-Lechería | E87: 1. Solicitud | F87: Perfiladora Wirgent | G87: 250 | H87: 27 | I87: 6750 | J87: DIESEL | K87: 27
A88: =IF(LEFT(E88,1)="1","SOL",IF(LEFT(E88,1)="2","CO",IF(LEFT(E88,1)="3","ALM",IF(LEFT(E88,1)="4","FAC","TRX")))) & "-" & B88 & "-" & TEXT(COUNTIFS($E$2:$E88,E88,$B$2:$B88,B88),"000") -> SOL-24-026 | B88: 24 | C88: 46182 | D88: Chamapa-Lechería | E88: 1. Solicitud | F88: Barredora Broce | G88: 40 | H88: 27 | I88: 1080 | J88: DIESEL | K88: 27
A89: =IF(LEFT(E89,1)="1","SOL",IF(LEFT(E89,1)="2","CO",IF(LEFT(E89,1)="3","ALM",IF(LEFT(E89,1)="4","FAC","TRX")))) & "-" & B89 & "-" & TEXT(COUNTIFS($E$2:$E89,E89,$B$2:$B89,B89),"000") -> SOL-24-027 | B89: 24 | C89: 46182 | D89: Chamapa-Lechería | E89: 1. Solicitud | F89: Retroexcavadora Jonh Deere | G89: 60 | H89: 27 | I89: 1620 | J89: DIESEL | K89: 27
A90: =IF(LEFT(E90,1)="1","SOL",IF(LEFT(E90,1)="2","CO",IF(LEFT(E90,1)="3","ALM",IF(LEFT(E90,1)="4","FAC","TRX")))) & "-" & B90 & "-" & TEXT(COUNTIFS($E$2:$E90,E90,$B$2:$B90,B90),"000") -> SOL-24-028 | B90: 24 | C90: 46182 | D90: Chamapa-Lechería | E90: 1. Solicitud | F90: Buggy Trasnfer | G90: 100 | H90: 27 | I90: 2700 | J90: DIESEL | K90: 27
A91: =IF(LEFT(E91,1)="1","SOL",IF(LEFT(E91,1)="2","CO",IF(LEFT(E91,1)="3","ALM",IF(LEFT(E91,1)="4","FAC","TRX")))) & "-" & B91 & "-" & TEXT(COUNTIFS($E$2:$E91,E91,$B$2:$B91,B91),"000") -> SOL-24-029 | B91: 24 | C91: 46182 | D91: Chamapa-Lechería | E91: 1. Solicitud | F91: Vogele Guion | G91: 100 | H91: 27 | I91: 2700 | J91: DIESEL | K91: 27
A92: =IF(LEFT(E92,1)="1","SOL",IF(LEFT(E92,1)="2","CO",IF(LEFT(E92,1)="3","ALM",IF(LEFT(E92,1)="4","FAC","TRX")))) & "-" & B92 & "-" & TEXT(COUNTIFS($E$2:$E92,E92,$B$2:$B92,B92),"000") -> SOL-24-030 | B92: 24 | C92: 46182 | D92: Chamapa-Lechería | E92: 1. Solicitud | F92: Limpieza | G92: 20 | H92: 27 | I92: 540 | J92: DIESEL | K92: 27
A93: =IF(LEFT(E93,1)="1","SOL",IF(LEFT(E93,1)="2","CO",IF(LEFT(E93,1)="3","ALM",IF(LEFT(E93,1)="4","FAC","TRX")))) & "-" & B93 & "-" & TEXT(COUNTIFS($E$2:$E93,E93,$B$2:$B93,B93),"000") -> SOL-24-031 | B93: 24 | C93: 46182 | D93: Chamapa-Lechería | E93: 1. Solicitud | F93: Tandem Hamm | G93: 50 | H93: 27 | I93: 1350 | J93: DIESEL | K93: 27
A94: =IF(LEFT(E94,1)="1","SOL",IF(LEFT(E94,1)="2","CO",IF(LEFT(E94,1)="3","ALM",IF(LEFT(E94,1)="4","FAC","TRX")))) & "-" & B94 & "-" & TEXT(COUNTIFS($E$2:$E94,E94,$B$2:$B94,B94),"000") -> SOL-24-032 | B94: 24 | C94: 46182 | D94: Chamapa-Lechería | E94: 1. Solicitud | F94: Neuomatico Dynapac | G94: 50 | H94: 27 | I94: 1350 | J94: DIESEL | K94: 27
A95: =IF(LEFT(E95,1)="1","SOL",IF(LEFT(E95,1)="2","CO",IF(LEFT(E95,1)="3","ALM",IF(LEFT(E95,1)="4","FAC","TRX")))) & "-" & B95 & "-" & TEXT(COUNTIFS($E$2:$E95,E95,$B$2:$B95,B95),"000") -> SOL-24-033 | B95: 24 | C95: 46182 | D95: Chamapa-Lechería | E95: 1. Solicitud | F95: Petrolizadora Elton | G95: 50 | H95: 27 | I95: 1350 | J95: DIESEL | K95: 27
A96: =IF(LEFT(E96,1)="1","SOL",IF(LEFT(E96,1)="2","CO",IF(LEFT(E96,1)="3","ALM",IF(LEFT(E96,1)="4","FAC","TRX")))) & "-" & B96 & "-" & TEXT(COUNTIFS($E$2:$E96,E96,$B$2:$B96,B96),"000") -> SOL-24-034 | B96: 24 | C96: 46182 | D96: Chamapa-Lechería | E96: 1. Solicitud | F96: Maxilihgs | G96: 40 | H96: 27 | I96: 1080 | J96: DIESEL | K96: 27
A97: =IF(LEFT(E97,1)="1","SOL",IF(LEFT(E97,1)="2","CO",IF(LEFT(E97,1)="3","ALM",IF(LEFT(E97,1)="4","FAC","TRX")))) & "-" & B97 & "-" & TEXT(COUNTIFS($E$2:$E97,E97,$B$2:$B97,B97),"000") -> SOL-24-035 | B97: 24 | C97: 46182 | D97: Chamapa-Lechería | E97: 1. Solicitud | F97: Compresor | G97: 30 | H97: 27 | I97: 810 | J97: DIESEL | K97: 27
A98: =IF(LEFT(E98,1)="1","SOL",IF(LEFT(E98,1)="2","CO",IF(LEFT(E98,1)="3","ALM",IF(LEFT(E98,1)="4","FAC","TRX")))) & "-" & B98 & "-" & TEXT(COUNTIFS($E$2:$E98,E98,$B$2:$B98,B98),"000") -> SOL-24-036 | B98: 24 | C98: 46182 | D98: Lerma - Tres Marías | E98: 1. Solicitud | F98: Retroexcavadora | G98: 50 | H98: 27 | I98: 1350 | J98: DIESEL | K98: 27
... A101: =IF(LEFT(E101,1)="1","SOL",IF(LEFT(E101,1)="2","CO",IF(LEFT(E101,1)="3","ALM",IF(LEFT(E101,1)="4","FAC","TRX")))) & "-" & B101 & "-" & TEXT(COUNTIFS($E$2:$E101,E101,$B$2:$B101,B101),"000") -> SOL-24-039 | B101: 24 | C101: 46182 | D101: Lerma - Tres Marías | E101: 1. Solicitud | F101: Doble Rodillo | G101: 50 | H101: 27 | I101: 1350 | J101: DIESEL | K101: 27
A102: =IF(LEFT(E102,1)="1","SOL",IF(LEFT(E102,1)="2","CO",IF(LEFT(E102,1)="3","ALM",IF(LEFT(E102,1)="4","FAC","TRX")))) & "-" & B102 & "-" & TEXT(COUNTIFS($E$2:$E102,E102,$B$2:$B102,B102),"000") -> CO-24-030 | B102: 24 | C102: 46182 | D102: Chamapa-Lechería | E102: 2. Consumo Real | F102: Barredora Broce | G102: 30 | H102: 27 | I102: 810 | J102: DIESEL
A103: =IF(LEFT(E103,1)="1","SOL",IF(LEFT(E103,1)="2","CO",IF(LEFT(E103,1)="3","ALM",IF(LEFT(E103,1)="4","FAC","TRX")))) & "-" & B103 & "-" & TEXT(COUNTIFS($E$2:$E103,E103,$B$2:$B103,B103),"000") -> CO-24-031 | B103: 24 | C103: 46182 | D103: Chamapa-Lechería | E103: 2. Consumo Real | F103: Buggy Trasnfer | G103: 100 | H103: 27 | I103: 2700 | J103: DIESEL
A104: =IF(LEFT(E104,1)="1","SOL",IF(LEFT(E104,1)="2","CO",IF(LEFT(E104,1)="3","ALM",IF(LEFT(E104,1)="4","FAC","TRX")))) & "-" & B104 & "-" & TEXT(COUNTIFS($E$2:$E104,E104,$B$2:$B104,B104),"000") -> CO-24-032 | B104: 24 | C104: 46182 | D104: Chamapa-Lechería | E104: 2. Consumo Real | F104: Tandem Hamm | G104: 30 | H104: 27 | I104: 810 | J104: DIESEL
A105: =IF(LEFT(E105,1)="1","SOL",IF(LEFT(E105,1)="2","CO",IF(LEFT(E105,1)="3","ALM",IF(LEFT(E105,1)="4","FAC","TRX")))) & "-" & B105 & "-" & TEXT(COUNTIFS($E$2:$E105,E105,$B$2:$B105,B105),"000") -> CO-24-033 | B105: 24 | C105: 46182 | D105: Chamapa-Lechería | E105: 2. Consumo Real | F105: Perfiladora Wirgent | G105: 150 | H105: 27 | I105: 4050 | J105: DIESEL
A106: =IF(LEFT(E106,1)="1","SOL",IF(LEFT(E106,1)="2","CO",IF(LEFT(E106,1)="3","ALM",IF(LEFT(E106,1)="4","FAC","TRX")))) & "-" & B106 & "-" & TEXT(COUNTIFS($E$2:$E106,E106,$B$2:$B106,B106),"000") -> CO-24-034 | B106: 24 | C106: 46182 | D106: Chamapa-Lechería | E106: 2. Consumo Real | F106: Petrolizadora Elton | G106: 50 | H106: 27 | I106: 1350 | J106: DIESEL
A107: =IF(LEFT(E107,1)="1","SOL",IF(LEFT(E107,1)="2","CO",IF(LEFT(E107,1)="3","ALM",IF(LEFT(E107,1)="4","FAC","TRX")))) & "-" & B107 & "-" & TEXT(COUNTIFS($E$2:$E107,E107,$B$2:$B107,B107),"000") -> CO-24-035 | B107: 24 | C107: 46182 | D107: Chamapa-Lechería | E107: 2. Consumo Real | F107: Vogele Guion | G107: 136 | H107: 27 | I107: 3672 | J107: DIESEL
A108: =IF(LEFT(E108,1)="1","SOL",IF(LEFT(E108,1)="2","CO",IF(LEFT(E108,1)="3","ALM",IF(LEFT(E108,1)="4","FAC","TRX")))) & "-" & B108 & "-" & TEXT(COUNTIFS($E$2:$E108,E108,$B$2:$B108,B108),"000") -> CO-24-036 | B108: 24 | C108: 46182 | D108: Chamapa-Lechería | E108: 2. Consumo Real | F108: Tandem Hamm | G108: 30 | H108: 27 | I108: 810 | J108: DIESEL
A109: =IF(LEFT(E109,1)="1","SOL",IF(LEFT(E109,1)="2","CO",IF(LEFT(E109,1)="3","ALM",IF(LEFT(E109,1)="4","FAC","TRX")))) & "-" & B109 & "-" & TEXT(COUNTIFS($E$2:$E109,E109,$B$2:$B109,B109),"000") -> CO-24-037 | B109: 24 | C109: 46182 | D109: Chamapa-Lechería | E109: 2. Consumo Real | F109: Neuomatico | G109: 30 | H109: 27 | I109: 810 | J109: DIESEL
A110: =IF(LEFT(E110,1)="1","SOL",IF(LEFT(E110,1)="2","CO",IF(LEFT(E110,1)="3","ALM",IF(LEFT(E110,1)="4","FAC","TRX")))) & "-" & B110 & "-" & TEXT(COUNTIFS($E$2:$E110,E110,$B$2:$B110,B110),"000") -> CO-24-038 | B110: 24 | C110: 46182 | D110: Chamapa-Lechería | E110: 2. Consumo Real | F110: Buggy Trasnfer | G110: 100 | H110: 27 | I110: 2700 | J110: DIESEL
A111: =IF(LEFT(E111,1)="1","SOL",IF(LEFT(E111,1)="2","CO",IF(LEFT(E111,1)="3","ALM",IF(LEFT(E111,1)="4","FAC","TRX")))) & "-" & B111 & "-" & TEXT(COUNTIFS($E$2:$E111,E111,$B$2:$B111,B111),"000") -> CO-24-039 | B111: 24 | C111: 46182 | D111: Chamapa-Lechería | E111: 2. Consumo Real | F111: Retroexcavadora Jonh Deere | G111: 60 | H111: 27 | I111: 1620 | J111: DIESEL
A112: =IF(LEFT(E112,1)="1","SOL",IF(LEFT(E112,1)="2","CO",IF(LEFT(E112,1)="3","ALM",IF(LEFT(E112,1)="4","FAC","TRX")))) & "-" & B112 & "-" & TEXT(COUNTIFS($E$2:$E112,E112,$B$2:$B112,B112),"000") -> CO-24-040 | B112: 24 | C112: 46182 | D112: Chamapa-Lechería | E112: 2. Consumo Real | F112: Compresor | G112: 20 | H112: 27 | I112: 540 | J112: DIESEL
A113: =IF(LEFT(E113,1)="1","SOL",IF(LEFT(E113,1)="2","CO",IF(LEFT(E113,1)="3","ALM",IF(LEFT(E113,1)="4","FAC","TRX")))) & "-" & B113 & "-" & TEXT(COUNTIFS($E$2:$E113,E113,$B$2:$B113,B113),"000") -> CO-24-041 | B113: 24 | C113: 46182 | D113: Lerma - Tres Marías | E113: 2. Consumo Real | F113: Retroexcavadora | G113: 70 | H113: 27 | I113: 1890 | J113: DIESEL
... A126: =IF(LEFT(E126,1)="1","SOL",IF(LEFT(E126,1)="2","CO",IF(LEFT(E126,1)="3","ALM",IF(LEFT(E126,1)="4","FAC","TRX")))) & "-" & B126 & "-" & TEXT(COUNTIFS($E$2:$E126,E126,$B$2:$B126,B126),"000") -> CO-24-054 | B126: 24 | C126: 46182 | D126: Chamapa-Lechería | E126: 2. Consumo Real | F126: (Captura_Marimba_M01) Compresor | G126: 20 | H126: 28.3 | I126: 566 | J126: DIESEL
A127: =IF(LEFT(E127,1)="1","SOL",IF(LEFT(E127,1)="2","CO",IF(LEFT(E127,1)="3","ALM",IF(LEFT(E127,1)="4","FAC","TRX")))) & "-" & B127 & "-" & TEXT(COUNTIFS($E$2:$E127,E127,$B$2:$B127,B127),"000") -> SOL-24-040 | B127: 24 | C127: 46183 | D127: México-Toluca | E127: 1. Solicitud | F127: Perfiladora | G127: 250 | H127: 27 | I127: 6750 | J127: DIESEL | K127: 27
A128: =IF(LEFT(E128,1)="1","SOL",IF(LEFT(E128,1)="2","CO",IF(LEFT(E128,1)="3","ALM",IF(LEFT(E128,1)="4","FAC","TRX")))) & "-" & B128 & "-" & TEXT(COUNTIFS($E$2:$E128,E128,$B$2:$B128,B128),"000") -> SOL-24-041 | B128: 24 | C128: 46183 | D128: México-Toluca | E128: 1. Solicitud | F128: Retroexcavadora | G128: 30 | H128: 27 | I128: 810 | J128: DIESEL | K128: 27
A129: =IF(LEFT(E129,1)="1","SOL",IF(LEFT(E129,1)="2","CO",IF(LEFT(E129,1)="3","ALM",IF(LEFT(E129,1)="4","FAC","TRX")))) & "-" & B129 & "-" & TEXT(COUNTIFS($E$2:$E129,E129,$B$2:$B129,B129),"000") -> SOL-24-042 | B129: 24 | C129: 46183 | D129: México-Toluca | E129: 1. Solicitud | F129: Barredora | G129: 20 | H129: 27 | I129: 540 | J129: DIESEL | K129: 27
A130: =IF(LEFT(E130,1)="1","SOL",IF(LEFT(E130,1)="2","CO",IF(LEFT(E130,1)="3","ALM",IF(LEFT(E130,1)="4","FAC","TRX")))) & "-" & B130 & "-" & TEXT(COUNTIFS($E$2:$E130,E130,$B$2:$B130,B130),"000") -> SOL-24-043 | B130: 24 | C130: 46183 | D130: México-Toluca | E130: 1. Solicitud | F130: Maxilihgs | G130: 20 | H130: 27 | I130: 540 | J130: DIESEL | K130: 27
A131: =IF(LEFT(E131,1)="1","SOL",IF(LEFT(E131,1)="2","CO",IF(LEFT(E131,1)="3","ALM",IF(LEFT(E131,1)="4","FAC","TRX")))) & "-" & B131 & "-" & TEXT(COUNTIFS($E$2:$E131,E131,$B$2:$B131,B131),"000") -> CO-24-055 | B131: 24 | C131: 46183 | D131: México-Toluca | E131: 2. Consumo Real | F131: Barredora | G131: 20 | H131: 27 | I131: 540 | J131: DIESEL
A132: =IF(LEFT(E132,1)="1","SOL",IF(LEFT(E132,1)="2","CO",IF(LEFT(E132,1)="3","ALM",IF(LEFT(E132,1)="4","FAC","TRX")))) & "-" & B132 & "-" & TEXT(COUNTIFS($E$2:$E132,E132,$B$2:$B132,B132),"000") -> CO-24-056 | B132: 24 | C132: 46183 | D132: México-Toluca | E132: 2. Consumo Real | F132: Perfiladora | G132: 250 | H132: 27 | I132: 6750 | J132: DIESEL
A133: =IF(LEFT(E133,1)="1","SOL",IF(LEFT(E133,1)="2","CO",IF(LEFT(E133,1)="3","ALM",IF(LEFT(E133,1)="4","FAC","TRX")))) & "-" & B133 & "-" & TEXT(COUNTIFS($E$2:$E133,E133,$B$2:$B133,B133),"000") -> CO-24-057 | B133: 24 | C133: 46183 | D133: México-Toluca | E133: 2. Consumo Real | F133: Retroexcavadora | G133: 30 | H133: 27 | I133: 810 | J133: DIESEL
A134: =IF(LEFT(E134,1)="1","SOL",IF(LEFT(E134,1)="2","CO",IF(LEFT(E134,1)="3","ALM",IF(LEFT(E134,1)="4","FAC","TRX")))) & "-" & B134 & "-" & TEXT(COUNTIFS($E$2:$E134,E134,$B$2:$B134,B134),"000") -> CO-24-058 | B134: 24 | C134: 46183 | D134: Bacheo Toluca | E134: 2. Consumo Real | F134: Bidones | G134: 100 | H134: 27 | I134: 2700 | J134: DIESEL
A135: =IF(LEFT(E135,1)="1","SOL",IF(LEFT(E135,1)="2","CO",IF(LEFT(E135,1)="3","ALM",IF(LEFT(E135,1)="4","FAC","TRX")))) & "-" & B135 & "-" & TEXT(COUNTIFS($E$2:$E135,E135,$B$2:$B135,B135),"000") -> CO-24-059 | B135: 24 | C135: 46183 | D135: México-Toluca | E135: 2. Consumo Real | F135: (Captura_Marimba_M01) Barredora | G135: 20 | H135: 28.3 | I135: 566 | J135: DIESEL
A136: =IF(LEFT(E136,1)="1","SOL",IF(LEFT(E136,1)="2","CO",IF(LEFT(E136,1)="3","ALM",IF(LEFT(E136,1)="4","FAC","TRX")))) & "-" & B136 & "-" & TEXT(COUNTIFS($E$2:$E136,E136,$B$2:$B136,B136),"000") -> CO-24-060 | B136: 24 | C136: 46183 | D136: México-Toluca | E136: 2. Consumo Real | F136: (Captura_Marimba_M01) Perfiladora | G136: 250 | H136: 28.3 | I136: 7075 | J136: DIESEL
A137: =IF(LEFT(E137,1)="1","SOL",IF(LEFT(E137,1)="2","CO",IF(LEFT(E137,1)="3","ALM",IF(LEFT(E137,1)="4","FAC","TRX")))) & "-" & B137 & "-" & TEXT(COUNTIFS($E$2:$E137,E137,$B$2:$B137,B137),"000") -> CO-24-061 | B137: 24 | C137: 46183 | D137: México-Toluca | E137: 2. Consumo Real | F137: (Captura_Marimba_M01) Retroexcavadora | G137: 30 | H137: 28.3 | I137: 849 | J137: DIESEL
A138: =IF(LEFT(E138,1)="1","SOL",IF(LEFT(E138,1)="2","CO",IF(LEFT(E138,1)="3","ALM",IF(LEFT(E138,1)="4","FAC","TRX")))) & "-" & B138 & "-" & TEXT(COUNTIFS($E$2:$E138,E138,$B$2:$B138,B138),"000") -> SOL-24-044 | B138: 24 | C138: 46184 | D138: Lerma - Tres Marías | E138: 1. Solicitud | F138: Petrolizadora | G138: 80 | H138: 27 | I138: 2160 | J138: DIESEL | K138: 27
A139: =IF(LEFT(E139,1)="1","SOL",IF(LEFT(E139,1)="2","CO",IF(LEFT(E139,1)="3","ALM",IF(LEFT(E139,1)="4","FAC","TRX")))) & "-" & B139 & "-" & TEXT(COUNTIFS($E$2:$E139,E139,$B$2:$B139,B139),"000") -> SOL-24-045 | B139: 24 | C139: 46184 | D139: Lerma - Tres Marías | E139: 1. Solicitud | F139: Camion de Impacto | G139: 80 | H139: 27 | I139: 2160 | J139: DIESEL | K139: 27
A140: =IF(LEFT(E140,1)="1","SOL",IF(LEFT(E140,1)="2","CO",IF(LEFT(E140,1)="3","ALM",IF(LEFT(E140,1)="4","FAC","TRX")))) & "-" & B140 & "-" & TEXT(COUNTIFS($E$2:$E140,E140,$B$2:$B140,B140),"000") -> SOL-24-046 | B140: 24 | C140: 46184 | D140: Lerma - Tres Marías | E140: 1. Solicitud | F140: Retroexcavadora | G140: 70 | H140: 27 | I140: 1890 | J140: DIESEL | K140: 27
A141: =IF(LEFT(E141,1)="1","SOL",IF(LEFT(E141,1)="2","CO",IF(LEFT(E141,1)="3","ALM",IF(LEFT(E141,1)="4","FAC","TRX")))) & "-" & B141 & "-" & TEXT(COUNTIFS($E$2:$E141,E141,$B$2:$B141,B141),"000") -> SOL-24-047 | B141: 24 | C141: 46184 | D141: Lerma - Tres Marías | E141: 1. Solicitud | F141: Doble Rodillo | G141: 40 | H141: 27 | I141: 1080 | J141: DIESEL | K141: 27
A142: =IF(LEFT(E142,1)="1","SOL",IF(LEFT(E142,1)="2","CO",IF(LEFT(E142,1)="3","ALM",IF(LEFT(E142,1)="4","FAC","TRX")))) & "-" & B142 & "-" & TEXT(COUNTIFS($E$2:$E142,E142,$B$2:$B142,B142),"000") -> SOL-24-048 | B142: 24 | C142: 46184 | D142: Lerma - Tres Marías | E142: 1. Solicitud | F142: Vogel | G142: 150 | H142: 27 | I142: 4050 | J142: DIESEL | K142: 27
A143: =IF(LEFT(E143,1)="1","SOL",IF(LEFT(E143,1)="2","CO",IF(LEFT(E143,1)="3","ALM",IF(LEFT(E143,1)="4","FAC","TRX")))) & "-" & B143 & "-" & TEXT(COUNTIFS($E$2:$E143,E143,$B$2:$B143,B143),"000") -> SOL-24-049 | B143: 24 | C143: 46184 | D143: Lerma - Tres Marías | E143: 1. Solicitud | F143: Limpieza | G143: 30 | H143: 27 | I143: 810 | J143: DIESEL | K143: 27
A144: =IF(LEFT(E144,1)="1","SOL",IF(LEFT(E144,1)="2","CO",IF(LEFT(E144,1)="3","ALM",IF(LEFT(E144,1)="4","FAC","TRX")))) & "-" & B144 & "-" & TEXT(COUNTIFS($E$2:$E144,E144,$B$2:$B144,B144),"000") -> SOL-24-050 | B144: 24 | C144: 46184 | D144: Lerma - Tres Marías | E144: 1. Solicitud | F144: Rastrillador | G144: 10 | H144: 27 | I144: 270 | J144: DIESEL | K144: 27
A145: =IF(LEFT(E145,1)="1","SOL",IF(LEFT(E145,1)="2","CO",IF(LEFT(E145,1)="3","ALM",IF(LEFT(E145,1)="4","FAC","TRX")))) & "-" & B145 & "-" & TEXT(COUNTIFS($E$2:$E145,E145,$B$2:$B145,B145),"000") -> CO-24-062 | B145: 24 | C145: 46184 | D145: México-Toluca | E145: 2. Consumo Real | F145: Compactador | G145: 30 | H145: 27 | I145: 810 | J145: DIESEL
A146: =IF(LEFT(E146,1)="1","SOL",IF(LEFT(E146,1)="2","CO",IF(LEFT(E146,1)="3","ALM",IF(LEFT(E146,1)="4","FAC","TRX")))) & "-" & B146 & "-" & TEXT(COUNTIFS($E$2:$E146,E146,$B$2:$B146,B146),"000") -> CO-24-063 | B146: 24 | C146: 46184 | D146: México-Toluca | E146: 2. Consumo Real | F146: Neuomatico | G146: 30 | H146: 27 | I146: 810 | J146: DIESEL
A147: =IF(LEFT(E147,1)="1","SOL",IF(LEFT(E147,1)="2","CO",IF(LEFT(E147,1)="3","ALM",IF(LEFT(E147,1)="4","FAC","TRX")))) & "-" & B147 & "-" & TEXT(COUNTIFS($E$2:$E147,E147,$B$2:$B147,B147),"000") -> CO-24-064 | B147: 24 | C147: 46184 | D147: México-Toluca | E147: 2. Consumo Real | F147: Vogel | G147: 136 | H147: 27 | I147: 3672 | J147: DIESEL
...

Sheet Dashboard_Ejecutivo
B2: Peticiones por Día y Obra | G2: Salidas Marimba por Día y Obra | L2: Salidas Pegaso a Obra | Q2: Consumo Total en Obra | V2: Resumen Semanal por Obra
B4: Fecha | C4: Obra | D4: Litros Solicitados | E4: Costo Estimado ($) | G4: Fecha | H4: Obra | I4: Salida (L) | J4: Costo Surtido ($) | L4: Fecha | M4: Obra | N4: Salida (L) | O4: Costo Surtido ($) | Q4: Fecha | R4: Obra | S4: Litros Recibidos | T4: Costo Surtido ($) | V4: Obra | W4: Litros Recibidos | X4: Costo Surtido ($)
B5: 2026-06-07 | C5: Lerma - Tres Marías | D5: 160 | E5: 4528 | G5: 2026-06-08 | H5: Chamapa-Lechería | I5: 455 | J5: 12876.5 | L5: 2026-06-08 | M5: Bacheo Toluca | N5: 180 | O5: 5094 | Q5: 2026-06-08 | R5: Bacheo Toluca | S5: 100 | T5: 2830 | V5: Bacheo Toluca | W5: 200 | X5: 5660
B6: 2026-06-07 | C6: México-Toluca | D6: 640 | E6: 18112 | G6: 2026-06-08 | H6: Lerma - Tres Marías | I6: 97 | J6: 2745.1 | L6: 2026-06-08 | M6: Planta Asfalto Pegaso | N6: 409 | O6: 11574.7 | Q6: 2026-06-08 | R6: Chamapa-Lechería | S6: 455 | T6: 12876.5 | V6: Chamapa-Lechería | W6: 1693 | X6: 47911.9
B7: 2026-06-08 | C7: Bacheo Toluca | D7: 100 | E7: 2830 | G7: 2026-06-08 | H7: México-Toluca | I7: 369 | J7: 10442.7 | L7: 2026-06-09 | M7: Lerma - Tres Marías | N7: 180 | O7: 5094 | Q7: 2026-06-08 | R7: Lerma - Tres Marías | S7: 97 | T7: 2745.1 | V7: Lerma - Tres Marías | W7: 872 | X7: 24677.6
B8: 2026-06-08 | C8: Chamapa-Lechería | D8: 990 | E8: 28017 | G8: 2026-06-09 | H8: Chamapa-Lechería | I8: 736 | J8: 20828.8 | L8: 2026-06-10 | M8: Bacheo Toluca | N8: 100 | O8: 2830 | Q8: 2026-06-08 | R8: México-Toluca | S8: 369 | T8: 10442.7 | V8: México-Toluca | W8: 1285 | X8: 36365.5
B9: 2026-06-09 | C9: Bacheo Toluca | D9: 100 | E9: 2830 | G9: 2026-06-10 | H9: México-Toluca | I9: 300 | J9: 8490 | L9: 2026-06-11 | M9: Lerma - Tres Marías | N9: 595 | O9: 16838.5 | Q9: 2026-06-08 | R9: Planta Asfalto Pegaso | S9: 409 | T9: 11574.7 | V9: Planta Asfalto Pegaso | W9: 647 | X9: 18310.1
B10: 2026-06-09 | C10: Chamapa-Lechería | D10: 790 | E10: 22357 | G10: 2026-06-11 | H10: México-Toluca | I10: 256 | J10: 7244.8 | L10: 2026-06-11 | M10: Planta Asfalto Pegaso | N10: 238 | O10: 6735.4 | Q10: 2026-06-09 | R10: Chamapa-Lechería | S10: 736 | T10: 20828.8 | X10: =SUM(X5:X9) -> 132925.1
B11: 2026-06-09 | C11: Lerma - Tres Marías | D11: 210 | E11: 5943 | G11: 2026-06-12 | H11: Chamapa-Lechería | I11: 502 | J11: 14206.6 | L11: 2026-06-12 | M11: Bacheo Toluca | N11: 70 | O11: 1981 | Q11: 2026-06-09 | R11: Lerma - Tres Marías | S11: 180 | T11: 5094
B12: 2026-06-10 | C12: México-Toluca | D12: 320 | E12: 9056 | G12: 2026-06-12 | H12: México-Toluca | I12: 360 | J12: 10188 | Q12: 2026-06-10 | R12: Bacheo Toluca | S12: 100 | T12: 2830
B13: 2026-06-11 | C13: Bacheo Toluca | D13: 70 | E13: 1981 | Q13: 2026-06-10 | R13: México-Toluca | S13: 300 | T13: 8490
B14: 2026-06-11 | C14: Lerma - Tres Marías | D14: 460 | E14: 13018 | Q14: 2026-06-11 | R14: Lerma - Tres Marías | S14: 595 | T14: 16838.5
B15: 2026-06-12 | C15: Chamapa-Lechería | D15: 620 | E15: 17546 | Q15: 2026-06-11 | R15: México-Toluca | S15: 256 | T15: 7244.8
B16: 2026-06-12 | C16: México-Toluca | D16: 540 | E16: 15282 | Q16: 2026-06-11 | R16: Planta Asfalto Pegaso | S16: 238 | T16: 6735.4
Q17: 2026-06-12 | R17: Chamapa-Lechería | S17: 502 | T17: 14206.6
Q18: 2026-06-12 | R18: México-Toluca | S18: 360 | T18: 10188
B35: Costos por Día (Petición vs Surtido) | G35: Costos por Obra (Petición vs Surtido) | L35: Totales Generales por Día | Q35: Totales Generales por Obra | V35: Reporte de Discrepancias (Faltantes/Sobrantes)
B37: Fecha | C37: Costo Solicitado ($) | D37: Costo Surtido ($) | G37: Obra | H37: Costo Solicitado ($) | I37: Costo Surtido ($) | L37: Fecha | M37: Litros Totales | N37: Costo Total ($) | Q37: Obra | R37: Litros Totales | S37: Costo Total ($) | V37: Fecha | W37: Obra | X37: Litros Surtidos | Y37: Litros Recibidos | Z37: Discrepancia (L)
B38: 2026-06-07 | C38: 22640 | D38: 0 | G38: Bacheo Toluca | H38: 7641 | I38: 9905 | L38: 2026-06-08 | M38: 1510 | N38: 42733 | Q38: Bacheo Toluca | R38: 350 | S38: 9905 | V38: 2026-06-08 | W38: Bacheo Toluca | X38: 180 | Y38: 100 | Z38: 80
B39: 2026-06-08 | C39: 30847 | D39: 42733 | G39: Chamapa-Lechería | H39: 67920 | I39: 47911.9 | L39: 2026-06-09 | M39: 916 | N39: 25922.8 | Q39: Chamapa-Lechería | R39: 1693 | S39: 47911.9 | V39: 2026-06-12 | W39: Bacheo Toluca | X39: 70 | Y39: 0 | Z39: 70
B40: 2026-06-09 | C40: 31130 | D40: 25922.8 | G40: Lerma - Tres Marías | H40: 23489 | I40: 24677.6 | L40: 2026-06-10 | M40: 400 | N40: 11320 | Q40: Lerma - Tres Marías | R40: 872 | S40: 24677.6
B41: 2026-06-10 | C41: 9056 | D41: 11320 | G41: México-Toluca | H41: 42450 | I41: 36365.5 | L41: 2026-06-11 | M41: 1089 | N41: 30818.7 | Q41: México-Toluca | R41: 1285 | S41: 36365.5
B42: 2026-06-11 | C42: 14999 | D42: 30818.7 | G42: Planta Asfalto Pegaso | H42: 0 | I42: 18310.1 | L42: 2026-06-12 | M42: 932 | N42: 26375.6 | Q42: Planta Asfalto Pegaso | R42: 647 | S42: 18310.1
B43: 2026-06-12 | C43: 32828 | D43: 26375.6

Sheet Captura_Pegaso
A1: GC-COMB-001 | BITÁCORA DE INVENTARIO PEGASO
A2: Responsable: | C2: Semana: | F2: Fecha entrega: | H2: Tanque: | I2: Pegaso | J2: Costo por litro base:
A4: Fecha | B4: Tipo Movimiento | C4: Origen/Destino | D4: Obra | E4: Equipo | F4: Economico | G4: Entrada (L) | H4: Salida (L) | I4: Existencia Teórica | J4: Costo/L | K4: Importe | L4: Observaciones
A5: 46181 | B5: Salida Directa Máquina | C5: Otro | D5: Bacheo Toluca | E5: Bidones | F5: =VLOOKUP(TablaPegaso[[#This Row],[Equipo]],Catalogos!$I$4:$J$34,2,FALSE) -> BD-01 | H5: 100 | I5: =IF(ROW()=5,G5-H5,I4+G5-H5) -> -100 | J5: 28.3 | K5: =IFERROR((G5+H5)*J5,0) -> 2830
A6: 46181 | B6: Salida Directa Máquina | C6: Planta Asfalto Pegaso | D6: Planta Asfalto Pegaso | E6: Bidones | F6: =VLOOKUP(TablaPegaso[[#This Row],[Equipo]],Catalogos!$I$4:$J$34,2,FALSE) -> BD-01 | H6: 200 | I6: =IF(ROW()=5,G6-H6,I5+G6-H6) -> -300 | J6: 28.3 | K6: =IFERROR((G6+H6)*J6,0) -> 5660
A7: 46181 | B7: Salida Directa Máquina | C7: Planta Asfaltos | D7: Planta Asfalto Pegaso | E7: Bidones | F7: =VLOOKUP(TablaPegaso[[#This Row],[Equipo]],Catalogos!$I$4:$J$34,2,FALSE) -> BD-01 | H7: 209 | I7: =IF(ROW()=5,G7-H7,I6+G7-H7) -> -509 | J7: 28.3 | K7: =IFERROR((G7+H7)*J7,0) -> 5914.7
A8: 46181 | B8: Entrada | F8: =VLOOKUP(TablaPegaso[[#This Row],[Equipo]],Catalogos!$I$4:$J$34,2,FALSE) -> #N/A | G8: 2800 | I8: =IF(ROW()=5,G8-H8,I7+G8-H8) -> 2291 | J8: 28.3 | K8: =IFERROR((G8+H8)*J8,0) -> 79240
A9: 46181 | B9: Salida Directa Máquina | C9: Carga directa | D9: Bacheo Toluca | E9: Bidones | F9: =VLOOKUP(TablaPegaso[[#This Row],[Equipo]],Catalogos!$I$4:$J$34,2,FALSE) -> BD-01 | H9: 80 | I9: =IF(ROW()=5,G9-H9,I8+G9-H9) -> 2211 | J9: 28.3 | K9: =IFERROR((G9+H9)*J9,0) -> 2264
A10: 46182 | B10: Salida Directa Máquina | C10: Carga directa | D10: Lerma - Tres Marías | E10: Retroexcavadora | F10: =VLOOKUP(TablaPegaso[[#This Row],[Equipo]],Catalogos!$I$4:$J$34,2,FALSE) -> RT-01 | H10: 70 | I10: =IF(ROW()=5,G10-H10,I9+G10-H10) -> 2141 | J10: 28.3 | K10: =IFERROR((G10+H10)*J10,0) -> 1981
A11: 46182 | B11: Salida Directa Máquina | C11: Carga directa | D11: Lerma - Tres Marías | E11: Doble Rodillo | F11: =VLOOKUP(TablaPegaso[[#This Row],[Equipo]],Catalogos!$I$4:$J$34,2,FALSE) -> DR-01 | H11: 50 | I11: =IF(ROW()=5,G11-H11,I10+G11-H11) -> 2091 | J11: 28.3 | K11: =IFERROR((G11+H11)*J11,0) -> 1415
A12: 46182 | B12: Salida Directa Máquina | C12: Carga directa | D12: Lerma - Tres Marías | E12: Petrolizadora | F12: =VLOOKUP(TablaPegaso[[#This Row],[Equipo]],Catalogos!$I$4:$J$34,2,FALSE) -> PT-01 | H12: 60 | I12: =IF(ROW()=5,G12-H12,I11+G12-H12) -> 2031 | J12: 28.3 | K12: =IFERROR((G12+H12)*J12,0) -> 1698
A13: 46183 | B13: Salida Directa Máquina | C13: Otro | D13: Bacheo Toluca | E13: Bidones | F13: =VLOOKUP(TablaPegaso[[#This Row],[Equipo]],Catalogos!$I$4:$J$34,2,FALSE) -> BD-01 | H13: 100 | I13: =IF(ROW()=5,G13-H13,I12+G13-H13) -> 1931 | J13: 28.3 | K13: =IFERROR((G13+H13)*J13,0) -> 2830
A14: 46184 | B14: Salida Directa Máquina | C14: Planta Asfalto Pegaso | D14: Planta Asfalto Pegaso | E14: PayLoder | F14: =VLOOKUP(TablaPegaso[[#This Row],[Equipo]],Catalogos!$I$4:$J$34,2,FALSE) -> PL-01 | H14: 238 | I14: =IF(ROW()=5,G14-H14,I13+G14-H14) -> 1693 | J14: 28.3 | K14: =IFERROR((G14+H14)*J14,0) -> 6735.4
A15: 46184 | B15: Salida Directa Máquina | C15: Carga directa | D15: Lerma - Tres Marías | E15: Petrolizadora | F15: =VLOOKUP(TablaPegaso[[#This Row],[Equipo]],Catalogos!$I$4:$J$34,2,FALSE) -> PT-01 | H15: 80 | I15: =IF(ROW()=5,G15-H15,I14+G15-H15) -> 1613 | J15: 28.3 | K15: =IFERROR((G15+H15)*J15,0) -> 2264
A16: 46184 | B16: Salida Directa Máquina | C16: Carga directa | D16: Lerma - Tres Marías | E16: Compresor | F16: =VLOOKUP(TablaPegaso[[#This Row],[Equipo]],Catalogos!$I$4:$J$34,2,FALSE) -> CPR-01 | H16: 50 | I16: =IF(ROW()=5,G16-H16,I15+G16-H16) -> 1563 | J16: 28.3 | K16: =IFERROR((G16+H16)*J16,0) -> 1415
A17: 46184 | B17: Salida Directa Máquina | C17: Carga directa | D17: Lerma - Tres Marías | E17: Retroexcavadora | F17: =VLOOKUP(TablaPegaso[[#This Row],[Equipo]],Catalogos!$I$4:$J$34,2,FALSE) -> RT-01 | H17: 70 | I17: =IF(ROW()=5,G17-H17,I16+G17-H17) -> 1493 | J17: 28.3 | K17: =IFERROR((G17+H17)*J17,0) -> 1981
A18: 46184 | B18: Salida Directa Máquina | C18: Carga directa | D18: Lerma - Tres Marías | E18: Camion de Impacto | F18: =VLOOKUP(TablaPegaso[[#This Row],[Equipo]],Catalogos!$I$4:$J$34,2,FALSE) -> CI-01 | H18: 80 | I18: =IF(ROW()=5,G18-H18,I17+G18-H18) -> 1413 | J18: 28.3 | K18: =IFERROR((G18+H18)*J18,0) -> 2264
A19: 46184 | B19: Salida Directa Máquina | C19: Carga directa | D19: Lerma - Tres Marías | E19: Vogel | F19: =VLOOKUP(TablaPegaso[[#This Row],[Equipo]],Catalogos!$I$4:$J$34,2,FALSE) -> VG-01 | H19: 185 | I19: =IF(ROW()=5,G19-H19,I18+G19-H19) -> 1228 | J19: 28.3 | K19: =IFERROR((G19+H19)*J19,0) -> 5235.5
A20: 46184 | B20: Salida Directa Máquina | C20: Carga directa | D20: Lerma - Tres Marías | E20: Doble Rodillo | F20: =VLOOKUP(TablaPegaso[[#This Row],[Equipo]],Catalogos!$I$4:$J$34,2,FALSE) -> DR-01 | H20: 50 | I20: =IF(ROW()=5,G20-H20,I19+G20-H20) -> 1178 | J20: 28.3 | K20: =IFERROR((G20+H20)*J20,0) -> 1415
... A23: 46185 | B23: Salida Directa Máquina | C23: Carga directa | D23: Bacheo Toluca | E23: Barredora Broce | F23: =VLOOKUP(TablaPegaso[[#This Row],[Equipo]],Catalogos!$I$4:$J$34,2,FALSE) -> BR-02 | H23: 70 | I23: =IF(ROW()=5,G23-H23,I22+G23-H23) -> 1028 | J23: 28.3 | K23: =IFERROR((G23+H23)*J23,0) -> 1981
F24: =VLOOKUP(TablaPegaso[[#This Row],[Equipo]],Catalogos!$I$4:$J$34,2,FALSE) -> #N/A | I24: =IF(ROW()=5,G24-H24,I23+G24-H24) -> 1028 | K24: =IFERROR((G24+H24)*J24,0) -> 0
F25: =VLOOKUP(TablaPegaso[[#This Row],[Equipo]],Catalogos!$I$4:$J$34,2,FALSE) -> #N/A | I25: =IF(ROW()=5,G25-H25,I24+G25-H25) -> 1028 | K25: =IFERROR((G25+H25)*J25,0) -> 0
F26: =VLOOKUP(TablaPegaso[[#This Row],[Equipo]],Catalogos!$I$4:$J$34,2,FALSE) -> #N/A | I26: =IF(ROW()=5,G26-H26,I25+G26-H26) -> 1028 | K26: =IFERROR((G26+H26)*J26,0) -> 0
F27: =VLOOKUP(TablaPegaso[[#This Row],[Equipo]],Catalogos!$I$4:$J$34,2,FALSE) -> #N/A | I27: =IF(ROW()=5,G27-H27,I26+G27-H27) -> 1028 | K27: =IFERROR((G27+H27)*J27,0) -> 0
F28: =VLOOKUP(TablaPegaso[[#This Row],[Equipo]],Catalogos!$I$4:$J$34,2,FALSE) -> #N/A | I28: =IF(ROW()=5,G28-H28,I27+G28-H28) -> 1028 | K28: =IFERROR((G28+H28)*J28,0) -> 0
F29: =VLOOKUP(TablaPegaso[[#This Row],[Equipo]],Catalogos!$I$4:$J$34,2,FALSE) -> #N/A | I29: =IF(ROW()=5,G29-H29,I28+G29-H29) -> 1028 | K29: =IFERROR((G29+H29)*J29,0) -> 0
F30: =VLOOKUP(TablaPegaso[[#This Row],[Equipo]],Catalogos!$I$4:$J$34,2,FALSE) -> #N/A | I30: =IF(ROW()=5,G30-H30,I29+G30-H30) -> 1028 | K30: =IFERROR((G30+H30)*J30,0) -> 0
F31: =VLOOKUP(TablaPegaso[[#This Row],[Equipo]],Catalogos!$I$4:$J$34,2,FALSE) -> #N/A | I31: =IF(ROW()=5,G31-H31,I30+G31-H31) -> 1028 | K31: =IFERROR((G31+H31)*J31,0) -> 0
F32: =VLOOKUP(TablaPegaso[[#This Row],[Equipo]],Catalogos!$I$4:$J$34,2,FALSE) -> #N/A | I32: =IF(ROW()=5,G32-H32,I31+G32-H32) -> 1028 | K32: =IFERROR((G32+H32)*J32,0) -> 0
F33: =VLOOKUP(TablaPegaso[[#This Row],[Equipo]],Catalogos!$I$4:$J$34,2,FALSE) -> #N/A | I33: =IF(ROW()=5,G33-H33,I32+G33-H33) -> 1028 | K33: =IFERROR((G33+H33)*J33,0) -> 0
F34: =VLOOKUP(TablaPegaso[[#This Row],[Equipo]],Catalogos!$I$4:$J$34,2,FALSE) -> #N/A | I34: =IF(ROW()=5,G34-H34,I33+G34-H34) -> 1028 | K34: =IFERROR((G34+H34)*J34,0) -> 0
F35: =VLOOKUP(TablaPegaso[[#This Row],[Equipo]],Catalogos!$I$4:$J$34,2,FALSE) -> #N/A | I35: =IF(ROW()=5,G35-H35,I34+G35-H35) -> 1028 | K35: =IFERROR((G35+H35)*J35,0) -> 0
... F206: =VLOOKUP(TablaPegaso[[#This Row],[Equipo]],Catalogos!$I$4:$J$34,2,FALSE) -> #N/A | I206: =IF(ROW()=5,G206-H206,I205+G206-H206) -> 1028 | K206: =IFERROR((G206+H206)*J206,0) -> 0

Sheet Captura_Marimba_M01
A1: GC-COMB-002 | BITÁCORA DE SUMINISTRO DE MARIMBA M-01
A2: Operador: | C2: Semana: | E2: Fecha entrega: | G2: Marimba: | H2: M-01 | I2: Costo/L base:
A4: Fecha | B4: Movimiento | C4: Origen/Obra | D4: Equipo | E4: Económico | F4: Entrada (L) | G4: Salida (L) | H4: Existencia Teórica | I4: Costo/L | J4: Importe | K4: Firma/Validación | L4: Observaciones
A5: 46181 | B5: Salida a Obra | C5: México-Toluca | D5: Neuomatico | E5: =VLOOKUP(TablaMarimba[[#This Row],[Equipo]],Catalogos!$I$4:$J$34,2,FALSE) -> NM-01 | F5: 0 | G5: 30 | H5: =IF(ROW()=5,F5-G5,H4+F5-G5) -> -30 | I5: 28.3 | J5: =IFERROR((F5+G5)*I5,0) -> 849
A6: 46181 | B6: Salida a Obra | C6: México-Toluca | D6: Compactador | E6: =VLOOKUP(TablaMarimba[[#This Row],[Equipo]],Catalogos!$I$4:$J$34,2,FALSE) -> CP-01 | G6: 32 | H6: =IF(ROW()=5,F6-G6,H5+F6-G6) -> -62 | I6: 28.3 | J6: =IFERROR((F6+G6)*I6,0) -> 905.6
A7: 46181 | B7: Salida a Obra | C7: México-Toluca | D7: Perfiladora | E7: =VLOOKUP(TablaMarimba[[#This Row],[Equipo]],Catalogos!$I$4:$J$34,2,FALSE) -> PR-01 | G7: 277 | H7: =IF(ROW()=5,F7-G7,H6+F7-G7) -> -339 | I7: 28.3 | J7: =IFERROR((F7+G7)*I7,0) -> 7839.1
A8: 46181 | B8: Salida a Obra | C8: México-Toluca | D8: Retroexcavadora | E8: =VLOOKUP(TablaMarimba[[#This Row],[Equipo]],Catalogos!$I$4:$J$34,2,FALSE) -> RT-01 | G8: 30 | H8: =IF(ROW()=5,F8-G8,H7+F8-G8) -> -369 | I8: 28.3 | J8: =IFERROR((F8+G8)*I8,0) -> 849
A9: 46181 | B9: Salida a Obra | C9: Lerma - Tres Marías | D9: Vogel | E9: =VLOOKUP(TablaMarimba[[#This Row],[Equipo]],Catalogos!$I$4:$J$34,2,FALSE) -> VG-01 | G9: 97 | H9: =IF(ROW()=5,F9-G9,H8+F9-G9) -> -466 | I9: 28.3 | J9: =IFERROR((F9+G9)*I9,0) -> 2745.1
A10: 46181 | B10: Salida a Obra | C10: Chamapa-Lechería | D10: Perfiladora Wirgent | E10: =VLOOKUP(TablaMarimba[[#This Row],[Equipo]],Catalogos!$I$4:$J$34,2,FALSE) -> PR-02 | G10: 198 | H10: =IF(ROW()=5,F10-G10,H9+F10-G10) -> -664 | I10: 28.3 | J10: =IFERROR((F10+G10)*I10,0) -> 5603.4
A11: 46181 | B11: Salida a Obra | C11: Chamapa-Lechería | D11: Maxilihgs | E11: =VLOOKUP(TablaMarimba[[#This Row],[Equipo]],Catalogos!$I$4:$J$34,2,FALSE) -> MX-01 | G11: 10 | H11: =IF(ROW()=5,F11-G11,H10+F11-G11) -> -674 | I11: 28.3 | J11: =IFERROR((F11+G11)*I11,0) -> 283
A12: 46181 | B12: Salida a Obra | C12: Chamapa-Lechería | D12: Neuomatico Dynapac | E12: =VLOOKUP(TablaMarimba[[#This Row],[Equipo]],Catalogos!$I$4:$J$34,2,FALSE) -> NM-02 | G12: 27 | H12: =IF(ROW()=5,F12-G12,H11+F12-G12) -> -701 | I12: 28.3 | J12: =IFERROR((F12+G12)*I12,0) -> 764.1
A13: 46181 | B13: Salida a Obra | C13: Chamapa-Lechería | D13: Compresor | E13: =VLOOKUP(TablaMarimba[[#This Row],[Equipo]],Catalogos!$I$4:$J$34,2,FALSE) -> CPR-01 | G13: 30 | H13: =IF(ROW()=5,F13-G13,H12+F13-G13) -> -731 | I13: 28.3 | J13: =IFERROR((F13+G13)*I13,0) -> 849
A14: 46181 | B14: Salida a Obra | C14: Chamapa-Lechería | D14: Retroexcavadora Jonh Deere | E14: =VLOOKUP(TablaMarimba[[#This Row],[Equipo]],Catalogos!$I$4:$J$34,2,FALSE) -> RT-02 | G14: 40 | H14: =IF(ROW()=5,F14-G14,H13+F14-G14) -> -771 | I14: 28.3 | J14: =IFERROR((F14+G14)*I14,0) -> 1132
A15: 46181 | B15: Salida a Obra | C15: Chamapa-Lechería | D15: Vogele Guion | E15: =VLOOKUP(TablaMarimba[[#This Row],[Equipo]],Catalogos!$I$4:$J$34,2,FALSE) -> VG-02 | G15: 120 | H15: =IF(ROW()=5,F15-G15,H14+F15-G15) -> -891 | I15: 28.3 | J15: =IFERROR((F15+G15)*I15,0) -> 3396
A16: 46181 | B16: Salida a Obra | C16: Chamapa-Lechería | D16: Petrolizadora Elton | E16: =VLOOKUP(TablaMarimba[[#This Row],[Equipo]],Catalogos!$I$4:$J$34,2,FALSE) -> PT-02 | G16: 30 | H16: =IF(ROW()=5,F16-G16,H15+F16-G16) -> -921 | I16: 28.3 | J16: =IFERROR((F16+G16)*I16,0) -> 849
A17: 46182 | B17: Salida a Obra | C17: Chamapa-Lechería | D17: Barredora Broce | E17: =VLOOKUP(TablaMarimba[[#This Row],[Equipo]],Catalogos!$I$4:$J$34,2,FALSE) -> BR-02 | G17: 30 | H17: =IF(ROW()=5,F17-G17,H16+F17-G17) -> -951 | I17: 28.3 | J17: =IFERROR((F17+G17)*I17,0) -> 849
... A42: 46185 | B42: Salida a Obra | C42: Chamapa-Lechería | D42: Petrolizadora Elton | E42: =VLOOKUP(TablaMarimba[[#This Row],[Equipo]],Catalogos!$I$4:$J$34,2,FALSE) -> PT-02 | G42: 40 | H42: =IF(ROW()=5,F42-G42,H41+F42-G42) -> -2515 | I42: 28.3 | J42: =IFERROR((F42+G42)*I42,0) -> 1132
A43: 46185 | B43: Salida a Obra | C43: Chamapa-Lechería | D43: Perfiladora Wirgent | E43: =VLOOKUP(TablaMarimba[[#This Row],[Equipo]],Catalogos!$I$4:$J$34,2,FALSE) -> PR-02 | G43: 200 | H43: =IF(ROW()=5,F43-G43,H42+F43-G43) -> -2715 | I43: 28.3 | J43: =IFERROR((F43+G43)*I43,0) -> 5660 | N43: =SUM(G5:G48) -> 3075
A44: 46185 | B44: Salida a Obra | C44: México-Toluca | D44: Barredora | E44: =VLOOKUP(TablaMarimba[[#This Row],[Equipo]],Catalogos!$I$4:$J$34,2,FALSE) -> BR-01 | G44: 20 | H44: =IF(ROW()=5,F44-G44,H43+F44-G44) -> -2735 | I44: 28.3 | J44: =IFERROR((F44+G44)*I44,0) -> 566
A45: 46185 | B45: Salida a Obra | C45: México-Toluca | D45: Neuomatico | E45: =VLOOKUP(TablaMarimba[[#This Row],[Equipo]],Catalogos!$I$4:$J$34,2,FALSE) -> NM-01 | G45: 30 | H45: =IF(ROW()=5,F45-G45,H44+F45-G45) -> -2765 | I45: 28.3 | J45: =IFERROR((F45+G45)*I45,0) -> 849
A46: 46185 | B46: Salida a Obra | C46: México-Toluca | D46: Maxilihgs | E46: =VLOOKUP(TablaMarimba[[#This Row],[Equipo]],Catalogos!$I$4:$J$34,2,FALSE) -> MX-01 | G46: 20 | H46: =IF(ROW()=5,F46-G46,H45+F46-G46) -> -2785 | I46: 28.3 | J46: =IFERROR((F46+G46)*I46,0) -> 566
A47: 46185 | B47: Salida a Obra | C47: México-Toluca | D47: Compactador | E47: =VLOOKUP(TablaMarimba[[#This Row],[Equipo]],Catalogos!$I$4:$J$34,2,FALSE) -> CP-01 | G47: 40 | H47: =IF(ROW()=5,F47-G47,H46+F47-G47) -> -2825 | I47: 28.3 | J47: =IFERROR((F47+G47)*I47,0) -> 1132
A48: 46185 | B48: Salida a Obra | C48: México-Toluca | D48: Perfiladora | E48: =VLOOKUP(TablaMarimba[[#This Row],[Equipo]],Catalogos!$I$4:$J$34,2,FALSE) -> PR-01 | G48: 250 | H48: =IF(ROW()=5,F48-G48,H47+F48-G48) -> -3075 | I48: 28.3 | J48: =IFERROR((F48+G48)*I48,0) -> 7075
E49: =VLOOKUP(TablaMarimba[[#This Row],[Equipo]],Catalogos!$I$4:$J$34,2,FALSE) -> #N/A | H49: =IF(ROW()=5,F49-G49,H48+F49-G49) -> -3075 | I49: 28.3 | J49: =IFERROR((F49+G49)*I49,0) -> 0
E50: =VLOOKUP(TablaMarimba[[#This Row],[Equipo]],Catalogos!$I$4:$J$34,2,FALSE) -> #N/A | H50: =IF(ROW()=5,F50-G50,H49+F50-G50) -> -3075 | I50: 28.3 | J50: =IFERROR((F50+G50)*I50,0) -> 0
E51: =VLOOKUP(TablaMarimba[[#This Row],[Equipo]],Catalogos!$I$4:$J$34,2,FALSE) -> #N/A | H51: =IF(ROW()=5,F51-G51,H50+F51-G51) -> -3075 | I51: 28.3 | J51: =IFERROR((F51+G51)*I51,0) -> 0
E52: =VLOOKUP(TablaMarimba[[#This Row],[Equipo]],Catalogos!$I$4:$J$34,2,FALSE) -> #N/A | H52: =IF(ROW()=5,F52-G52,H51+F52-G52) -> -3075 | I52: 28.3 | J52: =IFERROR((F52+G52)*I52,0) -> 0
E53: =VLOOKUP(TablaMarimba[[#This Row],[Equipo]],Catalogos!$I$4:$J$34,2,FALSE) -> #N/A | H53: =IF(ROW()=5,F53-G53,H52+F53-G53) -> -3075 | I53: 28.3 | J53: =IFERROR((F53+G53)*I53,0) -> 0
E54: =VLOOKUP(TablaMarimba[[#This Row],[Equipo]],Catalogos!$I$4:$J$34,2,FALSE) -> #N/A | H54: =IF(ROW()=5,F54-G54,H53+F54-G54) -> -3075 | I54: 28.3 | J54: =IFERROR((F54+G54)*I54,0) -> 0
E55: =VLOOKUP(TablaMarimba[[#This Row],[Equipo]],Catalogos!$I$4:$J$34,2,FALSE) -> #N/A | H55: =IF(ROW()=5,F55-G55,H54+F55-G55) -> -3075 | I55: 28.3 | J55: =IFERROR((F55+G55)*I55,0) -> 0
E56: =VLOOKUP(TablaMarimba[[#This Row],[Equipo]],Catalogos!$I$4:$J$34,2,FALSE) -> #N/A | H56: =IF(ROW()=5,F56-G56,H55+F56-G56) -> -3075 | I56: 28.3 | J56: =IFERROR((F56+G56)*I56,0) -> 0
E57: =VLOOKUP(TablaMarimba[[#This Row],[Equipo]],Catalogos!$I$4:$J$34,2,FALSE) -> #N/A | H57: =IF(ROW()=5,F57-G57,H56+F57-G57) -> -3075 | I57: 28.3 | J57: =IFERROR((F57+G57)*I57,0) -> 0
E58: =VLOOKUP(TablaMarimba[[#This Row],[Equipo]],Catalogos!$I$4:$J$34,2,FALSE) -> #N/A | H58: =IF(ROW()=5,F58-G58,H57+F58-G58) -> -3075 | I58: 28.3 | J58: =IFERROR((F58+G58)*I58,0) -> 0
E59: =VLOOKUP(TablaMarimba[[#This Row],[Equipo]],Catalogos!$I$4:$J$34,2,FALSE) -> #N/A | H59: =IF(ROW()=5,F59-G59,H58+F59-G59) -> -3075 | I59: 28.3 | J59: =IFERROR((F59+G59)*I59,0) -> 0
E60: =VLOOKUP(TablaMarimba[[#This Row],[Equipo]],Catalogos!$I$4:$J$34,2,FALSE) -> #N/A | H60: =IF(ROW()=5,F60-G60,H59+F60-G60) -> -3075 | I60: 28.3 | J60: =IFERROR((F60+G60)*I60,0) -> 0
... E204: =VLOOKUP(TablaMarimba[[#This Row],[Equipo]],Catalogos!$I$4:$J$34,2,FALSE) -> #N/A | H204: =IF(ROW()=5,F204-G204,H203+F204-G204) -> -3075 | I204: 28.3 | J204: =IFERROR((F204+G204)*I204,0) -> 0

Sheet Solicitudes
A1: GC-COMB-003 | BITÁCORA DE SOLICITUDES DE COMBUSTIBLE DE OBRA
A2: Ingeniero: | C2: Semana: | E2: Fecha entrega: | G2: Obra: | I2: Costo/L base:
A4: Fecha de Solicitud | B4: Obra | C4: Fecha de Trabajo | D4: Equipo | E4: Económico | F4: Litros Solicitados | G4: Costo/L | H4: Importe | I4: Solicitante | J4: Incidencia | K4: Observaciones
A5: 46180 | B5: México-Toluca | C5: 46181 | D5: Vogel | E5: =VLOOKUP(TablaObra5[[#This Row],[Equipo]],Catalogos!$I$3:$J$34,2,FALSE) -> VG-01 | F5: 200 | G5: 28.3 | H5: =IFERROR(F5*G5,0) -> 5660 | I5: =VLOOKUP(TablaObra5[[#This Row],[Obra]],Catalogos!$B$3:$C$8,2,FALSE) -> Samuel Ortega
A6: 46180 | B6: México-Toluca | C6: 46181 | D6: Perfiladora | E6: =VLOOKUP(TablaObra5[[#This Row],[Equipo]],Catalogos!$I$3:$J$34,2,FALSE) -> PR-01 | F6: 300 | G6: 28.3 | H6: =IFERROR(F6*G6,0) -> 8490 | I6: =VLOOKUP(TablaObra5[[#This Row],[Obra]],Catalogos!$B$3:$C$8,2,FALSE) -> Samuel Ortega
A7: 46180 | B7: México-Toluca | C7: 46181 | D7: Retroexcavadora | E7: =VLOOKUP(TablaObra5[[#This Row],[Equipo]],Catalogos!$I$3:$J$34,2,FALSE) -> RT-01 | F7: 30 | G7: 28.3 | H7: =IFERROR(F7*G7,0) -> 849 | I7: =VLOOKUP(TablaObra5[[#This Row],[Obra]],Catalogos!$B$3:$C$8,2,FALSE) -> Samuel Ortega
A8: 46180 | B8: México-Toluca | C8: 46181 | D8: Barredora | E8: =VLOOKUP(TablaObra5[[#This Row],[Equipo]],Catalogos!$I$3:$J$34,2,FALSE) -> BR-01 | F8: 20 | G8: 28.3 | H8: =IFERROR(F8*G8,0) -> 566 | I8: =VLOOKUP(TablaObra5[[#This Row],[Obra]],Catalogos!$B$3:$C$8,2,FALSE) -> Samuel Ortega
A9: 46180 | B9: México-Toluca | C9: 46181 | D9: Neuomatico | E9: =VLOOKUP(TablaObra5[[#This Row],[Equipo]],Catalogos!$I$3:$J$34,2,FALSE) -> NM-01 | F9: 30 | G9: 28.3 | H9: =IFERROR(F9*G9,0) -> 849 | I9: =VLOOKUP(TablaObra5[[#This Row],[Obra]],Catalogos!$B$3:$C$8,2,FALSE) -> Samuel Ortega
A10: 46180 | B10: México-Toluca | C10: 46181 | D10: Compactador | E10: =VLOOKUP(TablaObra5[[#This Row],[Equipo]],Catalogos!$I$3:$J$34,2,FALSE) -> CP-01 | F10: 30 | G10: 28.3 | H10: =IFERROR(F10*G10,0) -> 849 | I10: =VLOOKUP(TablaObra5[[#This Row],[Obra]],Catalogos!$B$3:$C$8,2,FALSE) -> Samuel Ortega
A11: 46180 | B11: México-Toluca | C11: 46181 | D11: Limpieza | E11: =VLOOKUP(TablaObra5[[#This Row],[Equipo]],Catalogos!$I$3:$J$34,2,FALSE) -> LP-01 | F11: 30 | G11: 28.3 | H11: =IFERROR(F11*G11,0) -> 849 | I11: =VLOOKUP(TablaObra5[[#This Row],[Obra]],Catalogos!$B$3:$C$8,2,FALSE) -> Samuel Ortega
A12: 46180 | B12: Lerma - Tres Marías | C12: 46181 | D12: Retroexcavadora | E12: =VLOOKUP(TablaObra5[[#This Row],[Equipo]],Catalogos!$I$3:$J$34,2,FALSE) -> RT-01 | F12: 50 | G12: 28.3 | H12: =IFERROR(F12*G12,0) -> 1415 | I12: =VLOOKUP(TablaObra5[[#This Row],[Obra]],Catalogos!$B$3:$C$8,2,FALSE) -> Apolinar
A13: 46180 | B13: Lerma - Tres Marías | C13: 46181 | D13: Neuomatico | E13: =VLOOKUP(TablaObra5[[#This Row],[Equipo]],Catalogos!$I$3:$J$34,2,FALSE) -> NM-01 | F13: 50 | G13: 28.3 | H13: =IFERROR(F13*G13,0) -> 1415 | I13: =VLOOKUP(TablaObra5[[#This Row],[Obra]],Catalogos!$B$3:$C$8,2,FALSE) -> Apolinar
A14: 46180 | B14: Lerma - Tres Marías | C14: 46181 | D14: Petrolizadora | E14: =VLOOKUP(TablaObra5[[#This Row],[Equipo]],Catalogos!$I$3:$J$34,2,FALSE) -> PT-01 | F14: 60 | G14: 28.3 | H14: =IFERROR(F14*G14,0) -> 1698 | I14: =VLOOKUP(TablaObra5[[#This Row],[Obra]],Catalogos!$B$3:$C$8,2,FALSE) -> Apolinar
A15: 46181 | B15: Bacheo Toluca | D15: Retroexcavadora | E15: =VLOOKUP(TablaObra5[[#This Row],[Equipo]],Catalogos!$I$3:$J$34,2,FALSE) -> RT-01 | F15: 100 | G15: 28.3 | H15: =IFERROR(F15*G15,0) -> 2830 | I15: =VLOOKUP(TablaObra5[[#This Row],[Obra]],Catalogos!$B$3:$C$8,2,FALSE) -> Diego Carreola
A16: 46181 | B16: Chamapa-Lechería | C16: 46181 | D16: Perfiladora Wirgent | E16: =VLOOKUP(TablaObra5[[#This Row],[Equipo]],Catalogos!$I$3:$J$34,2,FALSE) -> PR-02 | F16: 250 | G16: 28.3 | H16: =IFERROR(F16*G16,0) -> 7075 | I16: =VLOOKUP(TablaObra5[[#This Row],[Obra]],Catalogos!$B$3:$C$8,2,FALSE) -> Francisco Javier
A17: 46181 | B17: Chamapa-Lechería | C17: 46181 | D17: Perfiladora Cat-PM | E17: =VLOOKUP(TablaObra5[[#This Row],[Equipo]],Catalogos!$I$3:$J$34,2,FALSE) -> PR-03 | F17: 150 | G17: 28.3 | H17: =IFERROR(F17*G17,0) -> 4245 | I17: =VLOOKUP(TablaObra5[[#This Row],[Obra]],Catalogos!$B$3:$C$8,2,FALSE) -> Francisco Javier
A18: 46181 | B18: Chamapa-Lechería | C18: 46181 | D18: Barredora Broce | E18: =VLOOKUP(TablaObra5[[#This Row],[Equipo]],Catalogos!$I$3:$J$34,2,FALSE) -> BR-02 | F18: 40 | G18: 28.3 | H18: =IFERROR(F18*G18,0) -> 1132 | I18: =VLOOKUP(TablaObra5[[#This Row],[Obra]],Catalogos!$B$3:$C$8,2,FALSE) -> Francisco Javier
A19: 46181 | B19: Chamapa-Lechería | C19: 46181 | D19: Retroexcavadora Jonh Deere | E19: =VLOOKUP(TablaObra5[[#This Row],[Equipo]],Catalogos!$I$3:$J$34,2,FALSE) -> RT-02 | F19: 60 | G19: 28.3 | H19: =IFERROR(F19*G19,0) -> 1698 | I19: =VLOOKUP(TablaObra5[[#This Row],[Obra]],Catalogos!$B$3:$C$8,2,FALSE) -> Francisco Javier
A20: 46181 | B20: Chamapa-Lechería | C20: 46181 | D20: Buggy Trasnfer | E20: =VLOOKUP(TablaObra5[[#This Row],[Equipo]],Catalogos!$I$3:$J$34,2,FALSE) -> BG-01 | F20: 100 | G20: 28.3 | H20: =IFERROR(F20*G20,0) -> 2830 | I20: =VLOOKUP(TablaObra5[[#This Row],[Obra]],Catalogos!$B$3:$C$8,2,FALSE) -> Francisco Javier
A21: 46181 | B21: Chamapa-Lechería | C21: 46181 | D21: Vogele Guion | E21: =VLOOKUP(TablaObra5[[#This Row],[Equipo]],Catalogos!$I$3:$J$34,2,FALSE) -> VG-02 | F21: 100 | G21: 28.3 | H21: =IFERROR(F21*G21,0) -> 2830 | I21: =VLOOKUP(TablaObra5[[#This Row],[Obra]],Catalogos!$B$3:$C$8,2,FALSE) -> Francisco Javier
A22: 46181 | B22: Chamapa-Lechería | C22: 46181 | D22: Limpieza | E22: =VLOOKUP(TablaObra5[[#This Row],[Equipo]],Catalogos!$I$3:$J$34,2,FALSE) -> LP-01 | F22: 20 | G22: 28.3 | H22: =IFERROR(F22*G22,0) -> 566 | I22: =VLOOKUP(TablaObra5[[#This Row],[Obra]],Catalogos!$B$3:$C$8,2,FALSE) -> Francisco Javier
A23: 46181 | B23: Chamapa-Lechería | C23: 46181 | D23: Tandem Hamm | E23: =VLOOKUP(TablaObra5[[#This Row],[Equipo]],Catalogos!$I$3:$J$34,2,FALSE) -> TD-01 | F23: 50 | G23: 28.3 | H23: =IFERROR(F23*G23,0) -> 1415 | I23: =VLOOKUP(TablaObra5[[#This Row],[Obra]],Catalogos!$B$3:$C$8,2,FALSE) -> Francisco Javier
A24: 46181 | B24: Chamapa-Lechería | C24: 46181 | D24: Neuomatico Dynapac | E24: =VLOOKUP(TablaObra5[[#This Row],[Equipo]],Catalogos!$I$3:$J$34,2,FALSE) -> NM-02 | F24: 50 | G24: 28.3 | H24: =IFERROR(F24*G24,0) -> 1415 | I24: =VLOOKUP(TablaObra5[[#This Row],[Obra]],Catalogos!$B$3:$C$8,2,FALSE) -> Francisco Javier
A25: 46181 | B25: Chamapa-Lechería | C25: 46181 | D25: Petrolizadora Elton | E25: =VLOOKUP(TablaObra5[[#This Row],[Equipo]],Catalogos!$I$3:$J$34,2,FALSE) -> PT-02 | F25: 50 | G25: 28.3 | H25: =IFERROR(F25*G25,0) -> 1415 | I25: =VLOOKUP(TablaObra5[[#This Row],[Obra]],Catalogos!$B$3:$C$8,2,FALSE) -> Francisco Javier
A26: 46181 | B26: Chamapa-Lechería | C26: 46181 | D26: Camion de Impacto | E26: =VLOOKUP(TablaObra5[[#This Row],[Equipo]],Catalogos!$I$3:$J$34,2,FALSE) -> CI-01 | F26: 20 | G26: 28.3 | H26: =IFERROR(F26*G26,0) -> 566 | I26: =VLOOKUP(TablaObra5[[#This Row],[Obra]],Catalogos!$B$3:$C$8,2,FALSE) -> Francisco Javier
A27: 46181 | B27: Chamapa-Lechería | C27: 46181 | D27: Maxilihgs | E27: =VLOOKUP(TablaObra5[[#This Row],[Equipo]],Catalogos!$I$3:$J$34,2,FALSE) -> MX-01 | F27: 50 | G27: 28.3 | H27: =IFERROR(F27*G27,0) -> 1415 | I27: =VLOOKUP(TablaObra5[[#This Row],[Obra]],Catalogos!$B$3:$C$8,2,FALSE) -> Francisco Javier
... A40: 46182 | B40: Chamapa-Lechería | C40: 46182 | D40: Compresor | E40: =VLOOKUP(TablaObra5[[#This Row],[Equipo]],Catalogos!$I$3:$J$34,2,FALSE) -> CPR-01 | F40: 30 | G40: 28.3 | H40: =IFERROR(F40*G40,0) -> 849 | I40: =VLOOKUP(TablaObra5[[#This Row],[Obra]],Catalogos!$B$3:$C$8,2,FALSE) -> Francisco Javier
A41: 46182 | B41: Lerma - Tres Marías | C41: 46182 | D41: Retroexcavadora | E41: =VLOOKUP(TablaObra5[[#This Row],[Equipo]],Catalogos!$I$3:$J$34,2,FALSE) -> RT-01 | F41: 50 | G41: 28.3 | H41: =IFERROR(F41*G41,0) -> 1415 | I41: =VLOOKUP(TablaObra5[[#This Row],[Obra]],Catalogos!$B$3:$C$8,2,FALSE) -> Apolinar | K41: Segunda solicitud, el dia 7/06/2026, no se relizo la carga
A42: 46182 | B42: Lerma - Tres Marías | C42: 46182 | D42: Neuomatico | E42: =VLOOKUP(TablaObra5[[#This Row],[Equipo]],Catalogos!$I$3:$J$34,2,FALSE) -> NM-01 | F42: 50 | G42: 28.3 | H42: =IFERROR(F42*G42,0) -> 1415 | I42: =VLOOKUP(TablaObra5[[#This Row],[Obra]],Catalogos!$B$3:$C$8,2,FALSE) -> Apolinar
A43: 46182 | B43: Lerma - Tres Marías | C43: 46182 | D43: Petrolizadora | E43: =VLOOKUP(TablaObra5[[#This Row],[Equipo]],Catalogos!$I$3:$J$34,2,FALSE) -> PT-01 | F43: 60 | G43: 28.3 | H43: =IFERROR(F43*G43,0) -> 1698 | I43: =VLOOKUP(TablaObra5[[#This Row],[Obra]],Catalogos!$B$3:$C$8,2,FALSE) -> Apolinar
A44: 46182 | B44: Lerma - Tres Marías | C44: 46182 | D44: Doble Rodillo | E44: =VLOOKUP(TablaObra5[[#This Row],[Equipo]],Catalogos!$I$3:$J$34,2,FALSE) -> DR-01 | F44: 50 | G44: 28.3 | H44: =IFERROR(F44*G44,0) -> 1415 | I44: =VLOOKUP(TablaObra5[[#This Row],[Obra]],Catalogos!$B$3:$C$8,2,FALSE) -> Apolinar
A45: 46182 | B45: Bacheo Toluca | D45: Retroexcavadora | E45: =VLOOKUP(TablaObra5[[#This Row],[Equipo]],Catalogos!$I$3:$J$34,2,FALSE) -> RT-01 | F45: 100 | G45: 28.3 | H45: =IFERROR(F45*G45,0) -> 2830 | I45: =VLOOKUP(TablaObra5[[#This Row],[Obra]],Catalogos!$B$3:$C$8,2,FALSE) -> Diego Carreola
A46: 46183 | B46: México-Toluca | C46: 46183 | D46: Perfiladora | E46: =VLOOKUP(TablaObra5[[#This Row],[Equipo]],Catalogos!$I$3:$J$34,2,FALSE) -> PR-01 | F46: 250 | G46: 28.3 | H46: =IFERROR(F46*G46,0) -> 7075 | I46: =VLOOKUP(TablaObra5[[#This Row],[Obra]],Catalogos!$B$3:$C$8,2,FALSE) -> Samuel Ortega
A47: 46183 | B47: México-Toluca | C47: 46183 | D47: Retroexcavadora | E47: =VLOOKUP(TablaObra5[[#This Row],[Equipo]],Catalogos!$I$3:$J$34,2,FALSE) -> RT-01 | F47: 30 | G47: 28.3 | H47: =IFERROR(F47*G47,0) -> 849 | I47: =VLOOKUP(TablaObra5[[#This Row],[Obra]],Catalogos!$B$3:$C$8,2,FALSE) -> Samuel Ortega
A48: 46183 | B48: México-Toluca | C48: 46183 | D48: Barredora | E48: =VLOOKUP(TablaObra5[[#This Row],[Equipo]],Catalogos!$I$3:$J$34,2,FALSE) -> BR-01 | F48: 20 | G48: 28.3 | H48: =IFERROR(F48*G48,0) -> 566 | I48: =VLOOKUP(TablaObra5[[#This Row],[Obra]],Catalogos!$B$3:$C$8,2,FALSE) -> Samuel Ortega
A49: 46183 | B49: México-Toluca | C49: 46183 | D49: Maxilihgs | E49: =VLOOKUP(TablaObra5[[#This Row],[Equipo]],Catalogos!$I$3:$J$34,2,FALSE) -> MX-01 | F49: 20 | G49: 28.3 | H49: =IFERROR(F49*G49,0) -> 566 | I49: =VLOOKUP(TablaObra5[[#This Row],[Obra]],Catalogos!$B$3:$C$8,2,FALSE) -> Samuel Ortega
A50: 46184 | B50: Lerma - Tres Marías | C50: 46184 | D50: Petrolizadora | E50: =VLOOKUP(TablaObra5[[#This Row],[Equipo]],Catalogos!$I$3:$J$34,2,FALSE) -> PT-01 | F50: 80 | G50: 28.3 | H50: =IFERROR(F50*G50,0) -> 2264 | I50: =VLOOKUP(TablaObra5[[#This Row],[Obra]],Catalogos!$B$3:$C$8,2,FALSE) -> Apolinar
A51: 46184 | B51: Lerma - Tres Marías | C51: 46184 | D51: Camion de Impacto | E51: =VLOOKUP(TablaObra5[[#This Row],[Equipo]],Catalogos!$I$3:$J$34,2,FALSE) -> CI-01 | F51: 80 | G51: 28.3 | H51: =IFERROR(F51*G51,0) -> 2264 | I51: =VLOOKUP(TablaObra5[[#This Row],[Obra]],Catalogos!$B$3:$C$8,2,FALSE) -> Apolinar
A52: 46184 | B52: Lerma - Tres Marías | C52: 46184 | D52: Retroexcavadora | E52: =VLOOKUP(TablaObra5[[#This Row],[Equipo]],Catalogos!$I$3:$J$34,2,FALSE) -> RT-01 | F52: 70 | G52: 28.3 | H52: =IFERROR(F52*G52,0) -> 1981 | I52: =VLOOKUP(TablaObra5[[#This Row],[Obra]],Catalogos!$B$3:$C$8,2,FALSE) -> Apolinar
A53: 46184 | B53: Lerma - Tres Marías | C53: 46184 | D53: Doble Rodillo | E53: =VLOOKUP(TablaObra5[[#This Row],[Equipo]],Catalogos!$I$3:$J$34,2,FALSE) -> DR-01 | F53: 40 | G53: 28.3 | H53: =IFERROR(F53*G53,0) -> 1132 | I53: =VLOOKUP(TablaObra5[[#This Row],[Obra]],Catalogos!$B$3:$C$8,2,FALSE) -> Apolinar
A54: 46184 | B54: Lerma - Tres Marías | C54: 46184 | D54: Vogel | E54: =VLOOKUP(TablaObra5[[#This Row],[Equipo]],Catalogos!$I$3:$J$34,2,FALSE) -> VG-01 | F54: 150 | G54: 28.3 | H54: =IFERROR(F54*G54,0) -> 4245 | I54: =VLOOKUP(TablaObra5[[#This Row],[Obra]],Catalogos!$B$3:$C$8,2,FALSE) -> Apolinar
A55: 46184 | B55: Lerma - Tres Marías | C55: 46184 | D55: Limpieza | E55: =VLOOKUP(TablaObra5[[#This Row],[Equipo]],Catalogos!$I$3:$J$34,2,FALSE) -> LP-01 | F55: 30 | G55: 28.3 | H55: =IFERROR(F55*G55,0) -> 849 | I55: =VLOOKUP(TablaObra5[[#This Row],[Obra]],Catalogos!$B$3:$C$8,2,FALSE) -> Apolinar
A56: 46184 | B56: Lerma - Tres Marías | C56: 46184 | D56: Rastrillador | E56: =VLOOKUP(TablaObra5[[#This Row],[Equipo]],Catalogos!$I$3:$J$34,2,FALSE) -> RS-01 | F56: 10 | G56: 28.3 | H56: =IFERROR(F56*G56,0) -> 283 | I56: =VLOOKUP(TablaObra5[[#This Row],[Obra]],Catalogos!$B$3:$C$8,2,FALSE) -> Apolinar
A57: 46184 | B57: Bacheo Toluca | D57: Retroexcavadora | E57: =VLOOKUP(TablaObra5[[#This Row],[Equipo]],Catalogos!$I$3:$J$34,2,FALSE) -> RT-01 | F57: 50 | G57: 28.3 | H57: =IFERROR(F57*G57,0) -> 1415 | I57: =VLOOKUP(TablaObra5[[#This Row],[Obra]],Catalogos!$B$3:$C$8,2,FALSE) -> Diego Carreola | K57: Diego Carreola Monroy
A58: 46184 | B58: Bacheo Toluca | D58: Otro | E58: =VLOOKUP(TablaObra5[[#This Row],[Equipo]],Catalogos!$I$3:$J$34,2,FALSE) -> OT-01 | F58: 10 | G58: 28.3 | H58: =IFERROR(F58*G58,0) -> 283 | I58: =VLOOKUP(TablaObra5[[#This Row],[Obra]],Catalogos!$B$3:$C$8,2,FALSE) -> Diego Carreola | K58: Diego Carreola Monroy
A59: 46184 | B59: Bacheo Toluca | D59: Limpieza | E59: =VLOOKUP(TablaObra5[[#This Row],[Equipo]],Catalogos!$I$3:$J$34,2,FALSE) -> LP-01 | F59: 10 | G59: 28.3 | H59: =IFERROR(F59*G59,0) -> 283 | I59: =VLOOKUP(TablaObra5[[#This Row],[Obra]],Catalogos!$B$3:$C$8,2,FALSE) -> Diego Carreola | K59: Diego Carreola Monroy
A60: 46185 | B60: México-Toluca | C60: 46185 | D60: Perfiladora | E60: =VLOOKUP(TablaObra5[[#This Row],[Equipo]],Catalogos!$I$3:$J$34,2,FALSE) -> PR-01 | F60: 250 | G60: 28.3 | H60: =IFERROR(F60*G60,0) -> 7075 | I60: =VLOOKUP(TablaObra5[[#This Row],[Obra]],Catalogos!$B$3:$C$8,2,FALSE) -> Samuel Ortega
A61: 46185 | B61: México-Toluca | C61: 46185 | D61: Vogel | E61: =VLOOKUP(TablaObra5[[#This Row],[Equipo]],Catalogos!$I$3:$J$34,2,FALSE) -> VG-01 | F61: 150 | G61: 28.3 | H61: =IFERROR(F61*G61,0) -> 4245 | I61: =VLOOKUP(TablaObra5[[#This Row],[Obra]],Catalogos!$B$3:$C$8,2,FALSE) -> Samuel Ortega
A62: 46185 | B62: México-Toluca | C62: 46185 | D62: Compactador | E62: =VLOOKUP(TablaObra5[[#This Row],[Equipo]],Catalogos!$I$3:$J$34,2,FALSE) -> CP-01 | F62: 40 | G62: 28.3 | H62: =IFERROR(F62*G62,0) -> 1132 | I62: =VLOOKUP(TablaObra5[[#This Row],[Obra]],Catalogos!$B$3:$C$8,2,FALSE) -> Samuel Ortega
A63: 46185 | B63: México-Toluca | C63: 46185 | D63: Neuomatico | E63: =VLOOKUP(TablaObra5[[#This Row],[Equipo]],Catalogos!$I$3:$J$34,2,FALSE) -> NM-01 | F63: 30 | G63: 28.3 | H63: =IFERROR(F63*G63,0) -> 849 | I63: =VLOOKUP(TablaObra5[[#This Row],[Obra]],Catalogos!$B$3:$C$8,2,FALSE) -> Samuel Ortega
A64: 46185 | B64: México-Toluca | C64: 46185 | D64: Retroexcavadora | E64: =VLOOKUP(TablaObra5[[#This Row],[Equipo]],Catalogos!$I$3:$J$34,2,FALSE) -> RT-01 | F64: 30 | G64: 28.3 | H64: =IFERROR(F64*G64,0) -> 849 | I64: =VLOOKUP(TablaObra5[[#This Row],[Obra]],Catalogos!$B$3:$C$8,2,FALSE) -> Samuel Ortega
A65: 46185 | B65: México-Toluca | C65: 46185 | D65: Barredora | E65: =VLOOKUP(TablaObra5[[#This Row],[Equipo]],Catalogos!$I$3:$J$34,2,FALSE) -> BR-01 | F65: 20 | G65: 28.3 | H65: =IFERROR(F65*G65,0) -> 566 | I65: =VLOOKUP(TablaObra5[[#This Row],[Obra]],Catalogos!$B$3:$C$8,2,FALSE) -> Samuel Ortega
A66: 46185 | B66: México-Toluca | C66: 46185 | D66: Maxilihgs | E66: =VLOOKUP(TablaObra5[[#This Row],[Equipo]],Catalogos!$I$3:$J$34,2,FALSE) -> MX-01 | F66: 20 | G66: 28.3 | H66: =IFERROR(F66*G66,0) -> 566 | I66: =VLOOKUP(TablaObra5[[#This Row],[Obra]],Catalogos!$B$3:$C$8,2,FALSE) -> Samuel Ortega
A67: 46185 | B67: Chamapa-Lechería | C67: 46185 | D67: Perfiladora Wirgent | E67: =VLOOKUP(TablaObra5[[#This Row],[Equipo]],Catalogos!$I$3:$J$34,2,FALSE) -> PR-02 | F67: 250 | G67: 28.3 | H67: =IFERROR(F67*G67,0) -> 7075 | I67: =VLOOKUP(TablaObra5[[#This Row],[Obra]],Catalogos!$B$3:$C$8,2,FALSE) -> Francisco Javier
A68: 46185 | B68: Chamapa-Lechería | C68: 46185 | D68: Barredora Broce | E68: =VLOOKUP(TablaObra5[[#This Row],[Equipo]],Catalogos!$I$3:$J$34,2,FALSE) -> BR-02 | F68: 40 | G68: 28.3 | H68: =IFERROR(F68*G68,0) -> 1132 | I68: =VLOOKUP(TablaObra5[[#This Row],[Obra]],Catalogos!$B$3:$C$8,2,FALSE) -> Francisco Javier
A69: 46185 | B69: Chamapa-Lechería | C69: 46185 | D69: Retroexcavadora Jonh Deere | E69: =VLOOKUP(TablaObra5[[#This Row],[Equipo]],Catalogos!$I$3:$J$34,2,FALSE) -> RT-02 | F69: 60 | G69: 28.3 | H69: =IFERROR(F69*G69,0) -> 1698 | I69: =VLOOKUP(TablaObra5[[#This Row],[Obra]],Catalogos!$B$3:$C$8,2,FALSE) -> Francisco Javier
A70: 46185 | B70: Chamapa-Lechería | C70: 46185 | D70: Vogele Guion | E70: =VLOOKUP(TablaObra5[[#This Row],[Equipo]],Catalogos!$I$3:$J$34,2,FALSE) -> VG-02 | F70: 100 | G70: 28.3 | H70: =IFERROR(F70*G70,0) -> 2830 | I70: =VLOOKUP(TablaObra5[[#This Row],[Obra]],Catalogos!$B$3:$C$8,2,FALSE) -> Francisco Javier
A71: 46185 | B71: Chamapa-Lechería | C71: 46185 | D71: Limpieza | E71: =VLOOKUP(TablaObra5[[#This Row],[Equipo]],Catalogos!$I$3:$J$34,2,FALSE) -> LP-01 | F71: 20 | G71: 28.3 | H71: =IFERROR(F71*G71,0) -> 566 | I71: =VLOOKUP(TablaObra5[[#This Row],[Obra]],Catalogos!$B$3:$C$8,2,FALSE) -> Francisco Javier
... A74: 46185 | B74: Chamapa-Lechería | C74: 46185 | D74: Petrolizadora Elton | E74: =VLOOKUP(TablaObra5[[#This Row],[Equipo]],Catalogos!$I$3:$J$34,2,FALSE) -> PT-02 | F74: 50 | G74: 28.3 | H74: =IFERROR(F74*G74,0) -> 1415 | I74: =VLOOKUP(TablaObra5[[#This Row],[Obra]],Catalogos!$B$3:$C$8,2,FALSE) -> Francisco Javier
E75: =VLOOKUP(TablaObra5[[#This Row],[Equipo]],Catalogos!$I$3:$J$34,2,FALSE) -> #N/A | G75: 28.3 | H75: =IFERROR(F75*G75,0) -> 0 | I75: =VLOOKUP(TablaObra5[[#This Row],[Obra]],Catalogos!$B$3:$C$8,2,FALSE) -> #N/A
E76: =VLOOKUP(TablaObra5[[#This Row],[Equipo]],Catalogos!$I$3:$J$34,2,FALSE) -> #N/A | G76: 28.3 | H76: =IFERROR(F76*G76,0) -> 0 | I76: =VLOOKUP(TablaObra5[[#This Row],[Obra]],Catalogos!$B$3:$C$8,2,FALSE) -> #N/A
E77: =VLOOKUP(TablaObra5[[#This Row],[Equipo]],Catalogos!$I$3:$J$34,2,FALSE) -> #N/A | G77: 28.3 | H77: =IFERROR(F77*G77,0) -> 0 | I77: =VLOOKUP(TablaObra5[[#This Row],[Obra]],Catalogos!$B$3:$C$8,2,FALSE) -> #N/A
E78: =VLOOKUP(TablaObra5[[#This Row],[Equipo]],Catalogos!$I$3:$J$34,2,FALSE) -> #N/A | G78: 28.3 | H78: =IFERROR(F78*G78,0) -> 0 | I78: =VLOOKUP(TablaObra5[[#This Row],[Obra]],Catalogos!$B$3:$C$8,2,FALSE) -> #N/A
E79: =VLOOKUP(TablaObra5[[#This Row],[Equipo]],Catalogos!$I$3:$J$34,2,FALSE) -> #N/A | G79: 28.3 | H79: =IFERROR(F79*G79,0) -> 0 | I79: =VLOOKUP(TablaObra5[[#This Row],[Obra]],Catalogos!$B$3:$C$8,2,FALSE) -> #N/A
E80: =VLOOKUP(TablaObra5[[#This Row],[Equipo]],Catalogos!$I$3:$J$34,2,FALSE) -> #N/A | G80: 28.3 | H80: =IFERROR(F80*G80,0) -> 0 | I80: =VLOOKUP(TablaObra5[[#This Row],[Obra]],Catalogos!$B$3:$C$8,2,FALSE) -> #N/A
E81: =VLOOKUP(TablaObra5[[#This Row],[Equipo]],Catalogos!$I$3:$J$34,2,FALSE) -> #N/A | G81: 28.3 | H81: =IFERROR(F81*G81,0) -> 0 | I81: =VLOOKUP(TablaObra5[[#This Row],[Obra]],Catalogos!$B$3:$C$8,2,FALSE) -> #N/A
E82: =VLOOKUP(TablaObra5[[#This Row],[Equipo]],Catalogos!$I$3:$J$34,2,FALSE) -> #N/A | G82: 28.3 | H82: =IFERROR(F82*G82,0) -> 0 | I82: =VLOOKUP(TablaObra5[[#This Row],[Obra]],Catalogos!$B$3:$C$8,2,FALSE) -> #N/A
E83: =VLOOKUP(TablaObra5[[#This Row],[Equipo]],Catalogos!$I$3:$J$34,2,FALSE) -> #N/A | G83: 28.3 | H83: =IFERROR(F83*G83,0) -> 0 | I83: =VLOOKUP(TablaObra5[[#This Row],[Obra]],Catalogos!$B$3:$C$8,2,FALSE) -> #N/A
E84: =VLOOKUP(TablaObra5[[#This Row],[Equipo]],Catalogos!$I$3:$J$34,2,FALSE) -> #N/A | G84: 28.3 | H84: =IFERROR(F84*G84,0) -> 0 | I84: =VLOOKUP(TablaObra5[[#This Row],[Obra]],Catalogos!$B$3:$C$8,2,FALSE) -> #N/A
E85: =VLOOKUP(TablaObra5[[#This Row],[Equipo]],Catalogos!$I$3:$J$34,2,FALSE) -> #N/A | G85: 28.3 | H85: =IFERROR(F85*G85,0) -> 0 | I85: =VLOOKUP(TablaObra5[[#This Row],[Obra]],Catalogos!$B$3:$C$8,2,FALSE) -> #N/A
E86: =VLOOKUP(TablaObra5[[#This Row],[Equipo]],Catalogos!$I$3:$J$34,2,FALSE) -> #N/A | G86: 28.3 | H86: =IFERROR(F86*G86,0) -> 0 | I86: =VLOOKUP(TablaObra5[[#This Row],[Obra]],Catalogos!$B$3:$C$8,2,FALSE) -> #N/A
... E306: =VLOOKUP(TablaObra5[[#This Row],[Equipo]],Catalogos!$I$3:$J$34,2,FALSE) -> #N/A | G306: 28.3 | H306: =IFERROR(F306*G306,0) -> 0 | I306: =VLOOKUP(TablaObra5[[#This Row],[Obra]],Catalogos!$B$3:$C$8,2,FALSE) -> #N/A

Sheet Captura_Obra
A1: GC-COMB-003 | BITÁCORA DE CONTROL DE COMBUSTIBLE DE OBRA
A2: Ingeniero: | C2: Semana: | E2: Fecha entrega: | G2: Obra: | I2: Costo/L base:
A4: Fecha | B4: Obra | C4: Fuente | D4: Equipo | E4: Económico | F4: Litros Recibidos | G4: Costo/L | H4: Importe | I4: Actividad Ejecutada | J4: Incidencia | K4: Observaciones
A5: 46181 | B5: México-Toluca | C5: Marimba M-01 | D5: Neuomatico | E5: =VLOOKUP(TablaObra[[#This Row],[Equipo]],Catalogos!I$4:J$34,2,FALSE) -> NM-01 | F5: 30 | G5: 28.3 | H5: =IFERROR(F5*G5,0) -> 849
A6: 46181 | B6: México-Toluca | C6: Marimba M-01 | D6: Compactador | E6: =VLOOKUP(TablaObra[[#This Row],[Equipo]],Catalogos!I$4:J$34,2,FALSE) -> CP-01 | F6: 32 | G6: 28.3 | H6: =IFERROR(F6*G6,0) -> 905.6
A7: 46181 | B7: México-Toluca | C7: Marimba M-01 | D7: Perfiladora | E7: =VLOOKUP(TablaObra[[#This Row],[Equipo]],Catalogos!I$4:J$34,2,FALSE) -> PR-01 | F7: 277 | G7: 28.3 | H7: =IFERROR(F7*G7,0) -> 7839.1
A8: 46181 | B8: México-Toluca | C8: Marimba M-01 | D8: Retroexcavadora | E8: =VLOOKUP(TablaObra[[#This Row],[Equipo]],Catalogos!I$4:J$34,2,FALSE) -> RT-01 | F8: 30 | G8: 28.3 | H8: =IFERROR(F8*G8,0) -> 849
A9: 46181 | B9: Lerma - Tres Marías | C9: Marimba M-01 | D9: Vogel | E9: =VLOOKUP(TablaObra[[#This Row],[Equipo]],Catalogos!I$4:J$34,2,FALSE) -> VG-01 | F9: 97 | G9: 28.3 | H9: =IFERROR(F9*G9,0) -> 2745.1
A10: 46181 | B10: Chamapa-Lechería | C10: Marimba M-01 | D10: Perfiladora Wirgent | E10: =VLOOKUP(TablaObra[[#This Row],[Equipo]],Catalogos!I$4:J$34,2,FALSE) -> PR-02 | F10: 198 | G10: 28.3 | H10: =IFERROR(F10*G10,0) -> 5603.4
A11: 46181 | B11: Chamapa-Lechería | C11: Marimba M-01 | D11: Maxilihgs | E11: =VLOOKUP(TablaObra[[#This Row],[Equipo]],Catalogos!I$4:J$34,2,FALSE) -> MX-01 | F11: 10 | G11: 28.3 | H11: =IFERROR(F11*G11,0) -> 283
A12: 46181 | B12: Chamapa-Lechería | C12: Marimba M-01 | D12: Neuomatico Dynapac | E12: =VLOOKUP(TablaObra[[#This Row],[Equipo]],Catalogos!I$4:J$34,2,FALSE) -> NM-02 | F12: 27 | G12: 28.3 | H12: =IFERROR(F12*G12,0) -> 764.1
A13: 46181 | B13: Chamapa-Lechería | C13: Marimba M-01 | D13: Compresor | E13: =VLOOKUP(TablaObra[[#This Row],[Equipo]],Catalogos!I$4:J$34,2,FALSE) -> CPR-01 | F13: 30 | G13: 28.3 | H13: =IFERROR(F13*G13,0) -> 849
A14: 46181 | B14: Chamapa-Lechería | C14: Marimba M-01 | D14: Retroexcavadora Jonh Deere | E14: =VLOOKUP(TablaObra[[#This Row],[Equipo]],Catalogos!I$4:J$34,2,FALSE) -> RT-02 | F14: 40 | G14: 28.3 | H14: =IFERROR(F14*G14,0) -> 1132 | M14: =SUM(F5:F64) -> 4697
A15: 46181 | B15: Chamapa-Lechería | C15: Marimba M-01 | D15: Vogele Guion | E15: =VLOOKUP(TablaObra[[#This Row],[Equipo]],Catalogos!I$4:J$34,2,FALSE) -> VG-02 | F15: 120 | G15: 28.3 | H15: =IFERROR(F15*G15,0) -> 3396
A16: 46181 | B16: Chamapa-Lechería | C16: Marimba M-01 | D16: Petrolizadora Elton | E16: =VLOOKUP(TablaObra[[#This Row],[Equipo]],Catalogos!I$4:J$34,2,FALSE) -> PT-02 | F16: 30 | G16: 28.3 | H16: =IFERROR(F16*G16,0) -> 849
A17: 46181 | B17: Bacheo Toluca | C17: Pegaso Directo | D17: Bidones | E17: =VLOOKUP(TablaObra[[#This Row],[Equipo]],Catalogos!I$4:J$34,2,FALSE) -> BD-01 | F17: 100 | G17: 28.3 | H17: =IFERROR(F17*G17,0) -> 2830
A18: 46181 | B18: Planta Asfalto Pegaso | C18: Pegaso Directo | D18: Bidones | E18: =VLOOKUP(TablaObra[[#This Row],[Equipo]],Catalogos!I$4:J$34,2,FALSE) -> BD-01 | F18: 200 | G18: 28.3 | H18: =IFERROR(F18*G18,0) -> 5660
A19: 46181 | B19: Planta Asfalto Pegaso | C19: Pegaso Directo | D19: Bidones | E19: =VLOOKUP(TablaObra[[#This Row],[Equipo]],Catalogos!I$4:J$34,2,FALSE) -> BD-01 | F19: 209 | G19: 28.3 | H19: =IFERROR(F19*G19,0) -> 5914.7
A20: 46182 | B20: Chamapa-Lechería | C20: Marimba M-01 | D20: Barredora Broce | E20: =VLOOKUP(TablaObra[[#This Row],[Equipo]],Catalogos!I$4:J$34,2,FALSE) -> BR-02 | F20: 30 | G20: 28.3 | H20: =IFERROR(F20*G20,0) -> 849
A21: 46182 | B21: Chamapa-Lechería | C21: Marimba M-01 | D21: Buggy Trasnfer | E21: =VLOOKUP(TablaObra[[#This Row],[Equipo]],Catalogos!I$4:J$34,2,FALSE) -> BG-01 | F21: 100 | G21: 28.3 | H21: =IFERROR(F21*G21,0) -> 2830
A22: 46182 | B22: Chamapa-Lechería | C22: Marimba M-01 | D22: Tandem Hamm | E22: =VLOOKUP(TablaObra[[#This Row],[Equipo]],Catalogos!I$4:J$34,2,FALSE) -> TD-01 | F22: 30 | G22: 28.3 | H22: =IFERROR(F22*G22,0) -> 849
A23: 46182 | B23: Chamapa-Lechería | C23: Marimba M-01 | D23: Perfiladora Wirgent | E23: =VLOOKUP(TablaObra[[#This Row],[Equipo]],Catalogos!I$4:J$34,2,FALSE) -> PR-02 | F23: 150 | G23: 28.3 | H23: =IFERROR(F23*G23,0) -> 4245
A24: 46182 | B24: Chamapa-Lechería | C24: Marimba M-01 | D24: Petrolizadora Elton | E24: =VLOOKUP(TablaObra[[#This Row],[Equipo]],Catalogos!I$4:J$34,2,FALSE) -> PT-02 | F24: 50 | G24: 28.3 | H24: =IFERROR(F24*G24,0) -> 1415
A25: 46182 | B25: Chamapa-Lechería | C25: Marimba M-01 | D25: Vogele Guion | E25: =VLOOKUP(TablaObra[[#This Row],[Equipo]],Catalogos!I$4:J$34,2,FALSE) -> VG-02 | F25: 136 | G25: 28.3 | H25: =IFERROR(F25*G25,0) -> 3848.8
A26: 46182 | B26: Chamapa-Lechería | C26: Marimba M-01 | D26: Tandem Hamm | E26: =VLOOKUP(TablaObra[[#This Row],[Equipo]],Catalogos!I$4:J$34,2,FALSE) -> TD-01 | F26: 30 | G26: 28.3 | H26: =IFERROR(F26*G26,0) -> 849
... A37: 46183 | B37: Bacheo Toluca | C37: Pegaso Directo | D37: Bidones | E37: =VLOOKUP(TablaObra[[#This Row],[Equipo]],Catalogos!I$4:J$34,2,FALSE) -> BD-01 | F37: 100 | G37: 28.3 | H37: =IFERROR(F37*G37,0) -> 2830
A38: 46184 | B38: México-Toluca | C38: Marimba M-01 | D38: Compactador | E38: =VLOOKUP(TablaObra[[#This Row],[Equipo]],Catalogos!I$4:J$34,2,FALSE) -> CP-01 | F38: 30 | G38: 28.3 | H38: =IFERROR(F38*G38,0) -> 849 | K38: Cuerpo a (Pausada)
A39: 46184 | B39: México-Toluca | C39: Marimba M-01 | D39: Neuomatico | E39: =VLOOKUP(TablaObra[[#This Row],[Equipo]],Catalogos!I$4:J$34,2,FALSE) -> NM-01 | F39: 30 | G39: 28.3 | H39: =IFERROR(F39*G39,0) -> 849 | K39: Cuerpo a (Pausada)
A40: 46184 | B40: México-Toluca | C40: Marimba M-01 | D40: Vogel | E40: =VLOOKUP(TablaObra[[#This Row],[Equipo]],Catalogos!I$4:J$34,2,FALSE) -> VG-01 | F40: 136 | G40: 28.3 | H40: =IFERROR(F40*G40,0) -> 3848.8 | K40: Cuerpo a (Pausada)
A41: 46184 | B41: México-Toluca | C41: Marimba M-01 | D41: Barredora | E41: =VLOOKUP(TablaObra[[#This Row],[Equipo]],Catalogos!I$4:J$34,2,FALSE) -> BR-01 | F41: 20 | G41: 28.3 | H41: =IFERROR(F41*G41,0) -> 566 | K41: Cuerpo a (Pausada)
A42: 46184 | B42: México-Toluca | C42: Marimba M-01 | D42: Retroexcavadora | E42: =VLOOKUP(TablaObra[[#This Row],[Equipo]],Catalogos!I$4:J$34,2,FALSE) -> RT-01 | F42: 20 | G42: 28.3 | H42: =IFERROR(F42*G42,0) -> 566 | K42: Cuerpo a (Pausada)
A43: 46184 | B43: México-Toluca | C43: Marimba M-01 | D43: Maxilihgs | E43: =VLOOKUP(TablaObra[[#This Row],[Equipo]],Catalogos!I$4:J$34,2,FALSE) -> MX-01 | F43: 20 | G43: 28.3 | H43: =IFERROR(F43*G43,0) -> 566 | K43: Cuerpo a (Pausada)
A44: 46184 | B44: Planta Asfalto Pegaso | C44: Pegaso Directo | D44: PayLoder | E44: =VLOOKUP(TablaObra[[#This Row],[Equipo]],Catalogos!I$4:J$34,2,FALSE) -> PL-01 | F44: 238 | G44: 28.3 | H44: =IFERROR(F44*G44,0) -> 6735.4
A45: 46184 | B45: Lerma - Tres Marías | C45: Pegaso Directo | D45: Petrolizadora | E45: =VLOOKUP(TablaObra[[#This Row],[Equipo]],Catalogos!I$4:J$34,2,FALSE) -> PT-01 | F45: 80 | G45: 28.3 | H45: =IFERROR(F45*G45,0) -> 2264
A46: 46184 | B46: Lerma - Tres Marías | C46: Pegaso Directo | D46: Compresor | E46: =VLOOKUP(TablaObra[[#This Row],[Equipo]],Catalogos!I$4:J$34,2,FALSE) -> CPR-01 | F46: 50 | G46: 28.3 | H46: =IFERROR(F46*G46,0) -> 1415
A47: 46184 | B47: Lerma - Tres Marías | C47: Pegaso Directo | D47: Retroexcavadora | E47: =VLOOKUP(TablaObra[[#This Row],[Equipo]],Catalogos!I$4:J$34,2,FALSE) -> RT-01 | F47: 70 | G47: 28.3 | H47: =IFERROR(F47*G47,0) -> 1981
A48: 46184 | B48: Lerma - Tres Marías | C48: Pegaso Directo | D48: Camion de Impacto | E48: =VLOOKUP(TablaObra[[#This Row],[Equipo]],Catalogos!I$4:J$34,2,FALSE) -> CI-01 | F48: 80 | G48: 28.3 | H48: =IFERROR(F48*G48,0) -> 2264
A49: 46184 | B49: Lerma - Tres Marías | C49: Pegaso Directo | D49: Vogel | E49: =VLOOKUP(TablaObra[[#This Row],[Equipo]],Catalogos!I$4:J$34,2,FALSE) -> VG-01 | F49: 185 | G49: 28.3 | H49: =IFERROR(F49*G49,0) -> 5235.5
A50: 46184 | B50: Lerma - Tres Marías | C50: Pegaso Directo | D50: Doble Rodillo | E50: =VLOOKUP(TablaObra[[#This Row],[Equipo]],Catalogos!I$4:J$34,2,FALSE) -> DR-01 | F50: 50 | G50: 28.3 | H50: =IFERROR(F50*G50,0) -> 1415
A51: 46184 | B51: Lerma - Tres Marías | C51: Pegaso Directo | D51: Doble Rodillo | E51: =VLOOKUP(TablaObra[[#This Row],[Equipo]],Catalogos!I$4:J$34,2,FALSE) -> DR-01 | F51: 40 | G51: 28.3 | H51: =IFERROR(F51*G51,0) -> 1132
A52: 46184 | B52: Lerma - Tres Marías | C52: Pegaso Directo | D52: Neuomatico | E52: =VLOOKUP(TablaObra[[#This Row],[Equipo]],Catalogos!I$4:J$34,2,FALSE) -> NM-01 | F52: 40 | G52: 28.3 | H52: =IFERROR(F52*G52,0) -> 1132
A53: 46185 | B53: Chamapa-Lechería | C53: Marimba M-01 | D53: Tandem Hamm | E53: =VLOOKUP(TablaObra[[#This Row],[Equipo]],Catalogos!I$4:J$34,2,FALSE) -> TD-01 | F53: 32 | G53: 28.3 | H53: =IFERROR(F53*G53,0) -> 905.6
A54: 46185 | B54: Chamapa-Lechería | C54: Marimba M-01 | D54: Neuomatico Dynapac | E54: =VLOOKUP(TablaObra[[#This Row],[Equipo]],Catalogos!I$4:J$34,2,FALSE) -> NM-02 | F54: 30 | G54: 28.3 | H54: =IFERROR(F54*G54,0) -> 849
A55: 46185 | B55: Chamapa-Lechería | C55: Marimba M-01 | D55: Barredora Broce | E55: =VLOOKUP(TablaObra[[#This Row],[Equipo]],Catalogos!I$4:J$34,2,FALSE) -> BR-02 | F55: 30 | G55: 28.3 | H55: =IFERROR(F55*G55,0) -> 849
... A64: 46185 | B64: México-Toluca | C64: Marimba M-01 | D64: Perfiladora | E64: =VLOOKUP(TablaObra[[#This Row],[Equipo]],Catalogos!I$4:J$34,2,FALSE) -> PR-01 | F64: 250 | G64: 28.3 | H64: =IFERROR(F64*G64,0) -> 7075
E65: =VLOOKUP(TablaObra[[#This Row],[Equipo]],Catalogos!I$4:J$34,2,FALSE) -> #N/A | G65: 28.3 | H65: =IFERROR(F65*G65,0) -> 0
E66: =VLOOKUP(TablaObra[[#This Row],[Equipo]],Catalogos!I$4:J$34,2,FALSE) -> #N/A | G66: 28.3 | H66: =IFERROR(F66*G66,0) -> 0
E67: =VLOOKUP(TablaObra[[#This Row],[Equipo]],Catalogos!I$4:J$34,2,FALSE) -> #N/A | G67: 28.3 | H67: =IFERROR(F67*G67,0) -> 0
E68: =VLOOKUP(TablaObra[[#This Row],[Equipo]],Catalogos!I$4:J$34,2,FALSE) -> #N/A | G68: 28.3 | H68: =IFERROR(F68*G68,0) -> 0
E69: =VLOOKUP(TablaObra[[#This Row],[Equipo]],Catalogos!I$4:J$34,2,FALSE) -> #N/A | G69: 28.3 | H69: =IFERROR(F69*G69,0) -> 0
E70: =VLOOKUP(TablaObra[[#This Row],[Equipo]],Catalogos!I$4:J$34,2,FALSE) -> #N/A | G70: 28.3 | H70: =IFERROR(F70*G70,0) -> 0
E71: =VLOOKUP(TablaObra[[#This Row],[Equipo]],Catalogos!I$4:J$34,2,FALSE) -> #N/A | G71: 28.3 | H71: =IFERROR(F71*G71,0) -> 0
E72: =VLOOKUP(TablaObra[[#This Row],[Equipo]],Catalogos!I$4:J$34,2,FALSE) -> #N/A | G72: 28.3 | H72: =IFERROR(F72*G72,0) -> 0
E73: =VLOOKUP(TablaObra[[#This Row],[Equipo]],Catalogos!I$4:J$34,2,FALSE) -> #N/A | G73: 28.3 | H73: =IFERROR(F73*G73,0) -> 0
E74: =VLOOKUP(TablaObra[[#This Row],[Equipo]],Catalogos!I$4:J$34,2,FALSE) -> #N/A | G74: 28.3 | H74: =IFERROR(F74*G74,0) -> 0
E75: =VLOOKUP(TablaObra[[#This Row],[Equipo]],Catalogos!I$4:J$34,2,FALSE) -> #N/A | G75: 28.3 | H75: =IFERROR(F75*G75,0) -> 0
E76: =VLOOKUP(TablaObra[[#This Row],[Equipo]],Catalogos!I$4:J$34,2,FALSE) -> #N/A | G76: 28.3 | H76: =IFERROR(F76*G76,0) -> 0
... E145: =VLOOKUP(TablaObra[[#This Row],[Equipo]],Catalogos!I$4:J$34,2,FALSE) -> #N/A | G145: 28.3 | H145: =IFERROR(F145*G145,0) -> 0
E146: =VLOOKUP(TablaObra[[#This Row],[Equipo]],Catalogos!I$4:J$34,2,FALSE) -> #N/A | H146: =IFERROR(F146*G146,0) -> 0
E147: =VLOOKUP(TablaObra[[#This Row],[Equipo]],Catalogos!I$4:J$34,2,FALSE) -> #N/A | H147: =IFERROR(F147*G147,0) -> 0
E148: =VLOOKUP(TablaObra[[#This Row],[Equipo]],Catalogos!I$4:J$34,2,FALSE) -> #N/A | H148: =IFERROR(F148*G148,0) -> 0
E149: =VLOOKUP(TablaObra[[#This Row],[Equipo]],Catalogos!I$4:J$34,2,FALSE) -> #N/A | H149: =IFERROR(F149*G149,0) -> 0
E150: =VLOOKUP(TablaObra[[#This Row],[Equipo]],Catalogos!I$4:J$34,2,FALSE) -> #N/A | H150: =IFERROR(F150*G150,0) -> 0
E151: =VLOOKUP(TablaObra[[#This Row],[Equipo]],Catalogos!I$4:J$34,2,FALSE) -> #N/A | H151: =IFERROR(F151*G151,0) -> 0
E152: =VLOOKUP(TablaObra[[#This Row],[Equipo]],Catalogos!I$4:J$34,2,FALSE) -> #N/A | H152: =IFERROR(F152*G152,0) -> 0
E153: =VLOOKUP(TablaObra[[#This Row],[Equipo]],Catalogos!I$4:J$34,2,FALSE) -> #N/A | H153: =IFERROR(F153*G153,0) -> 0
E154: =VLOOKUP(TablaObra[[#This Row],[Equipo]],Catalogos!I$4:J$34,2,FALSE) -> #N/A | H154: =IFERROR(F154*G154,0) -> 0
E155: =VLOOKUP(TablaObra[[#This Row],[Equipo]],Catalogos!I$4:J$34,2,FALSE) -> #N/A | H155: =IFERROR(F155*G155,0) -> 0
E156: =VLOOKUP(TablaObra[[#This Row],[Equipo]],Catalogos!I$4:J$34,2,FALSE) -> #N/A | H156: =IFERROR(F156*G156,0) -> 0
E157: =VLOOKUP(TablaObra[[#This Row],[Equipo]],Catalogos!I$4:J$34,2,FALSE) -> #N/A | H157: =IFERROR(F157*G157,0) -> 0
... E304: =VLOOKUP(TablaObra[[#This Row],[Equipo]],Catalogos!I$4:J$34,2,FALSE) -> #N/A | H304: =IFERROR(F304*G304,0) -> 0

Sheet Catalogos
A1: CATÁLOGOS OFICIALES - CONTROL DE COMBUSTIBLE
K2: Obras Dropdown | L2: Semanas Dropdown
A3: Código Obra | B3: Obra | C3: Ingeniero | E3: Código | F3: Fuente / Origen | I3: Tipo de Equipo | J3: Económico
A4: MT | B4: México-Toluca | C4: Samuel Ortega | E4: GAS | F4: Gasolinera Huixquilucan | I4: Fresadora | J4: FR-01 | K4: México-Toluca | L4: 46181
A5: L3M | B5: Lerma - Tres Marías | C5: Apolinar | E5: PEG | F5: Tanque Pegaso | I5: Compactador | J5: CP-01 | K5: Lerma - Tres Marías | L5: 46188
A6: NP | B6: No aplica | E6: PAP | F6: Planta Asfalto Pegaso | I6: Excavadora | J6: EX-01 | K6: Chamapa-Lechería | L6: 46195
A7: CL | B7: Chamapa-Lechería | C7: Francisco Javier | E7: M01 | F7: Marimba M-01 | I7: Retroexcavadora | J7: RT-01 | K7: Bacheo Toluca | L7: 46202
A8: BT | B8: Bacheo Toluca | C8: Diego Carreola | E8: DIR | F8: Carga directa | I8: Motoconformadora | J8: MG-01 | K8: Todas | L8: 46209
A9: PAP | B9: Planta Asfalto Pegaso | E9: PAH | F9: Planta Asfaltos | I9: Petrolizadora | J9: PT-01 | L9: 46216
A10: PAH | B10: Planta Asflato Huixquilucan | E10: Otr | F10: Otro | I10: Pipa | J10: PP-01 | L10: 46223
I11: Camión | J11: CM-01 | L11: 46230
I12: Perfiladora Wirgent | J12: PR-02 | L12: 46237
I13: Perfiladora Cat-PM | J13: PR-03 | L13: 46244
I14: Barredora Broce | J14: BR-02 | L14: 46251
I15: Retroexcavadora Jonh Deere | J15: RT-02 | L15: 46258
I16: Buggy Trasnfer | J16: BG-01 | L16: 46265
I17: Cargador | J17: CR-01 | L17: 46272
I18: Vogel | J18: VG-01 | L18: 46279
I19: Perfiladora | J19: PR-01 | L19: 46286
I20: Barredora | J20: BR-01 | L20: 46293
I21: Neuomatico | J21: NM-01 | L21: 46300
I22: Vogele Guion | J22: VG-02 | L22: 46307
... I33: PayLoder | J33: PL-01 | L33: 46384
I34: Otro | J34: OT-01
