Workbook

Sheet Bitácora de Tanque
B4: GC-COMB-005: CONTROL DIARIO Y CONCILIACIÓN DE TANQUE DE COMBUSTIBLE (20,000 L)
B6: Semana No.: | E6: Responsable del Tanque: | J6: Capacidad del Tanque: | K6: 20,000 Litros (2.41m x 2.40m x 4.62m) | L6: 20,000 Litros (2.41m x 2.40m x 4.62m) | M6: 20,000 Litros (2.41m x 2.40m x 4.62m)
B7: Semana del: | D7: al: | F7: Observaciones:
B9: 1. BALANCE DIARIO DE ENTRADAS, SALIDAS E INVENTARIO DE COMBUSTIBLE
B10: Folio Ticket | C10: Fecha | D10: Hora | E10: Origen | F10: Destino | G10: Litros | H10: Firma | I10: SALIDA MARIMBA (L) | J10: INV. TEÓRICO (L) | K10: ALTURA (CM) | L10: INV. FÍSICO (L) | M10: DIFERENCIA (L)
B11: =IF(F11="","", "TNK" & IF($C$6="","", "-" & $C$6) & "-" & TEXT(ROW(A1),"000")) | H11: =IF(F11="","", IFERROR(VLOOKUP(F11, Catalogos!$D$2:$G$50, 4, FALSE), "")) | J11: =C11+D11+E11-G11-H11-I11 | L11: =IF(OR(ISBLANK(K11), K11=""), "", VLOOKUP(K11, 'Tabla de Cubicación'!$A$2:$B$242, 2, TRUE)) | M11: =IF(ISNUMBER(L11), L11-J11, "")
B12: =IF(F12="","", "TNK" & IF($C$6="","", "-" & $C$6) & "-" & TEXT(ROW(A2),"000")) | C12: =IF(L11>0, L11, J11) | H12: =IF(F12="","", IFERROR(VLOOKUP(F12, Catalogos!$D$2:$G$50, 4, FALSE), "")) | J12: =C12+D12+E12-G12-H12-I12 | L12: =IF(OR(ISBLANK(K12), K12=""), "", VLOOKUP(K12, 'Tabla de Cubicación'!$A$2:$B$242, 2, TRUE)) | M12: =IF(ISNUMBER(L12), L12-J12, "")
B13: =IF(F13="","", "TNK" & IF($C$6="","", "-" & $C$6) & "-" & TEXT(ROW(A3),"000")) | C13: =IF(L12>0, L12, J12) | H13: =IF(F13="","", IFERROR(VLOOKUP(F13, Catalogos!$D$2:$G$50, 4, FALSE), "")) | J13: =C13+D13+E13-G13-H13-I13 | L13: =IF(OR(ISBLANK(K13), K13=""), "", VLOOKUP(K13, 'Tabla de Cubicación'!$A$2:$B$242, 2, TRUE)) | M13: =IF(ISNUMBER(L13), L13-J13, "")
B14: =IF(F14="","", "TNK" & IF($C$6="","", "-" & $C$6) & "-" & TEXT(ROW(A4),"000")) | C14: =IF(L13>0, L13, J13) | H14: =IF(F14="","", IFERROR(VLOOKUP(F14, Catalogos!$D$2:$G$50, 4, FALSE), "")) | J14: =C14+D14+E14-G14-H14-I14 | L14: =IF(OR(ISBLANK(K14), K14=""), "", VLOOKUP(K14, 'Tabla de Cubicación'!$A$2:$B$242, 2, TRUE)) | M14: =IF(ISNUMBER(L14), L14-J14, "")
B15: =IF(F15="","", "TNK" & IF($C$6="","", "-" & $C$6) & "-" & TEXT(ROW(A5),"000")) | C15: =IF(L14>0, L14, J14) | H15: =IF(F15="","", IFERROR(VLOOKUP(F15, Catalogos!$D$2:$G$50, 4, FALSE), "")) | J15: =C15+D15+E15-G15-H15-I15 | L15: =IF(OR(ISBLANK(K15), K15=""), "", VLOOKUP(K15, 'Tabla de Cubicación'!$A$2:$B$242, 2, TRUE)) | M15: =IF(ISNUMBER(L15), L15-J15, "")
B16: =IF(F16="","", "TNK" & IF($C$6="","", "-" & $C$6) & "-" & TEXT(ROW(A6),"000")) | C16: =IF(L15>0, L15, J15) | H16: =IF(F16="","", IFERROR(VLOOKUP(F16, Catalogos!$D$2:$G$50, 4, FALSE), "")) | J16: =C16+D16+E16-G16-H16-I16 | L16: =IF(OR(ISBLANK(K16), K16=""), "", VLOOKUP(K16, 'Tabla de Cubicación'!$A$2:$B$242, 2, TRUE)) | M16: =IF(ISNUMBER(L16), L16-J16, "")
B17: TOTALES SEMANALES: | D17: =SUM(D11:D16) | E17: =SUM(E11:E16) | G17: =SUM(G11:G16) | H17: =SUM(H11:H16) | I17: =SUM(I11:I16) | J17: =C11+D17+E17-G17-H17-I17 | L17: =IF(L16>0, L16, J16) | M17: =SUM(M11:M16)
B19: 2. REGISTRO Y CONCILIACIÓN DE TICKETS DE GASOLINERA HUIXQUILUCAN (GH)
B20: FECHA | C20: NÚMERO DE TICKET | D20: LITROS TICKET (A) | E20: RECEP. EN TANQUE (B) | F20: DIFERENCIA (B - A) | G20: ESTADO COTEJO | H20: COMENTARIOS / OBSERVACIONES
F21: =IF(AND(ISNUMBER(D21), ISNUMBER(E21)), E21-D21, "") | G21: =IF(F21="","",IF(F21=0,"OK (COINCIDE)",IF(F21>0,"EXCEDENTE","FALTANTE")))
F22: =IF(AND(ISNUMBER(D22), ISNUMBER(E22)), E22-D22, "") | G22: =IF(F22="","",IF(F22=0,"OK (COINCIDE)",IF(F22>0,"EXCEDENTE","FALTANTE")))
F23: =IF(AND(ISNUMBER(D23), ISNUMBER(E23)), E23-D23, "") | G23: =IF(F23="","",IF(F23=0,"OK (COINCIDE)",IF(F23>0,"EXCEDENTE","FALTANTE")))
F24: =IF(AND(ISNUMBER(D24), ISNUMBER(E24)), E24-D24, "") | G24: =IF(F24="","",IF(F24=0,"OK (COINCIDE)",IF(F24>0,"EXCEDENTE","FALTANTE")))
F25: =IF(AND(ISNUMBER(D25), ISNUMBER(E25)), E25-D25, "") | G25: =IF(F25="","",IF(F25=0,"OK (COINCIDE)",IF(F25>0,"EXCEDENTE","FALTANTE")))
F26: =IF(AND(ISNUMBER(D26), ISNUMBER(E26)), E26-D26, "") | G26: =IF(F26="","",IF(F26=0,"OK (COINCIDE)",IF(F26>0,"EXCEDENTE","FALTANTE")))
F27: =IF(AND(ISNUMBER(D27), ISNUMBER(E27)), E27-D27, "") | G27: =IF(F27="","",IF(F27=0,"OK (COINCIDE)",IF(F27>0,"EXCEDENTE","FALTANTE")))
F28: =IF(AND(ISNUMBER(D28), ISNUMBER(E28)), E28-D28, "") | G28: =IF(F28="","",IF(F28=0,"OK (COINCIDE)",IF(F28>0,"EXCEDENTE","FALTANTE")))
B29: TOTAL CONCILIACIÓN GH: | D29: =SUM(D21:D28) | E29: =SUM(E21:E28) | F29: =E29-D29

Sheet Tabla de Cubicación
A1: ALTURA (CM) | B1: VOLUMEN CALIBRADO (L)
A2: 0 | B2: 0
A3: 1 | B3: 9.1204943
A4: 2 | B4: 25.764295
A5: 3 | B5: 47.272496
A6: 4 | B6: 72.688971
A7: 5 | B7: 101.45744
A8: 6 | B8: 133.20011
A9: 7 | B9: 167.63784
A10: 8 | B10: 204.55293
A11: 9 | B11: 243.76911
A12: 10 | B12: 285.13958
A13: 11 | B13: 328.53948
... A242: 240 | B242: 20000

Sheet Catalogos
A1: Obras | B1: Ingeniero | C1: Origen | D1: Tipo de Equipo | E1: No. Económico | F1: Obra Asignada | G1: Operador Asignado | H1: Obra | I1: Iniciales
A2: México-Toluca | B2: Francisco Javier | C2: Gasolinera Huixquilucan | D2: RETROEXCAVADORA CASE 580 N | E2: RT-03 | H2: Lerma - Tres Marías | I2: LT
A3: Lerma - Tres Marías | B3: Apolinar | C3: Tanque Pegaso | D3: PAVIMENTADORA VOGELE 1800-3 i | E3: VG-01 | F3: México-Toluca | G3: Gerardo Ezequiel Piña Fernández | H3: México-Toluca | I3: MT
A4: No aplica | B4: Diego Carreola | C4: Planta Asfalto Pegaso | D4: PAVIMENTADORA VOGELE 1800-2 SJ | E4: VG-02 | H4: Chamapa-Lechería | I4: CL
A5: Chamapa-Lechería | B5: Janeth | C5: Marimba M-01 | D5: PAVIMENTADORA VOGELE SJ 1800-3 | E5: VG-03 | F5: Lerma - Tres Marías | G5: Jose de Jesus Eusebio Martinez | H5: Bacheo Toluca | I5: BT
A6: Bacheo Toluca | B6: Luis | C6: Carga directa | D6: PERFILADORA RODATEC RX600-4-4008 | E6: PR-01 | H6: Planta Asfalto Pegaso | I6: PAP
A7: Planta Asfalto Pegaso | C7: Planta Asfaltos | D7: PERFILADORA RODATEC RX600E | E7: PR-02 | F7: Lerma - Tres Marías | G7: Alan Alexis Gutierrez Flores | H7: Dragones | I7: DR
A8: Planta Asflato Huixquilucan | C8: Entrada | D8: BARREDORA BROCE RJ350 | E8: BR-01 | F8: México-Toluca | G8: Edgar Rosales Martinez
A9: Dragones | C9: Salida | D9: BARREDORA LAYMOR SM400 | E9: BR-02
A10: Jalisco | D10: BARREDORA SUPERIOR BROOM DT80J | E10: BR-03
D11: BARREDORA LAYMOR SM400 | E11: BR-04 | F11: Lerma - Tres Marías | G11: Fernando Angeles Reyes
D12: DOBLE RODILLO/VIBROCOMPACTADOR DE RODILLOS HAMM 120HD VV | E12: DR-01 | F12: México-Toluca | G12: POR ASIGNAR
D13: DOBLE RODILLO/VIBROCOMPACTADOR DE RODILLOS HAMM 140HD | E13: DR-02 | F13: México-Toluca | G13: Julián Piña Hernández
D14: TANDEM DOBLE RODILLO / VIBROCOMPACTOR RODILLO CAT CB54 | E14: TD-01
D15: VIBROCOMPACTADOR CATERPILLAR CB66B | E15: VC-01 | F15: Lerma - Tres Marías | G15: Jose Manuel Reyes Flores
D16: NEUMATICO / COMPACTADOR DE NEUMATICOS DINAPAC CP271 | E16: NM-01 | F16: Lerma - Tres Marías | G16: Marco Antonio Estrada Arellano
D17: NEUMATICO VOLVO PT-240R | E17: NM-02 | F17: México-Toluca | G17: Luis Fernando Mendiola Vivero
D18: COMPRESOR SULLIVAN PALATEK D2010 | E18: CPR-01 | F18: Lerma - Tres Marías | G18: Eduardo Guadarrama Garcia
D19: COMPRESOR SULLIVAN PALATEK D2010 | E19: CPR-02
D20: RETROEXCAVADORA CASE 420DN | E20: RT-04
D21: BARREDORA BROCE BROOM KR350 | E21: BR-05
D22: RETROEXCAVADORA JHONDEREE 310SK | E22: RT-05 | F22: México-Toluca | G22: Adolfo Nava Lopez
D23: BARREDORA BROCE BROOM KR350 | E23: BR-06
D24: DOBLE RODILLO INGERSOLL RAND DD-108HF | E24: DR-03
D25: TRASFER BUGGI RODATEC | E25: BG-01
D26: IMPACTO FORD 4300 | E26: CI-01
D27: IMPACTO FORD F800 | E27: CI-02 | F27: Lerma - Tres Marías | G27: Marco Antonio Millan Centeno
D28: PETROLIZADORA (IMPACTO 04) FORD F800 | E28: PT-01
D29: PETROLIZADORA INTERNATIONAL | E29: PT-02 | F29: Lerma - Tres Marías | G29: Francisco Gomora Angeles / Elthon Eduardo
D30: PIPA DE AGUA (IMPACTO 01) FORD | E30: PP-01
D31: DOBLE RODILLO RAD ROLLER FILY-325 PRO | E31: DR-04
D32: PERFILADORA WIRGENT-W200i | E32: S/N (WIRGENT) | F32: México-Toluca | G32: Alejandro de Jesus Fuentes Tapia
D33: COMPRESOR INGERSOLL RAND IR185 | E33: S/N (IR185) | F33: México-Toluca | G33: Jose Carlos Romero Tellez
