Workbook

Sheet Captura Pegaso
A2: GC-COMB-006: BITÁCORA TRANSACCIONAL DE OPERADOR (VERSIÓN 2)
B4: GC-COMB-006: BITÁCORA DE CAPTURA SEMANAL - TANQUE PEGASO (20,000 L)
B6: Semana No.: | C6: 25 | E6: Responsable del Tanque: | J6: Planta/Frente: | K6: Planta Pegaso
B7: NIVEL INICIAL (LUNES AM): | D7: Volumen Inicial Equiv. (L): | G7: NIVEL FINAL (SÁBADO PM): | I7: Volumen Final Equiv. (L):
B9: 1. REGISTRO DE ENTRADAS Y SALIDAS DIARIAS DE COMBUSTIBLE
B10: Folio Ticket | C10: Fecha (DD/MM/AAAA) | D10: Hora (HH:MM) | E10: Origen (Salida de) | F10: Destino (Entrega a) | G10: Obra Asignada | H10: Litros | I10: Observaciones
B11: =IF(G11="","", IFERROR(VLOOKUP(G11, Catalogos!$H$2:$I$20, 2, FALSE), "FOL") & IF($C$6="","", "-" & $C$6) & "-" & TEXT(ROW(A1),"000")) -> LT-25-001 | C11: 46195 | D11: 0.64583333 | E11: Tanque Pegaso | F11: RETROEXCAVADORA JHONDEREE 310SK | G11: Lerma - Tres Marías | H11: 150
B12: =IF(G12="","", IFERROR(VLOOKUP(G12, Catalogos!$H$2:$I$20, 2, FALSE), "FOL") & IF($C$6="","", "-" & $C$6) & "-" & TEXT(ROW(A2),"000"))
B13: =IF(G13="","", IFERROR(VLOOKUP(G13, Catalogos!$H$2:$I$20, 2, FALSE), "FOL") & IF($C$6="","", "-" & $C$6) & "-" & TEXT(ROW(A3),"000")) | H13: =IF(F13="","", IFERROR(VLOOKUP(F13, Catalogos!$D$2:$G$50, 4, FALSE), ""))
B14: =IF(G14="","", IFERROR(VLOOKUP(G14, Catalogos!$H$2:$I$20, 2, FALSE), "FOL") & IF($C$6="","", "-" & $C$6) & "-" & TEXT(ROW(A4),"000")) | H14: =IF(F14="","", IFERROR(VLOOKUP(F14, Catalogos!$D$2:$G$50, 4, FALSE), ""))
B15: =IF(G15="","", IFERROR(VLOOKUP(G15, Catalogos!$H$2:$I$20, 2, FALSE), "FOL") & IF($C$6="","", "-" & $C$6) & "-" & TEXT(ROW(A5),"000")) | H15: =IF(F15="","", IFERROR(VLOOKUP(F15, Catalogos!$D$2:$G$50, 4, FALSE), ""))
B16: =IF(G16="","", IFERROR(VLOOKUP(G16, Catalogos!$H$2:$I$20, 2, FALSE), "FOL") & IF($C$6="","", "-" & $C$6) & "-" & TEXT(ROW(A6),"000")) | H16: =IF(F16="","", IFERROR(VLOOKUP(F16, Catalogos!$D$2:$G$50, 4, FALSE), ""))
B17: =IF(G17="","", IFERROR(VLOOKUP(G17, Catalogos!$H$2:$I$20, 2, FALSE), "FOL") & IF($C$6="","", "-" & $C$6) & "-" & TEXT(ROW(A7),"000")) | H17: =IF(F17="","", IFERROR(VLOOKUP(F17, Catalogos!$D$2:$G$50, 4, FALSE), ""))
B18: =IF(G18="","", IFERROR(VLOOKUP(G18, Catalogos!$H$2:$I$20, 2, FALSE), "FOL") & IF($C$6="","", "-" & $C$6) & "-" & TEXT(ROW(A8),"000")) | H18: =IF(F18="","", IFERROR(VLOOKUP(F18, Catalogos!$D$2:$G$50, 4, FALSE), ""))
B19: =IF(G19="","", IFERROR(VLOOKUP(G19, Catalogos!$H$2:$I$20, 2, FALSE), "FOL") & IF($C$6="","", "-" & $C$6) & "-" & TEXT(ROW(A9),"000")) | H19: =IF(F19="","", IFERROR(VLOOKUP(F19, Catalogos!$D$2:$G$50, 4, FALSE), ""))
B20: =IF(G20="","", IFERROR(VLOOKUP(G20, Catalogos!$H$2:$I$20, 2, FALSE), "FOL") & IF($C$6="","", "-" & $C$6) & "-" & TEXT(ROW(A10),"000")) | H20: =IF(F20="","", IFERROR(VLOOKUP(F20, Catalogos!$D$2:$G$50, 4, FALSE), ""))
B21: =IF(G21="","", IFERROR(VLOOKUP(G21, Catalogos!$H$2:$I$20, 2, FALSE), "FOL") & IF($C$6="","", "-" & $C$6) & "-" & TEXT(ROW(A11),"000")) | H21: =IF(F21="","", IFERROR(VLOOKUP(F21, Catalogos!$D$2:$G$50, 4, FALSE), ""))
B22: =IF(G22="","", IFERROR(VLOOKUP(G22, Catalogos!$H$2:$I$20, 2, FALSE), "FOL") & IF($C$6="","", "-" & $C$6) & "-" & TEXT(ROW(A12),"000")) | H22: =IF(F22="","", IFERROR(VLOOKUP(F22, Catalogos!$D$2:$G$50, 4, FALSE), ""))
B23: =IF(G23="","", IFERROR(VLOOKUP(G23, Catalogos!$H$2:$I$20, 2, FALSE), "FOL") & IF($C$6="","", "-" & $C$6) & "-" & TEXT(ROW(A13),"000")) | H23: =IF(F23="","", IFERROR(VLOOKUP(F23, Catalogos!$D$2:$G$50, 4, FALSE), ""))
B24: =IF(G24="","", IFERROR(VLOOKUP(G24, Catalogos!$H$2:$I$20, 2, FALSE), "FOL") & IF($C$6="","", "-" & $C$6) & "-" & TEXT(ROW(A14),"000")) | H24: =IF(F24="","", IFERROR(VLOOKUP(F24, Catalogos!$D$2:$G$50, 4, FALSE), ""))
... B150: =IF(G150="","", IFERROR(VLOOKUP(G150, Catalogos!$H$2:$I$20, 2, FALSE), "FOL") & IF($C$6="","", "-" & $C$6) & "-" & TEXT(ROW(A140),"000")) | H150: =IF(F150="","", IFERROR(VLOOKUP(F150, Catalogos!$D$2:$G$50, 4, FALSE), ""))

Sheet Captura Marimba
B2: GC-COMB-006: BITÁCORA TRANSACCIONAL DE OPERADOR (VERSIÓN 2)
B4: GC-COMB-006: BITÁCORA DE CAPTURA SEMANAL - MARIMBA M-01
B6: Semana No.: | E6: Operador de Marimba: | J6: Marimba: | K6: Marimba M-01
B7: NIVEL INICIAL : | F7: NIVEL FINAL:
B9: 1. REGISTRO DE ENTRADAS Y SALIDAS DIARIAS DE COMBUSTIBLE
B10: Folio Ticket | C10: Fecha (DD/MM/AAAA) | D10: Hora (HH:MM) | E10: Origen (Salida de) | F10: Destino (Entrega a) | G10: Obra Asignada | H10: Litros | I10: Firma Recibido | J10: Observaciones
B13: =IF(G13="","", IFERROR(VLOOKUP(G13, Catalogos!$H$2:$I$20, 2, FALSE), "FOL") & IF($C$6="","", "-" & $C$6) & "-" & TEXT(ROW(A3),"000"))
B14: =IF(G14="","", IFERROR(VLOOKUP(G14, Catalogos!$H$2:$I$20, 2, FALSE), "FOL") & IF($C$6="","", "-" & $C$6) & "-" & TEXT(ROW(A4),"000"))
B15: =IF(G15="","", IFERROR(VLOOKUP(G15, Catalogos!$H$2:$I$20, 2, FALSE), "FOL") & IF($C$6="","", "-" & $C$6) & "-" & TEXT(ROW(A5),"000"))
B16: =IF(G16="","", IFERROR(VLOOKUP(G16, Catalogos!$H$2:$I$20, 2, FALSE), "FOL") & IF($C$6="","", "-" & $C$6) & "-" & TEXT(ROW(A6),"000"))
B17: =IF(G17="","", IFERROR(VLOOKUP(G17, Catalogos!$H$2:$I$20, 2, FALSE), "FOL") & IF($C$6="","", "-" & $C$6) & "-" & TEXT(ROW(A7),"000"))
B18: =IF(G18="","", IFERROR(VLOOKUP(G18, Catalogos!$H$2:$I$20, 2, FALSE), "FOL") & IF($C$6="","", "-" & $C$6) & "-" & TEXT(ROW(A8),"000"))
B19: =IF(G19="","", IFERROR(VLOOKUP(G19, Catalogos!$H$2:$I$20, 2, FALSE), "FOL") & IF($C$6="","", "-" & $C$6) & "-" & TEXT(ROW(A9),"000"))
B20: =IF(G20="","", IFERROR(VLOOKUP(G20, Catalogos!$H$2:$I$20, 2, FALSE), "FOL") & IF($C$6="","", "-" & $C$6) & "-" & TEXT(ROW(A10),"000"))
B21: =IF(G21="","", IFERROR(VLOOKUP(G21, Catalogos!$H$2:$I$20, 2, FALSE), "FOL") & IF($C$6="","", "-" & $C$6) & "-" & TEXT(ROW(A11),"000"))
B22: =IF(G22="","", IFERROR(VLOOKUP(G22, Catalogos!$H$2:$I$20, 2, FALSE), "FOL") & IF($C$6="","", "-" & $C$6) & "-" & TEXT(ROW(A12),"000"))
B23: =IF(G23="","", IFERROR(VLOOKUP(G23, Catalogos!$H$2:$I$20, 2, FALSE), "FOL") & IF($C$6="","", "-" & $C$6) & "-" & TEXT(ROW(A13),"000"))
B24: =IF(G24="","", IFERROR(VLOOKUP(G24, Catalogos!$H$2:$I$20, 2, FALSE), "FOL") & IF($C$6="","", "-" & $C$6) & "-" & TEXT(ROW(A14),"000"))
... B150: =IF(G150="","", IFERROR(VLOOKUP(G150, Catalogos!$H$2:$I$20, 2, FALSE), "FOL") & IF($C$6="","", "-" & $C$6) & "-" & TEXT(ROW(A140),"000"))

Sheet Catalogos
A1: Obras | B1: Ingeniero | C1: Origen | D1: Tipo de Equipo | E1: No. Económico | F1: Obra Asignada | G1: Operador Asignado | H1: Obra | I1: Iniciales
A2: México-Toluca | B2: Francisco Javier | C2: Gasolinera Huixquilucan | D2: RETROEXCAVADORA CASE 580 N | E2: RT-03 | H2: Lerma - Tres Marías | I2: LT | K2: Obras Dropdown | L2: Semanas Dropdown
A3: Lerma - Tres Marías | B3: Apolinar | C3: Tanque Pegaso | D3: PAVIMENTADORA VOGELE 1800-3 i | E3: VG-01 | F3: México-Toluca | G3: Gerardo Ezequiel Piña Fernández | H3: México-Toluca | I3: MT
A4: No aplica | B4: Diego Carreola | C4: Planta Asfalto Pegaso | D4: PAVIMENTADORA VOGELE 1800-2 SJ | E4: VG-02 | H4: Chamapa-Lechería | I4: CL | K4: México-Toluca | L4: 46167
A5: Chamapa-Lechería | B5: Janeth | C5: Marimba M-01 | D5: PAVIMENTADORA VOGELE SJ 1800-3 | E5: VG-03 | F5: Lerma - Tres Marías | G5: Jose de Jesus Eusebio Martinez | H5: Bacheo Toluca | I5: BT | K5: Lerma - Tres Marías | L5: 46174
A6: Bacheo Toluca | B6: Luis | C6: Carga directa | D6: PERFILADORA RODATEC RX600-4-4008 | E6: PR-01 | H6: Planta Asfalto Pegaso | I6: PAP | K6: Chamapa-Lechería | L6: 46181
A7: Planta Asfalto Pegaso | C7: Planta Asfaltos | D7: PERFILADORA RODATEC RX600E | E7: PR-02 | F7: Lerma - Tres Marías | G7: Alan Alexis Gutierrez Flores | H7: Dragones | I7: DR | K7: Bacheo Toluca | L7: 46188
A8: Planta Asflato Huixquilucan | C8: Entrada | D8: BARREDORA BROCE RJ350 | E8: BR-01 | F8: México-Toluca | G8: Edgar Rosales Martinez | K8: Planta Asfalto Pegaso | L8: 46195
A9: Dragones | C9: Salida | D9: BARREDORA LAYMOR SM400 | E9: BR-02 | K9: Planta Asflato Huixquilucan | L9: 46202
A10: Jalisco | D10: BARREDORA SUPERIOR BROOM DT80J | E10: BR-03 | K10: Dragones | L10: 46209
D11: BARREDORA LAYMOR SM400 | E11: BR-04 | F11: Lerma - Tres Marías | G11: Fernando Angeles Reyes | K11: Jalisco | L11: 46216
D12: DOBLE RODILLO/VIBROCOMPACTADOR DE RODILLOS HAMM 120HD VV | E12: DR-01 | F12: México-Toluca | G12: POR ASIGNAR | K12: Todas | L12: 46223
D13: DOBLE RODILLO/VIBROCOMPACTADOR DE RODILLOS HAMM 140HD | E13: DR-02 | F13: México-Toluca | G13: Julián Piña Hernández | L13: 46230
D14: TANDEM DOBLE RODILLO / VIBROCOMPACTOR RODILLO CAT CB54 | E14: TD-01 | L14: 46237
D15: VIBROCOMPACTADOR CATERPILLAR CB66B | E15: VC-01 | F15: Lerma - Tres Marías | G15: Jose Manuel Reyes Flores | L15: 46244
D16: NEUMATICO / COMPACTADOR DE NEUMATICOS DINAPAC CP271 | E16: NM-01 | F16: Lerma - Tres Marías | G16: Marco Antonio Estrada Arellano | L16: 46251
D17: NEUMATICO VOLVO PT-240R | E17: NM-02 | F17: México-Toluca | G17: Luis Fernando Mendiola Vivero | L17: 46258
D18: COMPRESOR SULLIVAN PALATEK D2010 | E18: CPR-01 | F18: Lerma - Tres Marías | G18: Eduardo Guadarrama Garcia | L18: 46265
D19: COMPRESOR SULLIVAN PALATEK D2010 | E19: CPR-02 | L19: 46272
D20: RETROEXCAVADORA CASE 420DN | E20: RT-04 | L20: 46279
D21: BARREDORA BROCE BROOM KR350 | E21: BR-05 | L21: 46286
D22: RETROEXCAVADORA JHONDEREE 310SK | E22: RT-05 | F22: México-Toluca | G22: Adolfo Nava Lopez | L22: 46293
D23: BARREDORA BROCE BROOM KR350 | E23: BR-06 | L23: 46300
D24: DOBLE RODILLO INGERSOLL RAND DD-108HF | E24: DR-03 | L24: 46307
D25: TRASFER BUGGI RODATEC | E25: BG-01 | L25: 46314
D26: IMPACTO FORD 4300 | E26: CI-01 | L26: 46321
D27: IMPACTO FORD F800 | E27: CI-02 | F27: Lerma - Tres Marías | G27: Marco Antonio Millan Centeno | L27: 46328
D28: PETROLIZADORA (IMPACTO 04) FORD F800 | E28: PT-01 | L28: 46335
D29: PETROLIZADORA INTERNATIONAL | E29: PT-02 | F29: Lerma - Tres Marías | G29: Francisco Gomora Angeles / Elthon Eduardo | L29: 46342
D30: PIPA DE AGUA (IMPACTO 01) FORD | E30: PP-01 | L30: 46349
D31: DOBLE RODILLO RAD ROLLER FILY-325 PRO | E31: DR-04 | L31: 46356
D32: PERFILADORA WIRGENT-W200i | E32: S/N (WIRGENT) | F32: México-Toluca | G32: Alejandro de Jesus Fuentes Tapia | L32: 46363
D33: COMPRESOR INGERSOLL RAND IR185 | E33: S/N (IR185) | F33: México-Toluca | G33: Jose Carlos Romero Tellez | L33: 46370
