Workbook

Sheet Carga_Camiones
A1: GC-MAT-001 | BITÁCORA DE CARGA DE CAMIONES (PLANTA / TRANSPORTE)
A2: Responsable: | D2: Semana: | G2: Fecha entrega: | K2: Plantas Origen: | L2: Toluca / Huixquilucan
A4: Fecha | B4: Folio Remisión (JDJ) | C4: Folio Báscula | D4: Planta Origen | E4: Obra Destino | F4: Material | G4: Placas del Vehículo | H4: Tipo de Vehículo | I4: Capacidad (m³) | J4: Operador | K4: Peso Bruto (kg) | L4: Peso Tara (kg) | M4: Peso Neto (kg) | N4: Hora de Salida | O4: Temperatura (°C) | P4: Odómetro / Kilometraje | Q4: Despachador | R4: Observaciones
A5: 2026-06-15 | B5: 0086 | C5: 56140 | D5: Toluca | E5: Lerma - Toluca | F5: Mezcla Preparada Caliente N.3 | G5: 464AJ2 | H5: Torton | I5: 14 | J5: Carlos Valdes | K5: 36120 | L5: 11290 | M5: =K5-L5 -> 24830 | N5: 12:44 | O5: 172 | P5: km 61290 + 6442 | Q5: c1ll0ll1 CM | R5: cpo 1 carril unico
M6: =K6-L6 -> 0
M7: =K7-L7 -> 0
M8: =K8-L8 -> 0
M9: =K9-L9 -> 0
M10: =K10-L10 -> 0
M11: =K11-L11 -> 0
M12: =K12-L12 -> 0
M13: =K13-L13 -> 0
M14: =K14-L14 -> 0
M15: =K15-L15 -> 0
M16: =K16-L16 -> 0
M17: =K17-L17 -> 0
... M105: =K105-L105 -> 0

Sheet Cotejo_Mezcla
A1: GC-MAT-002 | CONCILIACIÓN Y COTEJO DE MEZCLA (PLANTA VS OBRA)
A2: Encargado: | D2: Periodo: | G2: Obra Destino:
A4: Fecha | B4: Folio Remisión (Planta) | C4: Folio Báscula (Planta) | D4: Planta Origen | E4: Obra Destino | F4: Material Despachado | G4: Placas del Vehículo | H4: Operador | I4: Peso Neto Planta (kg) | J4: Folio Recibo Obra | K4: Peso Neto Recibido Obra (kg) | L4: Discrepancia Mezcla (kg) | M4: % Desviación Mezcla | N4: Estatus Mezcla | O4: Observaciones
A5: 46181 | B5: 5632 | C5: 56140 | D5: Toluca | E5: Lerma - Toluca | F5: Mezcla Preparada Caliente N.3 | G5: 464AJ2 | H5: Carlos Valdes | I5: =Carga_Camiones!M5 -> 24830 | J5: 0086-R | K5: 24830 | L5: =I5-K5 -> 0 | M5: =IF(I5>0, L5/I5, 0) -> 0 | N5: =IF(ABS(L5)<100, "OK", "Revisar") -> OK | O5: Entregado a tiempo, sin novedades
I6: =Carga_Camiones!M6 -> 0 | L6: =I6-K6 -> 0 | M6: =IF(I6>0, L6/I6, 0) -> 0 | N6: =IF(I6="", "", IF(ABS(L6)<100, "OK", "Revisar")) -> OK
I7: =Carga_Camiones!M7 -> 0 | L7: =I7-K7 -> 0 | M7: =IF(I7>0, L7/I7, 0) -> 0 | N7: =IF(I7="", "", IF(ABS(L7)<100, "OK", "Revisar")) -> OK
I8: =Carga_Camiones!M8 -> 0 | L8: =I8-K8 -> 0 | M8: =IF(I8>0, L8/I8, 0) -> 0 | N8: =IF(I8="", "", IF(ABS(L8)<100, "OK", "Revisar")) -> OK
I9: =Carga_Camiones!M9 -> 0 | L9: =I9-K9 -> 0 | M9: =IF(I9>0, L9/I9, 0) -> 0 | N9: =IF(I9="", "", IF(ABS(L9)<100, "OK", "Revisar")) -> OK
I10: =Carga_Camiones!M10 -> 0 | L10: =I10-K10 -> 0 | M10: =IF(I10>0, L10/I10, 0) -> 0 | N10: =IF(I10="", "", IF(ABS(L10)<100, "OK", "Revisar")) -> OK
I11: =Carga_Camiones!M11 -> 0 | L11: =I11-K11 -> 0 | M11: =IF(I11>0, L11/I11, 0) -> 0 | N11: =IF(I11="", "", IF(ABS(L11)<100, "OK", "Revisar")) -> OK
I12: =Carga_Camiones!M12 -> 0 | L12: =I12-K12 -> 0 | M12: =IF(I12>0, L12/I12, 0) -> 0 | N12: =IF(I12="", "", IF(ABS(L12)<100, "OK", "Revisar")) -> OK
I13: =Carga_Camiones!M13 -> 0 | L13: =I13-K13 -> 0 | M13: =IF(I13>0, L13/I13, 0) -> 0 | N13: =IF(I13="", "", IF(ABS(L13)<100, "OK", "Revisar")) -> OK
I14: =Carga_Camiones!M14 -> 0 | L14: =I14-K14 -> 0 | M14: =IF(I14>0, L14/I14, 0) -> 0 | N14: =IF(I14="", "", IF(ABS(L14)<100, "OK", "Revisar")) -> OK
I15: =Carga_Camiones!M15 -> 0 | L15: =I15-K15 -> 0 | M15: =IF(I15>0, L15/I15, 0) -> 0 | N15: =IF(I15="", "", IF(ABS(L15)<100, "OK", "Revisar")) -> OK
I16: =Carga_Camiones!M16 -> 0 | L16: =I16-K16 -> 0 | M16: =IF(I16>0, L16/I16, 0) -> 0 | N16: =IF(I16="", "", IF(ABS(L16)<100, "OK", "Revisar")) -> OK
I17: =Carga_Camiones!M17 -> 0 | L17: =I17-K17 -> 0 | M17: =IF(I17>0, L17/I17, 0) -> 0 | N17: =IF(I17="", "", IF(ABS(L17)<100, "OK", "Revisar")) -> OK
... I105: =Carga_Camiones!M105 -> 0 | L105: =I105-K105 -> 0 | M105: =IF(I105>0, L105/I105, 0) -> 0 | N105: =IF(I105="", "", IF(ABS(L105)<100, "OK", "Revisar")) -> OK

Sheet Control_Fresado
A1: GC-MAT-003 | CONTROL DE RETORNO Y REGISTRO DE FRESADO DE OBRA (POR CAPACIDAD)
A2: Responsable: | D2: Obra Origen: | E2: Todas | G2: Fecha Reporte:
A4: Fecha | B4: Folio Nota (Trujano) | C4: Obra Origen | D4: Sindicato | E4: Material | F4: Placas del Vehículo | G4: Capacidad (m³) | H4: Operador | I4: Hora de Salida | J4: Hora de Llegada | K4: Encargado de Obra | L4: Checador | M4: Destino (Planta/Acopio) | N4: Observaciones
A5: 46181 | B5: 5872 | C5: Chamapa-Lechería | D5: cosum | E5: FRESADO | F5: NS-1640-C | G5: 14 | H5: Orlando Gutierrez | I5: 0.95347222 | J5: 0.94861111 | K5: Francisco Javier | L5: Yahir Barreda | M5: Acopio Lerma | N5: Viaje nocturno reportado por checador
A6: 46181 | B6: 5873 | C6: Chamapa-Lechería | D6: cosum | E6: FRESADO | F6: LG-01-321 | G6: 14 | H6: Julio Resendiz | I6: 0.96805556 | J6: 0.96319444 | K6: Francisco Javier | L6: Yahir Barreda
A7: 46181 | B7: 5874 | C7: Chamapa-Lechería | D7: cosum | E7: FRESADO | F7: LF-41-892 | G7: 14 | H7: Lucio Gustamante | I7: 0.97291667 | J7: 0.96875 | K7: Francisco Javier | L7: Yahir Barreda
A8: 46181 | B8: 5875 | C8: Chamapa-Lechería | D8: cosum | E8: FRESADO | F8: 17-AN4C | G8: 14 | H8: Erick Gutierrez | I8: 0.97777778 | J8: 0.97361111 | K8: Francisco Javier | L8: Yahir Barreda
A9: 46181 | B9: 5876 | C9: Chamapa-Lechería | D9: cosum | E9: FRESADO | F9: NS-1640-C | G9: 14 | H9: Orlando Gutierrez | I9: 0.99097222 | J9: 0.98541667 | K9: Francisco Javier | L9: Yahir Barreda
A10: 46181 | B10: 5877 | C10: Chamapa-Lechería | D10: cosum | E10: FRESADO | F10: LG-01-321 | G10: 14 | H10: Julio Resendiz | I10: 0.99722222 | J10: 0.99166667 | K10: Francisco Javier | L10: Yahir Barreda
A11: 46181 | B11: 5878 | C11: Chamapa-Lechería | D11: cosum | E11: FRESADO | F11: LF-41-892 | G11: 14 | H11: Lucio Gustamante | I11: 0.0013888889 | J11: 0.99722222 | K11: Francisco Javier | L11: Yahir Barreda
A12: 46181 | B12: 5879 | C12: Chamapa-Lechería | D12: cosum | E12: FRESADO | F12: 17-AN4C | G12: 14 | H12: Erick Gutierrez | I12: 0.0076388889 | J12: 0.0013888889 | K12: Francisco Javier | L12: Yahir Barreda
A13: 46181 | B13: 5880 | C13: Chamapa-Lechería | D13: cosum | E13: FRESADO | F13: NS-1640-C | G13: 14 | H13: Orlando Gutierrez | I13: 0.014583333 | J13: 0.0090277778 | K13: Francisco Javier | L13: Yahir Barreda
A14: 46181 | B14: 5881 | C14: Chamapa-Lechería | D14: cosum | E14: FRESADO | F14: LG-01-321 | G14: 14 | H14: Julio Resendiz | I14: 0.018055556 | J14: 0.014583333 | K14: Francisco Javier | L14: Yahir Barreda
A15: 46181 | B15: 5882 | C15: Chamapa-Lechería | D15: cosum | E15: FRESADO | F15: LF-41-892 | G15: 14 | H15: Lucio Gustamante | I15: 0.022916667 | J15: 0.01875 | K15: Francisco Javier | L15: Yahir Barreda
A16: 46181 | B16: 5883 | C16: Chamapa-Lechería | D16: cosum | E16: FRESADO | F16: 17-AN4C | G16: 14 | H16: Erick Gutierrez | I16: 0.028472222 | J16: 0.024305556 | K16: Francisco Javier | L16: Yahir Barreda
A17: 46181 | B17: 5884 | C17: Chamapa-Lechería | D17: cosum | E17: FRESADO | F17: NS-1640-C | G17: 14 | H17: Orlando Gutierrez | I17: 0.040972222 | J17: 0.030555556 | K17: Francisco Javier | L17: Yahir Barreda
... A22: 46181 | B22: 5889 | C22: Chamapa-Lechería | D22: cosum | E22: FRESADO | F22: LF-41-892 | G22: 14 | H22: Lucio Gustamante | I22: 0.073611111 | J22: 0.070138889 | K22: Francisco Javier | L22: Yahir Barreda

Sheet Control_Pipas
A1: GC-MAT-003 | CONTROL DE REGISTRO DE PIPAS DE AGUA (POR CAPACIDAD)
A2: Responsable: | D2: Obra Origen: | E2: Todas | G2: Fecha Reporte:
A4: Fecha | B4: Folio Nota (Trujano) | C4: Obra Origen | D4: Sindicato | E4: Material | F4: Placas del Vehículo | G4: Capacidad (m³) | H4: Operador | I4: Hora de Salida | J4: Hora de Llegada | K4: Encargado de Obra | L4: Checador | M4: Destino (Planta/Acopio) | N4: Observaciones
A5: 46181 | B5: 5872 | C5: Chamapa-Lechería | D5: cosum | E5: FRESADO | F5: NS-1640-C | G5: 14 | H5: Orlando Gutierrez | I5: 0.95347222 | J5: 0.94861111 | K5: Francisco Javier | L5: Yahir Barreda | M5: Acopio Lerma | N5: Viaje nocturno reportado por checador

Sheet Control_Limpieza
A1: GC-MAT-003 | CONTROL DE LIMPIEZA POR TURNO
A2: Responsable: | D2: Obra Origen: | E2: Todas | G2: Fecha Reporte:
A4: Fecha | B4: Folio Nota (Trujano) | C4: Obra Origen | D4: Sindicato | E4: Material | F4: Placas del Vehículo | G4: Capacidad (m³) | H4: Operador | I4: Hora de Salida | J4: Hora de Llegada | K4: Encargado de Obra | L4: Checador | M4: Destino (Planta/Acopio) | N4: Observaciones
A5: 46181 | B5: 5872 | C5: Chamapa-Lechería | D5: cosum | E5: FRESADO | F5: NS-1640-C | G5: 14 | H5: Orlando Gutierrez | I5: 0.95347222 | J5: 0.94861111 | K5: Francisco Javier | L5: Yahir Barreda | M5: Acopio Lerma | N5: Viaje nocturno reportado por checador

Sheet Catalogos
A1: CATÁLOGOS OFICIALES - CONTROL DE MATERIALES, MEZCLA Y FRESADO
A3: Código Obra | B3: Nombre de Obra | C3: Ingeniero Responsable | E3: Código Planta | F3: Planta Origen | H3: Código Material | I3: Descripción del Material
A4: MT | B4: México-Toluca | C4: Samuel Ortega | E4: TOL | F4: Planta Toluca | H4: MC3 | I4: Mezcla Preparada Caliente N.3
A5: L3M | B5: Lerma - Tres Marías | C5: Apolinar | E5: HUI | F5: Planta Huixquilucan | H5: MA | I5: Mezcla Asfáltica
A6: LT | B6: Lerma - Toluca | C6: Carlos Valdes | H6: FR | I6: Fresado
A7: CL | B7: Chamapa-Lechería | C7: Francisco Javier | H7: ASF | I7: Asfalto
A8: BT | B8: Bacheo Toluca | C8: Diego Carreola

Sheet Instrucciones
A1: PROCEDIMIENTO OPERATIVO - CONTROL DE MATERIALES
A3: Paso | B3: Responsable | C3: Descripción de la Actividad
A4: 1 | B4: Operador de Camión | C4: Al cargar mezcla en planta, solicita ticket de báscula y remisión JDJ Asfaltos. Reporta por WhatsApp con foto.
A5: 2 | B5: Despachador / Capturista | C5: Registra la mezcla cargada en la pestaña 'Carga_Camiones'. Los pesos Bruto y Tara se ingresan y el Peso Neto se calcula solo.
A6: 3 | B6: Residente de Obra | C6: Verifica físicamente la mezcla al llegar a la obra, anota el peso recibido y firma de conforme.
A7: 4 | B7: Despachador / Capturista | C7: Coteja las toneladas salidas de planta vs las recibidas en obra en 'Cotejo_Mezcla'. El semáforo verde/rojo alertará desvíos de mezcla.
A8: 5 | B8: Checador / Residente | C8: Al cargar y despachar fresado (asfalto molido) desde la obra, llena la nota de 'Grupo Trujano' con la capacidad del camión (m³), placas, horas y firmas.
A9: 6 | B9: Despachador / Capturista | C9: Registra las salidas de fresado en la pestaña 'Control_Fresado'. No requiere pesos de báscula; el control de volumen se realiza mediante la capacidad del camión en m³ y los viajes completados.
