Workbook

Sheet Sheet1
A1: FOLIO_CONCILIACION | B1: FOLIO_FACTURA | C1: FECHA_FACTURA | D1: SEMANA | E1: PROVEEDOR | F1: PUNTO_DE_CARGA | G1: LITROS_FACTURADOS | H1: PRECIO_UNITARIO | I1: IMPORTE | J1: I.V.A | K1: IMPORTE_TOTAL | L1: TIPO_COMBUSTIBLE | M1: ESTATUS_CONCILIACION | N1: Columna1
A2: =IF(C2="","", "FA" & "-" & IFERROR(VLOOKUP(F2,CATALOGOS!$A$2:$B$50,2,0),"XX") & "-" & WEEKNUM(C2,2) & "-" & TEXT(ROW()-1,"000")) | B2: 10335 | C2: 2026-07-03 | D2: =IF(C2="","", "Semana "&WEEKNUM(C2,2)) | E2: DERIVADOS DE PETROLEO CASTILLA | F2: México-Toluca | G2: 1545.007 | H2: 23.343561 | I2: 36065.96 | J2: 5649.23 | K2: 41715.19 | L2: Diésel
A3: =IF(C3="","", "FA" & "-" & IFERROR(VLOOKUP(F3,CATALOGOS!$A$2:$B$50,2,0),"XX") & "-" & WEEKNUM(C3,2) & "-" & TEXT(ROW()-1,"000")) | B3: 10336 | C3: 2026-07-03 | D3: =IF(C3="","", "Semana "&WEEKNUM(C3,2)) | E3: DERIVADOS DE PETROLEO CASTILLA | F3: Planta Asflato Huixquilucan | G3: 341.843 | H3: 20.685019 | I3: 7868.59 | J3: 1231.46 | K3: 9100.05 | L3: Diésel
A4: =IF(C4="","", "FA" & "-" & IFERROR(VLOOKUP(F4,CATALOGOS!$A$2:$B$50,2,0),"XX") & "-" & WEEKNUM(C4,2) & "-" & TEXT(ROW()-1,"000")) | B4: 10337 | C4: 2026-07-03 | D4: =IF(C4="","", "Semana "&WEEKNUM(C4,2)) | E4: DERIVADOS DE PETROLEO CASTILLA | F4: Planta Asflato Huixquilucan | G4: 96.245 | H4: 20.685019 | I4: 1990.83 | J4: 309.43 | K4: 2300.26 | L4: Diésel
A5: =IF(C5="","", "FA" & "-" & IFERROR(VLOOKUP(F5,CATALOGOS!$A$2:$B$50,2,0),"XX") & "-" & WEEKNUM(C5,2) & "-" & TEXT(ROW()-1,"000")) | B5: 10338 | C5: 2026-07-03 | D5: =IF(C5="","", "Semana "&WEEKNUM(C5,2)) | E5: DERIVADOS DE PETROLEO CASTILLA | F5: Planta Asflato Huixquilucan | G5: 360.001 | H5: 23.343561 | I5: 8403.71 | J5: 1316.32 | K5: 9720.03 | L5: Diésel
A6: =IF(C6="","", "FA" & "-" & IFERROR(VLOOKUP(F6,CATALOGOS!$A$2:$B$50,2,0),"XX") & "-" & WEEKNUM(C6,2) & "-" & TEXT(ROW()-1,"000")) | B6: 10339 | C6: 2026-07-03 | D6: =IF(C6="","", "Semana "&WEEKNUM(C6,2)) | E6: DERIVADOS DE PETROLEO CASTILLA | F6: Planta Asflato Huixquilucan | G6: 638.941 | H6: 23.343561 | I6: 14915.16 | J6: 2336.25 | K6: 17251.41 | L6: Diésel
A7: =IF(C7="","", "FA" & "-" & IFERROR(VLOOKUP(F7,CATALOGOS!$A$2:$B$50,2,0),"XX") & "-" & WEEKNUM(C7,2) & "-" & TEXT(ROW()-1,"000")) | B7: 10343 | C7: 2026-07-03 | D7: =IF(C7="","", "Semana "&WEEKNUM(C7,2)) | E7: DERIVADOS DE PETROLEO CASTILLA | F7: México-Toluca | G7: 25.105 | H7: 20.685019 | I7: 519.29 | J7: 80.71 | K7: 600 | L7: Diésel
A8: =IF(C8="","", "FA" & "-" & IFERROR(VLOOKUP(F8,CATALOGOS!$A$2:$B$50,2,0),"XX") & "-" & WEEKNUM(C8,2) & "-" & TEXT(ROW()-1,"000")) | B8: 10344 | C8: 2026-07-03 | D8: =IF(C8="","", "Semana "&WEEKNUM(C8,2)) | E8: DERIVADOS DE PETROLEO CASTILLA | F8: México-Toluca | G8: 25.105 | H8: 20.685019 | I8: 519.29 | J8: 80.71 | K8: 600 | L8: Diésel
A9: =IF(C9="","", "FA" & "-" & IFERROR(VLOOKUP(F9,CATALOGOS!$A$2:$B$50,2,0),"XX") & "-" & WEEKNUM(C9,2) & "-" & TEXT(ROW()-1,"000")) | B9: 10345 | C9: 2026-07-03 | D9: =IF(C9="","", "Semana "&WEEKNUM(C9,2)) | E9: DERIVADOS DE PETROLEO CASTILLA | F9: Planta Asflato Huixquilucan | G9: 34.014 | H9: 25.444359 | I9: 865.46 | J9: 134.54 | K9: 1000 | L9: Diésel
A10: =IF(C10="","", "FA" & "-" & IFERROR(VLOOKUP(F10,CATALOGOS!$A$2:$B$50,2,0),"XX") & "-" & WEEKNUM(C10,2) & "-" & TEXT(ROW()-1,"000")) | B10: 10346 | C10: 2026-07-03 | D10: =IF(C10="","", "Semana "&WEEKNUM(C10,2)) | E10: DERIVADOS DE PETROLEO CASTILLA | F10: Planta Asflato Huixquilucan | G10: 4000.012 | H10: 23.343561 | I10: 93374.51 | J10: 14625.84 | K10: 108000.35 | L10: Diésel
A11: =IF(C11="","", "FA" & "-" & IFERROR(VLOOKUP(F11,CATALOGOS!$A$2:$B$50,2,0),"XX") & "-" & WEEKNUM(C11,2) & "-" & TEXT(ROW()-1,"000")) | B11: 10347 | C11: 2026-07-03 | D11: =IF(C11="","", "Semana "&WEEKNUM(C11,2)) | E11: DERIVADOS DE PETROLEO CASTILLA | F11: Planta Asflato Huixquilucan | G11: 3900.085 | H11: 23.343561 | I11: 91041.86 | J11: 14260.45 | K11: 105302.31 | L11: Diésel
A12: =IF(C12="","", "FA" & "-" & IFERROR(VLOOKUP(F12,CATALOGOS!$A$2:$B$50,2,0),"XX") & "-" & WEEKNUM(C12,2) & "-" & TEXT(ROW()-1,"000")) | B12: 10349 | C12: 2026-07-04 | D12: =IF(C12="","", "Semana "&WEEKNUM(C12,2)) | E12: DERIVADOS DE PETROLEO CASTILLA | F12: Planta Asflato Huixquilucan | G12: 400.004 | H12: 23.343561 | I12: 9337.5 | J12: 1462.6 | K12: 10800.1 | L12: Diésel
A13: =IF(C13="","", "FA" & "-" & IFERROR(VLOOKUP(F13,CATALOGOS!$A$2:$B$50,2,0),"XX") & "-" & WEEKNUM(C13,2) & "-" & TEXT(ROW()-1,"000")) | B13: 10350 | C13: 2026-07-04 | D13: =IF(C13="","", "Semana "&WEEKNUM(C13,2)) | E13: DERIVADOS DE PETROLEO CASTILLA | F13: Planta Asflato Huixquilucan | G13: 610.002 | H13: 23.343561 | I13: 14239.61 | J13: 2230.44 | K13: 16470.05 | L13: Diésel
... A25: =IF(C25="","", "FA" & "-" & IFERROR(VLOOKUP(F25,CATALOGOS!$A$2:$B$50,2,0),"XX") & "-" & WEEKNUM(C25,2) & "-" & TEXT(ROW()-1,"000")) | B25: 10372 | C25: 2026-07-06 | D25: =IF(C25="","", "Semana "&WEEKNUM(C25,2)) | E25: DERIVADOS DE PETROLEO CASTILLA | F25: Planta Asflato Huixquilucan | G25: 88.368 | H25: 20.685019 | I25: 1827.89 | J25: 284.11 | K25: 2112 | L25: Diésel
