Workbook

Sheet FRESADO
A1: SEM | B1: NO | C1: FOLIO | D1: FECHA | E1: VIAJES | F1: MATERIAL | G1: PLACAS | H1: CAPACIDAD | I1: UNIDAD | J1: OPERADOR | K1: SINDICATO | L1: KM INICIA | M1: KM TERMINA | N1: TIRO | O1: CPO | P1: CARRIL | Q1: OBSERVACIONES | R1: PU | S1: IMPORTE | T1: IVA | U1: TOTAL | V1: CONCILIACION | W1: ESTATUS | X1: FACTURA | Z1: TIRO
A2: 23 | B2: 1 | C2: 1 | D2: 46175 | E2: 1 | F2: TIRO LIBRE | G2: NR0950C | H2: 14 | I2: M3 | J2: ALEJANDRO FLORES | K2: COSUM TOLUCA | Q2: APOYO AL DERRUMBRE 22+400 CUERPO B A SOLICITUD DE SICT | R2: 5600 | S2: =FRESADO!$R2*FRESADO!$E2 -> 5600 | T2: =FRESADO!$S2*16% -> 896 | U2: =FRESADO!$S2+FRESADO!$T2 -> 6496 | V2: CUAJIMALPA 1 | W2: PAGADA | X2: A-1183 | Z2: APOYO AL DERRUMBRE 22+400 CUERPO B A SOLICITUD DE SICT
A3: 23 | B3: 2 | C3: 2 | D3: 46175 | E3: 1 | F3: TIRO LIBRE | G3: 95AX5D | H3: 14 | I3: M3 | J3: CESAR HERNANDEZ | K3: COSUM TOLUCA | Q3: APOYO AL DERRUMBRE 22+400 CUERPO B A SOLICITUD DE SICT | R3: 5600 | S3: =FRESADO!$R3*FRESADO!$E3 -> 5600 | T3: =FRESADO!$S3*16% -> 896 | U3: =FRESADO!$S3+FRESADO!$T3 -> 6496 | V3: CUAJIMALPA 1 | W3: PAGADA | X3: A-1183 | Z3: APOYO AL DERRUMBRE 22+400 CUERPO B A SOLICITUD DE SICT
A4: 23 | B4: 3 | C4: 3 | D4: 46175 | E4: 1 | F4: TIRO LIBRE | G4: MY7968B | H4: 14 | I4: M3 | J4: JORGE GARCIA | K4: COSUM TOLUCA | Q4: APOYO AL DERRUMBRE 22+400 CUERPO B A SOLICITUD DE SICT | R4: 5600 | S4: =FRESADO!$R4*FRESADO!$E4 -> 5600 | T4: =FRESADO!$S4*16% -> 896 | U4: =FRESADO!$S4+FRESADO!$T4 -> 6496 | V4: CUAJIMALPA 1 | W4: PAGADA | X4: A-1183 | Z4: APOYO AL DERRUMBRE 22+400 CUERPO B A SOLICITUD DE SICT
A5: 23 | C5: 5761 | D5: 46174 | E5: 1 | F5: FRESADO | G5: 95AX5D | H5: 14 | I5: M3 | J5: CESAR HERNANDEZ | K5: COSUM TOLUCA | R5: 2500 | S5: =FRESADO!$R5*FRESADO!$E5 -> 2500 | T5: =FRESADO!$S5*16% -> 400 | U5: =FRESADO!$S5+FRESADO!$T5 -> 2900 | V5: CUAJIMALPA 1 | W5: PAGADA | X5: A-1183 | Z5: BANCO ASIGNADO POR LA SICT
A6: 23 | C6: 5761 | D6: 46174 | E6: 1 | F6: FRESADO | G6: 95AX5D | H6: 14 | I6: M3 | J6: CESAR HERNANDEZ | K6: COSUM TOLUCA | R6: 2500 | S6: =FRESADO!$R6*FRESADO!$E6 -> 2500 | T6: =FRESADO!$S6*16% -> 400 | U6: =FRESADO!$S6+FRESADO!$T6 -> 2900 | V6: CUAJIMALPA 1 | W6: PAGADA | X6: A-1183 | Z6: BANCO ASIGNADO POR LA SICT
A7: 23 | C7: 5761 | D7: 46174 | E7: 1 | F7: FRESADO | G7: 95AX5D | H7: 14 | I7: M3 | J7: CESAR HERNANDEZ | K7: COSUM TOLUCA | R7: 2500 | S7: =FRESADO!$R7*FRESADO!$E7 -> 2500 | T7: =FRESADO!$S7*16% -> 400 | U7: =FRESADO!$S7+FRESADO!$T7 -> 2900 | V7: CUAJIMALPA 1 | W7: PAGADA | X7: A-1183 | Z7: BANCO ASIGNADO POR LA SICT
A8: 23 | C8: 5761 | D8: 46174 | E8: 1 | F8: FRESADO | G8: 95AX5D | H8: 14 | I8: M3 | J8: CESAR HERNANDEZ | K8: COSUM TOLUCA | R8: 2500 | S8: =FRESADO!$R8*FRESADO!$E8 -> 2500 | T8: =FRESADO!$S8*16% -> 400 | U8: =FRESADO!$S8+FRESADO!$T8 -> 2900 | V8: CUAJIMALPA 1 | W8: PAGADA | X8: A-1183 | Z8: BANCO ASIGNADO POR LA SICT
A9: 23 | C9: 5761 | D9: 46174 | E9: 1 | F9: FRESADO | G9: 95AX5D | H9: 14 | I9: M3 | J9: CESAR HERNANDEZ | K9: COSUM TOLUCA | R9: 2500 | S9: =FRESADO!$R9*FRESADO!$E9 -> 2500 | T9: =FRESADO!$S9*16% -> 400 | U9: =FRESADO!$S9+FRESADO!$T9 -> 2900 | V9: CUAJIMALPA 1 | W9: PAGADA | X9: A-1183 | Z9: BANCO ASIGNADO POR LA SICT
A10: 23 | C10: 2 | D10: 46174 | E10: 1 | F10: FRESADO | G10: MY7968B | H10: 14 | I10: M3 | J10: JORGE GARCIA | K10: COSUM TOLUCA | R10: 2500 | S10: =FRESADO!$R10*FRESADO!$E10 -> 2500 | T10: =FRESADO!$S10*16% -> 400 | U10: =FRESADO!$S10+FRESADO!$T10 -> 2900 | V10: CUAJIMALPA 1 | W10: PAGADA | X10: A-1183 | Z10: BANCO ASIGNADO POR LA SICT
A11: 23 | C11: 4 | D11: 46174 | E11: 1 | F11: FRESADO | G11: MY7968B | H11: 14 | I11: M3 | J11: JORGE GARCIA | K11: COSUM TOLUCA | R11: 2500 | S11: =FRESADO!$R11*FRESADO!$E11 -> 2500 | T11: =FRESADO!$S11*16% -> 400 | U11: =FRESADO!$S11+FRESADO!$T11 -> 2900 | V11: CUAJIMALPA 1 | W11: PAGADA | X11: A-1183 | Z11: BANCO ASIGNADO POR LA SICT
A12: 23 | C12: 5751 | D12: 46176 | E12: 1 | F12: FRESADO | G12: MY7967B | H12: 14 | I12: M3 | J12: ENRIQUE TORRES | K12: COSUM TOLUCA | R12: 2500 | S12: =FRESADO!$R12*FRESADO!$E12 -> 2500 | T12: =FRESADO!$S12*16% -> 400 | U12: =FRESADO!$S12+FRESADO!$T12 -> 2900 | V12: CUAJIMALPA 1 | W12: PAGADA | X12: A-1183 | Z12: BANCO ASIGNADO POR LA SICT
A13: 23 | C13: 5752 | D13: 46176 | E13: 1 | F13: FRESADO | G13: 95AX5D | H13: 14 | I13: M3 | J13: CESAR HERNANDEZ | K13: COSUM TOLUCA | R13: 2500 | S13: =FRESADO!$R13*FRESADO!$E13 -> 2500 | T13: =FRESADO!$S13*16% -> 400 | U13: =FRESADO!$S13+FRESADO!$T13 -> 2900 | V13: CUAJIMALPA 1 | W13: PAGADA | X13: A-1183 | Z13: BANCO ASIGNADO POR LA SICT
A14: 23 | C14: 5753 | D14: 46176 | E14: 1 | F14: FRESADO | G14: NB1258D | H14: 14 | I14: M3 | J14: SANTOS SOTERO | K14: COSUM TOLUCA | R14: 2500 | S14: =FRESADO!$R14*FRESADO!$E14 -> 2500 | T14: =FRESADO!$S14*16% -> 400 | U14: =FRESADO!$S14+FRESADO!$T14 -> 2900 | V14: CUAJIMALPA 1 | W14: PAGADA | X14: A-1183 | Z14: BANCO ASIGNADO POR LA SICT
A15: 23 | C15: 5754 | D15: 46176 | E15: 1 | F15: FRESADO | G15: 95AX5D | H15: 14 | I15: M3 | J15: CESAR HERNANDEZ | K15: COSUM TOLUCA | R15: 2500 | S15: =FRESADO!$R15*FRESADO!$E15 -> 2500 | T15: =FRESADO!$S15*16% -> 400 | U15: =FRESADO!$S15+FRESADO!$T15 -> 2900 | V15: CUAJIMALPA 1 | W15: PAGADA | X15: A-1183 | Z15: BANCO ASIGNADO POR LA SICT
A16: 23 | C16: 5755 | D16: 46176 | E16: 1 | F16: FRESADO | G16: MY7967B | H16: 14 | I16: M3 | J16: ENRIQUE TORRES | K16: COSUM TOLUCA | R16: 2500 | S16: =FRESADO!$R16*FRESADO!$E16 -> 2500 | T16: =FRESADO!$S16*16% -> 400 | U16: =FRESADO!$S16+FRESADO!$T16 -> 2900 | V16: CUAJIMALPA 1 | W16: PAGADA | X16: A-1183 | Z16: BANCO ASIGNADO POR LA SICT
... A18: 23 | C18: 5757 | D18: 46176 | E18: 1 | F18: FRESADO | G18: 95AX5D | H18: 14 | I18: M3 | J18: CESAR HERNANDEZ | K18: COSUM TOLUCA | R18: 2500 | S18: =FRESADO!$R18*FRESADO!$E18 -> 2500 | T18: =FRESADO!$S18*16% -> 400 | U18: =FRESADO!$S18+FRESADO!$T18 -> 2900 | V18: CUAJIMALPA 1 | W18: PAGADA | X18: A-1183 | Z18: BANCO ASIGNADO POR LA SICT
A19: 23 | C19: 5758 | D19: 46176 | E19: 1 | F19: FRESADO | G19: MY7967B | H19: 14 | I19: M3 | J19: ENRIQUE TORRES | K19: COSUM TOLUCA | L19: 680 | M19: 750 | R19: 2500 | S19: =FRESADO!$R19*FRESADO!$E19 -> 2500 | T19: =FRESADO!$S19*16% -> 400 | U19: =FRESADO!$S19+FRESADO!$T19 -> 2900 | V19: CUAJIMALPA 1 | W19: PAGADA | X19: A-1183 | Z19: BANCO ASIGNADO POR LA SICT
A20: 23 | C20: 5759 | D20: 46176 | E20: 1 | F20: FRESADO | G20: NB1258D | H20: 14 | I20: M3 | J20: SANTOS SOTERO | K20: COSUM TOLUCA | L20: 750 | M20: 810 | R20: 2500 | S20: =FRESADO!$R20*FRESADO!$E20 -> 2500 | T20: =FRESADO!$S20*16% -> 400 | U20: =FRESADO!$S20+FRESADO!$T20 -> 2900 | V20: CUAJIMALPA 1 | W20: PAGADA | X20: A-1183 | Z20: BANCO ASIGNADO POR LA SICT
A21: 23 | C21: 5760 | D21: 46176 | E21: 1 | F21: FRESADO | G21: 95AX5D | H21: 14 | I21: M3 | J21: CESAR HERNANDEZ | K21: COSUM TOLUCA | L21: 810 | M21: 870 | R21: 2500 | S21: =FRESADO!$R21*FRESADO!$E21 -> 2500 | T21: =FRESADO!$S21*16% -> 400 | U21: =FRESADO!$S21+FRESADO!$T21 -> 2900 | V21: CUAJIMALPA 1 | W21: PAGADA | X21: A-1183 | Z21: BANCO ASIGNADO POR LA SICT
A22: 23 | C22: 5762 | D22: 46177 | E22: 1 | F22: FRESADO | G22: 95AX5D | H22: 14 | I22: M3 | J22: CESAR HERNANDEZ | K22: COSUM TOLUCA | L22: 680 | M22: 770 | R22: 2500 | S22: =FRESADO!$R22*FRESADO!$E22 -> 2500 | T22: =FRESADO!$S22*16% -> 400 | U22: =FRESADO!$S22+FRESADO!$T22 -> 2900 | V22: CUAJIMALPA 1 | W22: PAGADA | X22: A-1183 | Z22: BANCO ASIGNADO POR LA SICT
A23: 23 | C23: 5763 | D23: 46177 | E23: 1 | F23: FRESADO | G23: MY7968B | H23: 14 | I23: M3 | J23: JORGE GARCIA | K23: COSUM TOLUCA | L23: 770 | M23: 860 | R23: 2500 | S23: =FRESADO!$R23*FRESADO!$E23 -> 2500 | T23: =FRESADO!$S23*16% -> 400 | U23: =FRESADO!$S23+FRESADO!$T23 -> 2900 | V23: CUAJIMALPA 1 | W23: PAGADA | X23: A-1183 | Z23: BANCO ASIGNADO POR LA SICT
A24: 23 | C24: 5764 | D24: 46177 | E24: 1 | F24: FRESADO | G24: NB1258D | H24: 14 | I24: M3 | J24: SANTOS SOTERO | K24: COSUM TOLUCA | L24: 860 | M24: 930 | R24: 2500 | S24: =FRESADO!$R24*FRESADO!$E24 -> 2500 | T24: =FRESADO!$S24*16% -> 400 | U24: =FRESADO!$S24+FRESADO!$T24 -> 2900 | V24: CUAJIMALPA 1 | W24: PAGADA | X24: A-1183 | Z24: BANCO ASIGNADO POR LA SICT
A25: 23 | C25: 5765 | D25: 46177 | E25: 1 | F25: FRESADO | G25: MY7967B | H25: 14 | I25: M3 | J25: ENRIQUE TORRES | K25: COSUM TOLUCA | R25: 2500 | S25: =FRESADO!$R25*FRESADO!$E25 -> 2500 | T25: =FRESADO!$S25*16% -> 400 | U25: =FRESADO!$S25+FRESADO!$T25 -> 2900 | V25: CUAJIMALPA 1 | W25: PAGADA | X25: A-1183 | Z25: BANCO ASIGNADO POR LA SICT
A26: 23 | C26: 5766 | D26: 46177 | E26: 1 | F26: FRESADO | G26: 95AX5D | H26: 14 | I26: M3 | J26: CESAR HERNANDEZ | K26: COSUM TOLUCA | R26: 2500 | S26: =FRESADO!$R26*FRESADO!$E26 -> 2500 | T26: =FRESADO!$S26*16% -> 400 | U26: =FRESADO!$S26+FRESADO!$T26 -> 2900 | V26: CUAJIMALPA 1 | W26: PAGADA | X26: A-1183 | Z26: BANCO ASIGNADO POR LA SICT
A27: 23 | C27: 5767 | D27: 46177 | E27: 1 | F27: FRESADO | G27: NB1258D | H27: 14 | I27: M3 | J27: SANTOS SOTERO | K27: COSUM TOLUCA | R27: 2500 | S27: =FRESADO!$R27*FRESADO!$E27 -> 2500 | T27: =FRESADO!$S27*16% -> 400 | U27: =FRESADO!$S27+FRESADO!$T27 -> 2900 | V27: CUAJIMALPA 1 | W27: PAGADA | X27: A-1183 | Z27: BANCO ASIGNADO POR LA SICT
A28: 23 | C28: 5768 | D28: 46177 | E28: 1 | F28: FRESADO | G28: MY7968B | H28: 14 | I28: M3 | J28: JORGE GARCIA | K28: COSUM TOLUCA | R28: 2500 | S28: =FRESADO!$R28*FRESADO!$E28 -> 2500 | T28: =FRESADO!$S28*16% -> 400 | U28: =FRESADO!$S28+FRESADO!$T28 -> 2900 | V28: CUAJIMALPA 1 | W28: PAGADA | X28: A-1183 | Z28: BANCO ASIGNADO POR LA SICT
A29: 23 | C29: 5769 | D29: 46177 | E29: 1 | F29: FRESADO | G29: MY7967B | H29: 14 | I29: M3 | J29: ENRIQUE TORRES | K29: COSUM TOLUCA | R29: 2500 | S29: =FRESADO!$R29*FRESADO!$E29 -> 2500 | T29: =FRESADO!$S29*16% -> 400 | U29: =FRESADO!$S29+FRESADO!$T29 -> 2900 | V29: CUAJIMALPA 1 | W29: PAGADA | X29: A-1183 | Z29: BANCO ASIGNADO POR LA SICT
A30: 23 | C30: 5770 | D30: 46177 | E30: 1 | F30: FRESADO | G30: 95AX5D | H30: 14 | I30: M3 | J30: CESAR HERNANDEZ | K30: COSUM TOLUCA | R30: 2500 | S30: =FRESADO!$R30*FRESADO!$E30 -> 2500 | T30: =FRESADO!$S30*16% -> 400 | U30: =FRESADO!$S30+FRESADO!$T30 -> 2900 | V30: CUAJIMALPA 1 | W30: PAGADA | X30: A-1183 | Z30: BANCO ASIGNADO POR LA SICT
A31: 23 | C31: 5771 | D31: 46177 | E31: 1 | F31: FRESADO | G31: NB1258D | H31: 14 | I31: M3 | J31: SANTOS SOTERO | K31: COSUM TOLUCA | R31: 2500 | S31: =FRESADO!$R31*FRESADO!$E31 -> 2500 | T31: =FRESADO!$S31*16% -> 400 | U31: =FRESADO!$S31+FRESADO!$T31 -> 2900 | V31: CUAJIMALPA 1 | W31: PAGADA | X31: A-1183 | Z31: BANCO ASIGNADO POR LA SICT
A32: 23 | C32: 5772 | D32: 46177 | E32: 1 | F32: FRESADO | G32: MY7968B | H32: 14 | I32: M3 | J32: JORGE GARCIA | K32: COSUM TOLUCA | R32: 2500 | S32: =FRESADO!$R32*FRESADO!$E32 -> 2500 | T32: =FRESADO!$S32*16% -> 400 | U32: =FRESADO!$S32+FRESADO!$T32 -> 2900 | V32: CUAJIMALPA 1 | W32: PAGADA | X32: A-1183 | Z32: BANCO ASIGNADO POR LA SICT
A33: 23 | C33: 5773 | D33: 46178 | E33: 1 | F33: FRESADO | G33: MY7967B | H33: 14 | I33: M3 | J33: ENRIQUE TORRES | K33: COSUM TOLUCA | R33: 2500 | S33: =FRESADO!$R33*FRESADO!$E33 -> 2500 | T33: =FRESADO!$S33*16% -> 400 | U33: =FRESADO!$S33+FRESADO!$T33 -> 2900 | V33: CUAJIMALPA 1 | W33: PAGADA | X33: A-1183 | Z33: BANCO ASIGNADO POR LA SICT
A34: 23 | C34: 5774 | D34: 46178 | E34: 1 | F34: FRESADO | G34: 95AX5D | H34: 14 | I34: M3 | J34: CESAR HERNANDEZ | K34: COSUM TOLUCA | R34: 2500 | S34: =FRESADO!$R34*FRESADO!$E34 -> 2500 | T34: =FRESADO!$S34*16% -> 400 | U34: =FRESADO!$S34+FRESADO!$T34 -> 2900 | V34: CUAJIMALPA 1 | W34: PAGADA | X34: A-1183 | Z34: BANCO ASIGNADO POR LA SICT
A35: 23 | C35: 5775 | D35: 46178 | E35: 1 | F35: FRESADO | G35: HC1139G | H35: 14 | I35: M3 | J35: VICTOR LEON | K35: COSUM TOLUCA | Q35: TRABAJOS DE NOCHE | R35: 3000 | S35: =FRESADO!$R35*FRESADO!$E35 -> 3000 | T35: =FRESADO!$S35*16% -> 480 | U35: =FRESADO!$S35+FRESADO!$T35 -> 3480 | V35: CUAJIMALPA 2 | W35: PAGADA | X35: A-1196 | Z35: BANCO ASIGNADO POR LA SICT
A36: 23 | C36: 5776 | D36: 46178 | E36: 1 | F36: FRESADO | G36: MY7967B | H36: 14 | I36: M3 | J36: ENRIQUE TORRES | K36: COSUM TOLUCA | R36: 2500 | S36: =FRESADO!$R36*FRESADO!$E36 -> 2500 | T36: =FRESADO!$S36*16% -> 400 | U36: =FRESADO!$S36+FRESADO!$T36 -> 2900 | V36: CUAJIMALPA 1 | W36: PAGADA | X36: A-1183 | Z36: BANCO ASIGNADO POR LA SICT
A37: 23 | C37: 5777 | D37: 46178 | E37: 1 | F37: FRESADO | G37: HC1139G | H37: 14 | I37: M3 | J37: VICTOR LEON | K37: COSUM TOLUCA | Q37: TRABAJOS DE NOCHE | R37: 3000 | S37: =FRESADO!$R37*FRESADO!$E37 -> 3000 | T37: =FRESADO!$S37*16% -> 480 | U37: =FRESADO!$S37+FRESADO!$T37 -> 3480 | V37: CUAJIMALPA 2 | W37: PAGADA | X37: A-1196 | Z37: BANCO ASIGNADO POR LA SICT
A38: 23 | C38: 5778 | D38: 46178 | E38: 1 | F38: FRESADO | G38: MY7967B | H38: 14 | I38: M3 | J38: ENRIQUE TORRES | K38: COSUM TOLUCA | R38: 2500 | S38: =FRESADO!$R38*FRESADO!$E38 -> 2500 | T38: =FRESADO!$S38*16% -> 400 | U38: =FRESADO!$S38+FRESADO!$T38 -> 2900 | V38: CUAJIMALPA 1 | W38: PAGADA | X38: A-1183 | Z38: BANCO ASIGNADO POR LA SICT
A39: 23 | C39: 5779 | D39: 46178 | E39: 1 | F39: FRESADO | G39: NE4904D | H39: 14 | I39: M3 | J39: JONATHAN GUTIERREZ | K39: COSUM TOLUCA | R39: 2500 | S39: =FRESADO!$R39*FRESADO!$E39 -> 2500 | T39: =FRESADO!$S39*16% -> 400 | U39: =FRESADO!$S39+FRESADO!$T39 -> 2900 | V39: CUAJIMALPA 1 | W39: PAGADA | X39: A-1183 | Z39: BANCO ASIGNADO POR LA SICT
A40: 23 | C40: 5780 | D40: 46178 | E40: 1 | F40: FRESADO | G40: HC1139G | H40: 14 | I40: M3 | J40: VICTOR LEON | K40: COSUM TOLUCA | Q40: TRABAJOS DE NOCHE | R40: 3000 | S40: =FRESADO!$R40*FRESADO!$E40 -> 3000 | T40: =FRESADO!$S40*16% -> 480 | U40: =FRESADO!$S40+FRESADO!$T40 -> 3480 | V40: CUAJIMALPA 2 | W40: PAGADA | X40: A-1196 | Z40: BANCO ASIGNADO POR LA SICT
A41: 23 | C41: 5781 | D41: 46178 | E41: 1 | F41: FRESADO | G41: 95AX5D | H41: 14 | I41: M3 | J41: CESAR HERNANDEZ | K41: COSUM TOLUCA | R41: 2500 | S41: =FRESADO!$R41*FRESADO!$E41 -> 2500 | T41: =FRESADO!$S41*16% -> 400 | U41: =FRESADO!$S41+FRESADO!$T41 -> 2900 | V41: CUAJIMALPA 1 | W41: PAGADA | X41: A-1183 | Z41: BANCO ASIGNADO POR LA SICT
A42: 23 | C42: 5782 | D42: 46178 | E42: 1 | F42: FRESADO | G42: 95AX5D | H42: 14 | I42: M3 | J42: CESAR HERNANDEZ | K42: COSUM TOLUCA | R42: 2500 | S42: =FRESADO!$R42*FRESADO!$E42 -> 2500 | T42: =FRESADO!$S42*16% -> 400 | U42: =FRESADO!$S42+FRESADO!$T42 -> 2900 | V42: CUAJIMALPA 1 | W42: PAGADA | X42: A-1183 | Z42: BANCO ASIGNADO POR LA SICT
A43: 24 | C43: 5783 | D43: 46178 | E43: 1 | F43: TIRO LIBRE | G43: NB1258D | H43: 14 | I43: M3 | J43: SANTOS SOTERO | K43: COSUM TOLUCA | Q43: SE MANDO MATERIAL PARA BORDILLO SICT | R43: 2500 | S43: =FRESADO!$R43*FRESADO!$E43 -> 2500 | T43: =FRESADO!$S43*16% -> 400 | U43: =FRESADO!$S43+FRESADO!$T43 -> 2900 | V43: CUAJIMALPA 1 | W43: PAGADA | X43: A-1183 | Z43: SE MANDO MATERIAL PARA BORDILLO SICT
A44: 24 | C44: 5784 | D44: 46181 | E44: 1 | F44: FRESADO | G44: MY7967B | H44: 14 | I44: M3 | J44: ENRIQUE TORRES | K44: COSUM TOLUCA | Q44: TRABAJOS DE NOCHE | R44: 3000 | S44: =FRESADO!$R44*FRESADO!$E44 -> 3000 | T44: =FRESADO!$S44*16% -> 480 | U44: =FRESADO!$S44+FRESADO!$T44 -> 3480 | V44: CUAJIMALPA 2 | W44: PAGADA | X44: A-1196 | Z44: BANCO ASIGNADO POR LA SICT
A45: 24 | C45: 5785 | D45: 46181 | E45: 1 | F45: FRESADO | G45: 95AX5D | H45: 14 | I45: M3 | J45: CESAR HERNANDEZ | K45: COSUM TOLUCA | Q45: TRABAJOS DE NOCHE | R45: 3000 | S45: =FRESADO!$R45*FRESADO!$E45 -> 3000 | T45: =FRESADO!$S45*16% -> 480 | U45: =FRESADO!$S45+FRESADO!$T45 -> 3480 | V45: CUAJIMALPA 2 | W45: PAGADA | X45: A-1196 | Z45: BANCO ASIGNADO POR LA SICT
A46: 24 | C46: 5786 | D46: 46181 | E46: 1 | F46: FRESADO Y LIMPIEZA | G46: NB1258D | H46: 14 | I46: M3 | J46: SANTOS SOTERO | K46: COSUM TOLUCA | Q46: TRABAJOS DE NOCHE | R46: 3000 | S46: =FRESADO!$R46*FRESADO!$E46 -> 3000 | T46: =FRESADO!$S46*16% -> 480 | U46: =FRESADO!$S46+FRESADO!$T46 -> 3480 | V46: CUAJIMALPA 2 | W46: PAGADA | X46: A-1196 | Z46: BANCO ASIGNADO POR LA SICT
A47: 24 | C47: 5787 | D47: 46181 | E47: 1 | F47: FRESADO | G47: NB1258D | H47: 14 | I47: M3 | J47: SANTOS SOTERO | K47: COSUM TOLUCA | Q47: TRABAJOS DE NOCHE | R47: 3000 | S47: =FRESADO!$R47*FRESADO!$E47 -> 3000 | T47: =FRESADO!$S47*16% -> 480 | U47: =FRESADO!$S47+FRESADO!$T47 -> 3480 | V47: CUAJIMALPA 2 | W47: PAGADA | X47: A-1196 | Z47: BANCO ASIGNADO POR LA SICT
A48: 24 | C48: 5788 | D48: 46181 | E48: 1 | F48: FRESADO | G48: MY7967B | H48: 14 | I48: M3 | J48: ENRIQUE TORRES | K48: COSUM TOLUCA | Q48: TRABAJOS DE NOCHE | R48: 3000 | S48: =FRESADO!$R48*FRESADO!$E48 -> 3000 | T48: =FRESADO!$S48*16% -> 480 | U48: =FRESADO!$S48+FRESADO!$T48 -> 3480 | V48: CUAJIMALPA 2 | W48: PAGADA | X48: A-1196 | Z48: BANCO ASIGNADO POR LA SICT
A49: 24 | C49: 5789 | D49: 46181 | E49: 1 | F49: FRESADO | G49: 95AX5D | H49: 14 | I49: M3 | J49: CESAR HERNANDEZ | K49: COSUM TOLUCA | Q49: TRABAJOS DE NOCHE | R49: 3000 | S49: =FRESADO!$R49*FRESADO!$E49 -> 3000 | T49: =FRESADO!$S49*16% -> 480 | U49: =FRESADO!$S49+FRESADO!$T49 -> 3480 | V49: CUAJIMALPA 2 | W49: PAGADA | X49: A-1196 | Z49: BANCO ASIGNADO POR LA SICT
A50: 24 | C50: 5790 | D50: 46181 | E50: 1 | F50: FRESADO | G50: MY7968B | H50: 14 | I50: M3 | J50: JORGE GARCIA | K50: COSUM TOLUCA | Q50: TRABAJOS DE NOCHE | R50: 3000 | S50: =FRESADO!$R50*FRESADO!$E50 -> 3000 | T50: =FRESADO!$S50*16% -> 480 | U50: =FRESADO!$S50+FRESADO!$T50 -> 3480 | V50: CUAJIMALPA 2 | W50: PAGADA | X50: A-1196 | Z50: BANCO ASIGNADO POR LA SICT
A51: 24 | C51: 5791 | D51: 46182 | E51: 1 | F51: FRESADO | G51: MY7968B | H51: 14 | I51: M3 | J51: JORGE GARCIA | K51: COSUM TOLUCA | Q51: TRABAJOS DE NOCHE | R51: 3000 | S51: =FRESADO!$R51*FRESADO!$E51 -> 3000 | T51: =FRESADO!$S51*16% -> 480 | U51: =FRESADO!$S51+FRESADO!$T51 -> 3480 | V51: CUAJIMALPA 2 | W51: PAGADA | X51: A-1196 | Z51: BANCO ASIGNADO POR LA SICT
A52: 24 | C52: 5792 | D52: 46182 | E52: 1 | F52: FRESADO | G52: 22BC9R | H52: 14 | I52: M3 | J52: REY DAVID | K52: COSUM TOLUCA | Q52: TRABAJOS DE NOCHE | R52: 3000 | S52: =FRESADO!$R52*FRESADO!$E52 -> 3000 | T52: =FRESADO!$S52*16% -> 480 | U52: =FRESADO!$S52+FRESADO!$T52 -> 3480 | V52: CUAJIMALPA 2 | W52: PAGADA | X52: A-1196 | Z52: BANCO ASIGNADO POR LA SICT
A53: 24 | C53: 5793 | D53: 46182 | E53: 1 | F53: FRESADO | G53: LD58235 | H53: 14 | I53: M3 | J53: CARLOS GUADARRAMA | K53: COSUM TOLUCA | Q53: TRABAJOS DE NOCHE | R53: 3000 | S53: =FRESADO!$R53*FRESADO!$E53 -> 3000 | T53: =FRESADO!$S53*16% -> 480 | U53: =FRESADO!$S53+FRESADO!$T53 -> 3480 | V53: CUAJIMALPA 2 | W53: PAGADA | X53: A-1196 | Z53: BANCO ASIGNADO POR LA SICT
A54: 24 | C54: 5794 | D54: 46182 | E54: 1 | F54: FRESADO | G54: HE4281J | H54: 14 | I54: M3 | J54: DANIEL CRUZ | K54: COSUM TOLUCA | Q54: TRABAJOS DE NOCHE | R54: 3000 | S54: =FRESADO!$R54*FRESADO!$E54 -> 3000 | T54: =FRESADO!$S54*16% -> 480 | U54: =FRESADO!$S54+FRESADO!$T54 -> 3480 | V54: CUAJIMALPA 2 | W54: PAGADA | X54: A-1196 | Z54: BANCO ASIGNADO POR LA SICT
... A74: 24 | C74: 14 | D74: 46183 | E74: 1 | F74: FRESADO | G74: HE4281J | H74: 14 | I74: M3 | J74: DANIEL CRUZ | K74: COSUM TOLUCA | Q74: TRABAJOS DE NOCHE | R74: 3000 | S74: =FRESADO!$R74*FRESADO!$E74 -> 3000 | T74: =FRESADO!$S74*16% -> 480 | U74: =FRESADO!$S74+FRESADO!$T74 -> 3480 | V74: CUAJIMALPA 2 | W74: PAGADA | X74: A-1196 | Z74: BANCO ASIGNADO POR LA SICT
A75: 24 | C75: 15 | D75: 46183 | E75: 0 | F75: NOTA CANCELADA | G75: 0 | H75: 0 | I75: M3 | J75: CANCELADA | K75: - | Q75: NOTA CANCELADA | R75: 0 | S75: =FRESADO!$R75*FRESADO!$E75 -> 0 | T75: =FRESADO!$S75*16% -> 0 | U75: =FRESADO!$S75+FRESADO!$T75 -> 0 | V75: NOTA CANCELADA
A76: 24 | C76: 16 | D76: 46183 | E76: 1 | F76: FRESADO | G76: NB1258D | H76: 14 | I76: M3 | J76: SANTOS SOTERO | K76: COSUM TOLUCA | Q76: TRABAJOS DE NOCHE | R76: 3000 | S76: =FRESADO!$R76*FRESADO!$E76 -> 3000 | T76: =FRESADO!$S76*16% -> 480 | U76: =FRESADO!$S76+FRESADO!$T76 -> 3480 | V76: CUAJIMALPA 2 | W76: PAGADA | X76: A-1196 | Z76: BANCO ASIGNADO POR LA SICT
A77: 24 | C77: 17 | D77: 46183 | E77: 1 | F77: FRESADO | G77: 95AX5D | H77: 14 | I77: M3 | J77: CESAR HERNANDEZ | K77: COSUM TOLUCA | Q77: TRABAJOS DE NOCHE | R77: 3000 | S77: =FRESADO!$R77*FRESADO!$E77 -> 3000 | T77: =FRESADO!$S77*16% -> 480 | U77: =FRESADO!$S77+FRESADO!$T77 -> 3480 | V77: CUAJIMALPA 2 | W77: PAGADA | X77: A-1196 | Z77: BANCO ASIGNADO POR LA SICT
A78: 24 | C78: 18 | D78: 46183 | E78: 1 | F78: FRESADO | G78: MY7968B | H78: 14 | I78: M3 | J78: JORGE GARCIA | K78: COSUM TOLUCA | Q78: TRABAJOS DE NOCHE | R78: 3000 | S78: =FRESADO!$R78*FRESADO!$E78 -> 3000 | T78: =FRESADO!$S78*16% -> 480 | U78: =FRESADO!$S78+FRESADO!$T78 -> 3480 | V78: CUAJIMALPA 2 | W78: PAGADA | X78: A-1196 | Z78: BANCO ASIGNADO POR LA SICT
A79: 24 | C79: 19 | D79: 46183 | E79: 1 | F79: FRESADO | G79: 22BC9R | H79: 14 | I79: M3 | J79: REY DAVID | K79: COSUM TOLUCA | Q79: TRABAJOS DE NOCHE | R79: 3000 | S79: =FRESADO!$R79*FRESADO!$E79 -> 3000 | T79: =FRESADO!$S79*16% -> 480 | U79: =FRESADO!$S79+FRESADO!$T79 -> 3480 | V79: CUAJIMALPA 2 | W79: PAGADA | X79: A-1196 | Z79: BANCO ASIGNADO POR LA SICT
A80: 24 | C80: 20 | D80: 46183 | E80: 1 | F80: FRESADO | G80: LD58235 | H80: 14 | I80: M3 | J80: CARLOS GUADARRAMA | K80: COSUM TOLUCA | Q80: TRABAJOS DE NOCHE | R80: 3000 | S80: =FRESADO!$R80*FRESADO!$E80 -> 3000 | T80: =FRESADO!$S80*16% -> 480 | U80: =FRESADO!$S80+FRESADO!$T80 -> 3480 | V80: CUAJIMALPA 2 | W80: PAGADA | X80: A-1196 | Z80: BANCO ASIGNADO POR LA SICT
A81: 24 | C81: 21 | D81: 46183 | E81: 1 | F81: FRESADO | G81: HE4281J | H81: 14 | I81: M3 | J81: DANIEL CRUZ | K81: COSUM TOLUCA | Q81: TRABAJOS DE NOCHE | R81: 3000 | S81: =FRESADO!$R81*FRESADO!$E81 -> 3000 | T81: =FRESADO!$S81*16% -> 480 | U81: =FRESADO!$S81+FRESADO!$T81 -> 3480 | V81: CUAJIMALPA 2 | W81: PAGADA | X81: A-1196 | Z81: BANCO ASIGNADO POR LA SICT
A82: 24 | C82: 22 | D82: 46183 | E82: 1 | F82: FRESADO | G82: 95AX5D | H82: 14 | I82: M3 | J82: CESAR HERNANDEZ | K82: COSUM TOLUCA | Q82: TRABAJOS DE NOCHE | R82: 3000 | S82: =FRESADO!$R82*FRESADO!$E82 -> 3000 | T82: =FRESADO!$S82*16% -> 480 | U82: =FRESADO!$S82+FRESADO!$T82 -> 3480 | V82: CUAJIMALPA 2 | W82: PAGADA | X82: A-1196 | Z82: BANCO ASIGNADO POR LA SICT
A83: 24 | C83: 23 | D83: 46183 | E83: 1 | F83: FRESADO | G83: MY7968B | H83: 14 | I83: M3 | J83: JORGE GARCIA | K83: COSUM TOLUCA | Q83: TRABAJOS DE NOCHE | R83: 3000 | S83: =FRESADO!$R83*FRESADO!$E83 -> 3000 | T83: =FRESADO!$S83*16% -> 480 | U83: =FRESADO!$S83+FRESADO!$T83 -> 3480 | V83: CUAJIMALPA 2 | W83: PAGADA | X83: A-1196 | Z83: BANCO ASIGNADO POR LA SICT
A84: 24 | C84: 24 | D84: 46183 | E84: 1 | F84: FRESADO | G84: HE4281J | H84: 14 | I84: M3 | J84: DANIEL CRUZ | K84: COSUM TOLUCA | Q84: TRABAJOS DE NOCHE | R84: 3000 | S84: =FRESADO!$R84*FRESADO!$E84 -> 3000 | T84: =FRESADO!$S84*16% -> 480 | U84: =FRESADO!$S84+FRESADO!$T84 -> 3480 | V84: CUAJIMALPA 2 | W84: PAGADA | X84: A-1196 | Z84: BANCO ASIGNADO POR LA SICT
A85: 24 | C85: 25 | D85: 46183 | E85: 1 | F85: FRESADO | G85: NB1258D | H85: 14 | I85: M3 | J85: SANTOS SOTERO | K85: COSUM TOLUCA | Q85: TRABAJOS DE NOCHE | R85: 3000 | S85: =FRESADO!$R85*FRESADO!$E85 -> 3000 | T85: =FRESADO!$S85*16% -> 480 | U85: =FRESADO!$S85+FRESADO!$T85 -> 3480 | V85: CUAJIMALPA 2 | W85: PAGADA | X85: A-1196 | Z85: BANCO ASIGNADO POR LA SICT
A86: 24 | C86: 26 | D86: 46183 | E86: 1 | F86: FRESADO | G86: 22BC9R | H86: 14 | I86: M3 | J86: REY DAVID | K86: COSUM TOLUCA | Q86: TRABAJOS DE NOCHE | R86: 3000 | S86: =FRESADO!$R86*FRESADO!$E86 -> 3000 | T86: =FRESADO!$S86*16% -> 480 | U86: =FRESADO!$S86+FRESADO!$T86 -> 3480 | V86: CUAJIMALPA 2 | W86: PAGADA | X86: A-1196 | Z86: BANCO ASIGNADO POR LA SICT
A87: 24 | C87: 27 | D87: 46183 | E87: 1 | F87: FRESADO | G87: LD58235 | H87: 14 | I87: M3 | J87: CARLOS GUADARRAMA | K87: COSUM TOLUCA | Q87: TRABAJOS DE NOCHE | R87: 3000 | S87: =FRESADO!$R87*FRESADO!$E87 -> 3000 | T87: =FRESADO!$S87*16% -> 480 | U87: =FRESADO!$S87+FRESADO!$T87 -> 3480 | V87: CUAJIMALPA 2 | W87: PAGADA | X87: A-1196 | Z87: BANCO ASIGNADO POR LA SICT
... A98: 24 | C98: 38 | D98: 46183 | E98: 1 | F98: FRESADO | G98: NB1258D | H98: 14 | I98: M3 | J98: SANTOS SOTERO | K98: COSUM TOLUCA | Q98: TRABAJOS DE NOCHE | R98: 3000 | S98: =FRESADO!$R98*FRESADO!$E98 -> 3000 | T98: =FRESADO!$S98*16% -> 480 | U98: =FRESADO!$S98+FRESADO!$T98 -> 3480 | V98: CUAJIMALPA 2 | W98: PAGADA | X98: A-1196 | Z98: BANCO ASIGNADO POR LA SICT
A99: 24 | C99: 39 | D99: 46183 | E99: 1 | F99: ESCOMBRO Y LIMPIEZA | G99: 95AX5D | H99: 14 | I99: M3 | J99: CESAR HERNANDEZ | K99: COSUM TOLUCA | R99: 7000 | S99: =FRESADO!$R99*FRESADO!$E99 -> 7000 | T99: =FRESADO!$S99*16% -> 1120 | U99: =FRESADO!$S99+FRESADO!$T99 -> 8120 | V99: CUAJIMALPA 2 | W99: PAGADA | X99: A-1196 | Z99: BANCO ASIGNADO POR LA SICT
A100: 24 | C100: 40 | D100: 46183 | E100: 1 | F100: FRESADO Y LIMPIEZA | G100: NB1258D | H100: 14 | I100: M3 | J100: SANTOS SOTERO | K100: COSUM TOLUCA | Q100: TRABAJOS DE NOCHE | R100: 3000 | S100: =FRESADO!$R100*FRESADO!$E100 -> 3000 | T100: =FRESADO!$S100*16% -> 480 | U100: =FRESADO!$S100+FRESADO!$T100 -> 3480 | V100: CUAJIMALPA 2 | W100: PAGADA | X100: A-1196 | Z100: BANCO ASIGNADO POR LA SICT
A101: 24 | C101: 41 | D101: 46185 | E101: 1 | F101: FRESADO | G101: MY7968B | H101: 14 | I101: M3 | J101: JORGE GARCIA | K101: COSUM TOLUCA | Q101: TRABAJOS DE NOCHE | R101: 3000 | S101: =FRESADO!$R101*FRESADO!$E101 -> 3000 | T101: =FRESADO!$S101*16% -> 480 | U101: =FRESADO!$S101+FRESADO!$T101 -> 3480 | V101: CUAJIMALPA 2 | W101: PAGADA | X101: A-1196 | Z101: BANCO ASIGNADO POR LA SICT
A102: 24 | C102: 42 | D102: 46185 | E102: 1 | F102: FRESADO | G102: 95AX5D | H102: 14 | I102: M3 | J102: CESAR HERNANDEZ | K102: COSUM TOLUCA | Q102: TRABAJOS DE NOCHE | R102: 3000 | S102: =FRESADO!$R102*FRESADO!$E102 -> 3000 | T102: =FRESADO!$S102*16% -> 480 | U102: =FRESADO!$S102+FRESADO!$T102 -> 3480 | V102: CUAJIMALPA 2 | W102: PAGADA | X102: A-1196 | Z102: BANCO ASIGNADO POR LA SICT
A103: 24 | C103: 43 | D103: 46185 | E103: 1 | F103: FRESADO | G103: HC1139G | H103: 14 | I103: M3 | J103: VICTOR LEON | K103: COSUM TOLUCA | Q103: TRABAJOS DE NOCHE | R103: 3000 | S103: =FRESADO!$R103*FRESADO!$E103 -> 3000 | T103: =FRESADO!$S103*16% -> 480 | U103: =FRESADO!$S103+FRESADO!$T103 -> 3480 | V103: CUAJIMALPA 2 | W103: PAGADA | X103: A-1196 | Z103: BANCO ASIGNADO POR LA SICT
A104: 24 | C104: 44 | D104: 46185 | E104: 1 | F104: FRESADO | G104: MY7968B | H104: 14 | I104: M3 | J104: JORGE GARCIA | K104: COSUM TOLUCA | Q104: TRABAJOS DE NOCHE | R104: 3000 | S104: =FRESADO!$R104*FRESADO!$E104 -> 3000 | T104: =FRESADO!$S104*16% -> 480 | U104: =FRESADO!$S104+FRESADO!$T104 -> 3480 | V104: CUAJIMALPA 2 | W104: PAGADA | X104: A-1196 | Z104: BANCO ASIGNADO POR LA SICT
A105: 24 | C105: 45 | D105: 46185 | E105: 1 | F105: FRESADO | G105: 95AX5D | H105: 14 | I105: M3 | J105: CESAR HERNANDEZ | K105: COSUM TOLUCA | Q105: TRABAJOS DE NOCHE | R105: 3000 | S105: =FRESADO!$R105*FRESADO!$E105 -> 3000 | T105: =FRESADO!$S105*16% -> 480 | U105: =FRESADO!$S105+FRESADO!$T105 -> 3480 | V105: CUAJIMALPA 2 | W105: PAGADA | X105: A-1196 | Z105: BANCO ASIGNADO POR LA SICT
A106: 24 | C106: 46 | D106: 46185 | E106: 1 | F106: FRESADO | G106: HC1139G | H106: 14 | I106: M3 | J106: VICTOR LEON | K106: COSUM TOLUCA | Q106: TRABAJOS DE NOCHE | R106: 3000 | S106: =FRESADO!$R106*FRESADO!$E106 -> 3000 | T106: =FRESADO!$S106*16% -> 480 | U106: =FRESADO!$S106+FRESADO!$T106 -> 3480 | V106: CUAJIMALPA 2 | W106: PAGADA | X106: A-1196 | Z106: BANCO ASIGNADO POR LA SICT
A107: 24 | C107: 47 | D107: 46185 | E107: 1 | F107: FRESADO | G107: MY7968B | H107: 14 | I107: M3 | J107: JORGE GARCIA | K107: COSUM TOLUCA | Q107: TRABAJOS DE NOCHE | R107: 3000 | S107: =FRESADO!$R107*FRESADO!$E107 -> 3000 | T107: =FRESADO!$S107*16% -> 480 | U107: =FRESADO!$S107+FRESADO!$T107 -> 3480 | V107: CUAJIMALPA 2 | W107: PAGADA | X107: A-1196 | Z107: BANCO ASIGNADO POR LA SICT
A108: 24 | C108: 48 | D108: 46185 | E108: 1 | F108: FRESADO | G108: 95AX5D | H108: 14 | I108: M3 | J108: CESAR HERNANDEZ | K108: COSUM TOLUCA | Q108: TRABAJOS DE NOCHE | R108: 3000 | S108: =FRESADO!$R108*FRESADO!$E108 -> 3000 | T108: =FRESADO!$S108*16% -> 480 | U108: =FRESADO!$S108+FRESADO!$T108 -> 3480 | V108: CUAJIMALPA 2 | W108: PAGADA | X108: A-1196 | Z108: BANCO ASIGNADO POR LA SICT
A109: 24 | C109: 49 | D109: 46185 | E109: 1 | F109: FRESADO | G109: HC1139G | H109: 14 | I109: M3 | J109: VICTOR LEON | K109: COSUM TOLUCA | Q109: TRABAJOS DE NOCHE | R109: 3000 | S109: =FRESADO!$R109*FRESADO!$E109 -> 3000 | T109: =FRESADO!$S109*16% -> 480 | U109: =FRESADO!$S109+FRESADO!$T109 -> 3480 | V109: CUAJIMALPA 2 | W109: PAGADA | X109: A-1196 | Z109: BANCO ASIGNADO POR LA SICT
A110: 24 | C110: 50 | D110: 46185 | E110: 1 | F110: FRESADO | G110: MY7968B | H110: 14 | I110: M3 | J110: JORGE GARCIA | K110: COSUM TOLUCA | Q110: TRABAJOS DE NOCHE | R110: 3000 | S110: =FRESADO!$R110*FRESADO!$E110 -> 3000 | T110: =FRESADO!$S110*16% -> 480 | U110: =FRESADO!$S110+FRESADO!$T110 -> 3480 | V110: CUAJIMALPA 2 | W110: PAGADA | X110: A-1196 | Z110: BANCO ASIGNADO POR LA SICT
A111: 24 | C111: 51 | D111: 46185 | E111: 1 | F111: FRESADO | G111: 95AX5D | H111: 14 | I111: M3 | J111: CESAR HERNANDEZ | K111: COSUM TOLUCA | Q111: TRABAJOS DE NOCHE | R111: 3000 | S111: =FRESADO!$R111*FRESADO!$E111 -> 3000 | T111: =FRESADO!$S111*16% -> 480 | U111: =FRESADO!$S111+FRESADO!$T111 -> 3480 | V111: CUAJIMALPA 2 | W111: PAGADA | X111: A-1196 | Z111: BANCO ASIGNADO POR LA SICT
... A117: 24 | C117: 57 | D117: 46185 | E117: 1 | F117: FRESADO Y LIMPIEZA | G117: NR0950C | H117: 14 | I117: M3 | J117: ALEJANDRO FLORES | K117: COSUM TOLUCA | Q117: TRABAJOS DE NOCHE | R117: 3000 | S117: =FRESADO!$R117*FRESADO!$E117 -> 3000 | T117: =FRESADO!$S117*16% -> 480 | U117: =FRESADO!$S117+FRESADO!$T117 -> 3480 | V117: CUAJIMALPA 2 | W117: PAGADA | X117: A-1196 | Z117: BANCO ASIGNADO POR LA SICT
A118: 24 | C118: 520 | D118: 46185 | E118: 1 | F118: FRESADO | G118: MY6968B | H118: 14 | I118: M3 | J118: JORGE GARCIA | K118: COSUM TOLUCA | R118: 2500 | S118: =FRESADO!$R118*FRESADO!$E118 -> 2500 | T118: =FRESADO!$S118*16% -> 400 | U118: =FRESADO!$S118+FRESADO!$T118 -> 2900 | V118: MARQUESA 1 | W118: PAGADA | X118: A-1183 | Z118: BANCO ASIGNADO POR LA SICT
A119: 24 | C119: 521 | D119: 46185 | E119: 1 | F119: FRESADO | G119: 95AX5D | H119: 14 | I119: M3 | J119: CESAR HERNANDEZ | K119: COSUM TOLUCA | R119: 2500 | S119: =FRESADO!$R119*FRESADO!$E119 -> 2500 | T119: =FRESADO!$S119*16% -> 400 | U119: =FRESADO!$S119+FRESADO!$T119 -> 2900 | V119: MARQUESA 1 | W119: PAGADA | X119: A-1183 | Z119: BANCO ASIGNADO POR LA SICT
A120: 24 | C120: 522 | D120: 46185 | E120: 1 | F120: FRESADO | G120: MY7968B | H120: 14 | I120: M3 | J120: JORGE GARCIA | K120: COSUM TOLUCA | R120: 2500 | S120: =FRESADO!$R120*FRESADO!$E120 -> 2500 | T120: =FRESADO!$S120*16% -> 400 | U120: =FRESADO!$S120+FRESADO!$T120 -> 2900 | V120: MARQUESA 1 | W120: PAGADA | X120: A-1183 | Z120: BANCO ASIGNADO POR LA SICT
A121: 24 | C121: 523 | D121: 46185 | E121: 1 | F121: FRESADO | G121: LH16062 | H121: 14 | I121: M3 | J121: ARTURO HERNANDEZ | K121: COSUM TOLUCA | R121: 2500 | S121: =FRESADO!$R121*FRESADO!$E121 -> 2500 | T121: =FRESADO!$S121*16% -> 400 | U121: =FRESADO!$S121+FRESADO!$T121 -> 2900 | V121: MARQUESA 1 | W121: PAGADA | X121: A-1183 | Z121: BANCO ASIGNADO POR LA SICT
A122: 24 | C122: 524 | D122: 46185 | E122: 1 | F122: FRESADO | G122: 45AX5D | H122: 14 | I122: M3 | J122: CESAR HERNANDEZ | K122: COSUM TOLUCA | R122: 2500 | S122: =FRESADO!$R122*FRESADO!$E122 -> 2500 | T122: =FRESADO!$S122*16% -> 400 | U122: =FRESADO!$S122+FRESADO!$T122 -> 2900 | V122: MARQUESA 1 | W122: PAGADA | X122: A-1183 | Z122: BANCO ASIGNADO POR LA SICT
A123: 24 | C123: 525 | D123: 46185 | E123: 1 | F123: FRESADO | G123: LH16062 | H123: 14 | I123: M3 | J123: ARTURO HERNANDEZ | K123: COSUM TOLUCA | R123: 2500 | S123: =FRESADO!$R123*FRESADO!$E123 -> 2500 | T123: =FRESADO!$S123*16% -> 400 | U123: =FRESADO!$S123+FRESADO!$T123 -> 2900 | V123: MARQUESA 1 | W123: PAGADA | X123: A-1183 | Z123: BANCO ASIGNADO POR LA SICT
A124: 24 | C124: 526 | D124: 46185 | E124: 1 | F124: FRESADO | G124: 95AX5D | H124: 14 | I124: M3 | J124: CESAR HERNANDEZ | K124: COSUM TOLUCA | R124: 2500 | S124: =FRESADO!$R124*FRESADO!$E124 -> 2500 | T124: =FRESADO!$S124*16% -> 400 | U124: =FRESADO!$S124+FRESADO!$T124 -> 2900 | V124: MARQUESA 1 | W124: PAGADA | X124: A-1183 | Z124: BANCO ASIGNADO POR LA SICT
A125: 24 | C125: 527 | D125: 46185 | E125: 1 | F125: FRESADO | G125: LH16062 | H125: 14 | I125: M3 | J125: ARTURO HERNANDEZ | K125: COSUM TOLUCA | R125: 2500 | S125: =FRESADO!$R125*FRESADO!$E125 -> 2500 | T125: =FRESADO!$S125*16% -> 400 | U125: =FRESADO!$S125+FRESADO!$T125 -> 2900 | V125: MARQUESA 1 | W125: PAGADA | X125: A-1183 | Z125: BANCO ASIGNADO POR LA SICT
A126: 24 | C126: 528 | D126: 46185 | E126: 1 | F126: FRESADO | G126: 95AX5D | H126: 14 | I126: M3 | J126: CESAR HERNANDEZ | K126: COSUM TOLUCA | R126: 2500 | S126: =FRESADO!$R126*FRESADO!$E126 -> 2500 | T126: =FRESADO!$S126*16% -> 400 | U126: =FRESADO!$S126+FRESADO!$T126 -> 2900 | V126: MARQUESA 1 | W126: PAGADA | X126: A-1183 | Z126: BANCO ASIGNADO POR LA SICT
A127: 24 | C127: 529 | D127: 46185 | E127: 1 | F127: FRESADO | G127: LH16062 | H127: 14 | I127: M3 | J127: ARTURO HERNANDEZ | K127: COSUM TOLUCA | R127: 2500 | S127: =FRESADO!$R127*FRESADO!$E127 -> 2500 | T127: =FRESADO!$S127*16% -> 400 | U127: =FRESADO!$S127+FRESADO!$T127 -> 2900 | V127: MARQUESA 1 | W127: PAGADA | X127: A-1183 | Z127: BANCO ASIGNADO POR LA SICT
A128: 24 | C128: 530 | D128: 46185 | E128: 1 | F128: FRESADO | G128: LH16062 | H128: 14 | I128: M3 | J128: ARTURO HERNANDEZ | K128: COSUM TOLUCA | R128: 2500 | S128: =FRESADO!$R128*FRESADO!$E128 -> 2500 | T128: =FRESADO!$S128*16% -> 400 | U128: =FRESADO!$S128+FRESADO!$T128 -> 2900 | V128: MARQUESA 1 | W128: PAGADA | X128: A-1183 | Z128: BANCO ASIGNADO POR LA SICT
A129: 24 | C129: 531 | D129: 46185 | E129: 1 | F129: FRESADO | G129: LH16062 | H129: 14 | I129: M3 | J129: ARTURO HERNANDEZ | K129: COSUM TOLUCA | R129: 2500 | S129: =FRESADO!$R129*FRESADO!$E129 -> 2500 | T129: =FRESADO!$S129*16% -> 400 | U129: =FRESADO!$S129+FRESADO!$T129 -> 2900 | V129: MARQUESA 1 | W129: PAGADA | X129: A-1183 | Z129: BANCO ASIGNADO POR LA SICT
A130: 25 | B130: 1 | C130: 532 | D130: 46188 | E130: 1 | F130: FRESADO | G130: 95AX5D | H130: 14 | I130: M3 | J130: CESAR HERNANDEZ | K130: COSUM TOLUCA | R130: 2500 | S130: =FRESADO!$R130*FRESADO!$E130 -> 2500 | T130: =FRESADO!$S130*16% -> 400 | U130: =FRESADO!$S130+FRESADO!$T130 -> 2900 | V130: MARQUESA 2 | W130: PAGADA | X130: A-1205 | Z130: BANCO ASIGNADO POR LA SICT
A131: 25 | B131: 2 | C131: 533 | D131: 46188 | E131: 1 | F131: FRESADO | G131: HC-1139-G | H131: 14 | I131: M3 | J131: VICTOR DE LEON | K131: COSUM TOLUCA | R131: 2500 | S131: =FRESADO!$R131*FRESADO!$E131 -> 2500 | T131: =FRESADO!$S131*16% -> 400 | U131: =FRESADO!$S131+FRESADO!$T131 -> 2900 | V131: MARQUESA 2 | W131: PAGADA | X131: A-1205 | Z131: BANCO ASIGNADO POR LA SICT
A132: 25 | B132: 3 | C132: 534 | D132: 46188 | E132: 1 | F132: FRESADO | G132: LH-16-062 | H132: 14 | I132: M3 | J132: ARTURO HERNANDEZ | K132: COSUM TOLUCA | R132: 2500 | S132: =FRESADO!$R132*FRESADO!$E132 -> 2500 | T132: =FRESADO!$S132*16% -> 400 | U132: =FRESADO!$S132+FRESADO!$T132 -> 2900 | V132: MARQUESA 2 | W132: PAGADA | X132: A-1205 | Z132: BANCO ASIGNADO POR LA SICT
A133: 25 | B133: 4 | C133: 535 | D133: 46188 | E133: 1 | F133: FRESADO | G133: 95AX5D | H133: 14 | I133: M3 | J133: CESAR HERNANDEZ | K133: COSUM TOLUCA | R133: 2500 | S133: =FRESADO!$R133*FRESADO!$E133 -> 2500 | T133: =FRESADO!$S133*16% -> 400 | U133: =FRESADO!$S133+FRESADO!$T133 -> 2900 | V133: MARQUESA 2 | W133: PAGADA | X133: A-1205 | Z133: BANCO ASIGNADO POR LA SICT
A134: 25 | B134: 5 | C134: 536 | D134: 46188 | E134: 1 | F134: FRESADO | G134: HC-1139-G | H134: 14 | I134: M3 | J134: VICTOR DE LEON | K134: COSUM TOLUCA | R134: 2500 | S134: =FRESADO!$R134*FRESADO!$E134 -> 2500 | T134: =FRESADO!$S134*16% -> 400 | U134: =FRESADO!$S134+FRESADO!$T134 -> 2900 | V134: MARQUESA 2 | W134: PAGADA | X134: A-1205 | Z134: BANCO ASIGNADO POR LA SICT
A135: 25 | B135: 6 | C135: 537 | D135: 46188 | E135: 1 | F135: FRESADO | G135: LH-16-062 | H135: 14 | I135: M3 | J135: ARTURO HERNANDEZ | K135: COSUM TOLUCA | R135: 2500 | S135: =FRESADO!$R135*FRESADO!$E135 -> 2500 | T135: =FRESADO!$S135*16% -> 400 | U135: =FRESADO!$S135+FRESADO!$T135 -> 2900 | V135: MARQUESA 2 | W135: PAGADA | X135: A-1205 | Z135: BANCO ASIGNADO POR LA SICT
...

Sheet Tabla dinámica 3

Sheet CARPETA
A1: SEM | B1: NO | C1: FOLIO | D1: FECHA | E1: VIAJES | F1: MATERIAL | G1: PLACAS | H1: CAPACIDAD (M3) | I1: PESO TOTAL (KG) | J1: OPERADOR | K1: SINDICATO | L1: KM INICIO | M1: KM FINAL | N1: CUERPO | O1: KM ACARREO POR VIAJE | P1: OBSERVACIONES | Q1: PU | R1: IMPORTE | S1: IVA | T1: TOTAL | U1: CONCILIACION | V1: ESTATUS | W1: FACTURA
A2: 23 | C2: 4979 | D2: 46174 | E2: 1 | F2: CARPETA DENSA | G2: LD69570 | H2: 14 | I2: M3 | J2: HUMBERTO COLIN | K2: COSUM TOLUCA | Q2: 3350 | R2: =CARPETA!$Q2*CARPETA!$E2 -> 3350 | S2: =CARPETA!$R2*16% -> 536 | T2: =CARPETA!$R2+CARPETA!$S2 -> 3886 | U2: CUAJIMALPA 1 | V2: PAGADA | W2: A-1183
A3: 23 | C3: 4980 | D3: 46174 | E3: 1 | F3: CARPETA DENSA | G3: NR0950C | H3: 14 | I3: M3 | J3: ALEJANDRO FLORES | K3: COSUM TOLUCA | Q3: 3350 | R3: =CARPETA!$Q3*CARPETA!$E3 -> 3350 | S3: =CARPETA!$R3*16% -> 536 | T3: =CARPETA!$R3+CARPETA!$S3 -> 3886 | U3: CUAJIMALPA 1 | V3: PAGADA | W3: A-1183
A4: 23 | C4: 4981 | D4: 46174 | E4: 1 | F4: CARPETA DENSA | G4: LF64430 | H4: 14 | I4: M3 | J4: CARLOS JOAQUIN | K4: COSUM TOLUCA | Q4: 3350 | R4: =CARPETA!$Q4*CARPETA!$E4 -> 3350 | S4: =CARPETA!$R4*16% -> 536 | T4: =CARPETA!$R4+CARPETA!$S4 -> 3886 | U4: CUAJIMALPA 2 | V4: PAGADA | W4: A-1196
A5: 23 | C5: 4982 | D5: 46174 | E5: 1 | F5: CARPETA DENSA | G5: 32AH5L | H5: 14 | I5: M3 | J5: GUSTAVO JOAQUIN | K5: COSUM TOLUCA | Q5: 3350 | R5: =CARPETA!$Q5*CARPETA!$E5 -> 3350 | S5: =CARPETA!$R5*16% -> 536 | T5: =CARPETA!$R5+CARPETA!$S5 -> 3886 | U5: CUAJIMALPA 2 | V5: PAGADA | W5: A-1196
A6: 23 | C6: 4983 | D6: 46174 | E6: 1 | F6: CARPETA DENSA | G6: MY7967B | H6: 14 | I6: M3 | J6: JORGE GARCIA | K6: COSUM TOLUCA | Q6: 3350 | R6: =CARPETA!$Q6*CARPETA!$E6 -> 3350 | S6: =CARPETA!$R6*16% -> 536 | T6: =CARPETA!$R6+CARPETA!$S6 -> 3886 | U6: CUAJIMALPA 1 | V6: PAGADA | W6: A-1183
A7: 23 | C7: S/F | D7: 46174 | E7: 1 | F7: PIPA DE AGUA | H7: 10 | I7: M3 | K7: COSUM TOLUCA | Q7: 4700 | R7: =CARPETA!$Q7*CARPETA!$E7 -> 4700 | S7: =CARPETA!$R7*16% -> 752 | T7: =CARPETA!$R7+CARPETA!$S7 -> 5452 | U7: CUAJIMALPA 1 | V7: PAGADA | W7: A-1183
A8: 23 | C8: S/F | D8: 46175 | E8: 1 | F8: REGRESO PIPA | H8: 0 | I8: M3 | K8: COSUM TOLUCA | P8: SE CANCELARON LABORES | Q8: 1000 | R8: =CARPETA!$Q8*CARPETA!$E8 -> 1000 | S8: =CARPETA!$R8*16% -> 160 | T8: =CARPETA!$R8+CARPETA!$S8 -> 1160 | U8: CUAJIMALPA 1 | V8: PAGADA | W8: A-1183
A9: 23 | C9: 5568 | D9: 46176 | E9: 1 | F9: CARPETA DENSA | G9: LD69570 | H9: 15 | I9: M3 | J9: HUMBERTO COLIN | K9: COSUM TOLUCA | Q9: 3350 | R9: =CARPETA!$Q9*CARPETA!$E9 -> 3350 | S9: =CARPETA!$R9*16% -> 536 | T9: =CARPETA!$R9+CARPETA!$S9 -> 3886 | U9: CUAJIMALPA 1 | V9: PAGADA | W9: A-1183
A10: 23 | C10: 5569 | D10: 46176 | E10: 1 | F10: CARPETA DENSA | G10: HE4281J | H10: 15 | I10: M3 | J10: ANASIEL BENITES | K10: COSUM TOLUCA | Q10: 3350 | R10: =CARPETA!$Q10*CARPETA!$E10 -> 3350 | S10: =CARPETA!$R10*16% -> 536 | T10: =CARPETA!$R10+CARPETA!$S10 -> 3886 | U10: CUAJIMALPA 1 | V10: PAGADA | W10: A-1183
A11: 23 | C11: 5570 | D11: 46176 | E11: 1 | F11: CARPETA DENSA | G11: 22BC9R | H11: 15 | I11: M3 | J11: REY DAVID | K11: COSUM TOLUCA | Q11: 3350 | R11: =CARPETA!$Q11*CARPETA!$E11 -> 3350 | S11: =CARPETA!$R11*16% -> 536 | T11: =CARPETA!$R11+CARPETA!$S11 -> 3886 | U11: CUAJIMALPA 1 | V11: PAGADA | W11: A-1183
A12: 23 | C12: 5571 | D12: 46176 | E12: 1 | F12: CARPETA DENSA | G12: MY6927D | H12: 15 | I12: M3 | J12: DANIEL CRUZ | K12: COSUM TOLUCA | Q12: 3350 | R12: =CARPETA!$Q12*CARPETA!$E12 -> 3350 | S12: =CARPETA!$R12*16% -> 536 | T12: =CARPETA!$R12+CARPETA!$S12 -> 3886 | U12: CUAJIMALPA 1 | V12: PAGADA | W12: A-1183
A13: 23 | C13: 5572 | D13: 46176 | E13: 1 | F13: CARPETA DENSA | G13: GZ9775J | H13: 15 | I13: M3 | J13: OMERO BENITEZ | K13: COSUM TOLUCA | Q13: 3350 | R13: =CARPETA!$Q13*CARPETA!$E13 -> 3350 | S13: =CARPETA!$R13*16% -> 536 | T13: =CARPETA!$R13+CARPETA!$S13 -> 3886 | U13: CUAJIMALPA 1 | V13: PAGADA | W13: A-1183
A14: 23 | C14: 5573 | D14: 46176 | E14: 1 | F14: CARPETA DENSA | G14: LD58235 | H14: 15 | I14: M3 | J14: CARLOS GUADARRAMA | K14: COSUM TOLUCA | Q14: 3350 | R14: =CARPETA!$Q14*CARPETA!$E14 -> 3350 | S14: =CARPETA!$R14*16% -> 536 | T14: =CARPETA!$R14+CARPETA!$S14 -> 3886 | U14: CUAJIMALPA 1 | V14: PAGADA | W14: A-1183
A15: 23 | C15: 5574 | D15: 46176 | E15: 1 | F15: CARPETA DENSA | G15: MY7968B | H15: 15 | I15: M3 | J15: JORGE GARCIA | K15: COSUM TOLUCA | Q15: 3350 | R15: =CARPETA!$Q15*CARPETA!$E15 -> 3350 | S15: =CARPETA!$R15*16% -> 536 | T15: =CARPETA!$R15+CARPETA!$S15 -> 3886 | U15: CUAJIMALPA 1 | V15: PAGADA | W15: A-1183
A16: 23 | C16: 5575 | D16: 46176 | E16: 1 | F16: CARPETA DENSA | G16: NR0950C | H16: 15 | I16: M3 | J16: ALEJANDRO FLORES | K16: COSUM TOLUCA | Q16: 3350 | R16: =CARPETA!$Q16*CARPETA!$E16 -> 3350 | S16: =CARPETA!$R16*16% -> 536 | T16: =CARPETA!$R16+CARPETA!$S16 -> 3886 | U16: CUAJIMALPA 1 | V16: PAGADA | W16: A-1183
A17: 23 | C17: S/F | D17: 46176 | E17: 1 | F17: PIPA DE AGUA | H17: 10 | I17: M3 | K17: COSUM TOLUCA | Q17: 4700 | R17: =CARPETA!$Q17*CARPETA!$E17 -> 4700 | S17: =CARPETA!$R17*16% -> 752 | T17: =CARPETA!$R17+CARPETA!$S17 -> 5452 | U17: CUAJIMALPA 1 | V17: PAGADA | W17: A-1183
A18: 23 | C18: 5585 | D18: 46177 | E18: 1 | F18: CARPETA DENSA | G18: LD69570 | H18: 15 | I18: M3 | J18: HUMBERTO COLIN | K18: COSUM TOLUCA | Q18: 3350 | R18: =CARPETA!$Q18*CARPETA!$E18 -> 3350 | S18: =CARPETA!$R18*16% -> 536 | T18: =CARPETA!$R18+CARPETA!$S18 -> 3886 | U18: CUAJIMALPA 1 | V18: PAGADA | W18: A-1183
A19: 23 | C19: 5586 | D19: 46177 | E19: 1 | F19: CARPETA DENSA | G19: 22BC9R | H19: 15 | I19: M3 | J19: REY DAVID | K19: COSUM TOLUCA | Q19: 3350 | R19: =CARPETA!$Q19*CARPETA!$E19 -> 3350 | S19: =CARPETA!$R19*16% -> 536 | T19: =CARPETA!$R19+CARPETA!$S19 -> 3886 | U19: CUAJIMALPA 1 | V19: PAGADA | W19: A-1183
A20: 23 | C20: 5587 | D20: 46177 | E20: 1 | F20: CARPETA DENSA | G20: MY6927D | H20: 15 | I20: M3 | J20: DANIEL CRUZ | K20: COSUM TOLUCA | Q20: 3350 | R20: =CARPETA!$Q20*CARPETA!$E20 -> 3350 | S20: =CARPETA!$R20*16% -> 536 | T20: =CARPETA!$R20+CARPETA!$S20 -> 3886 | U20: CUAJIMALPA 1 | V20: PAGADA | W20: A-1183
A21: 23 | C21: 5588 | D21: 46177 | E21: 1 | F21: CARPETA DENSA | G21: HE4281J | H21: 15 | I21: M3 | J21: ANASIEL BENITES | K21: COSUM TOLUCA | Q21: 3350 | R21: =CARPETA!$Q21*CARPETA!$E21 -> 3350 | S21: =CARPETA!$R21*16% -> 536 | T21: =CARPETA!$R21+CARPETA!$S21 -> 3886 | U21: CUAJIMALPA 1 | V21: PAGADA | W21: A-1183
A22: 23 | C22: 5589 | D22: 46177 | E22: 1 | F22: CARPETA DENSA | G22: LD58235 | H22: 15 | I22: M3 | J22: CARLOS GUADARRAMA | K22: COSUM TOLUCA | Q22: 3350 | R22: =CARPETA!$Q22*CARPETA!$E22 -> 3350 | S22: =CARPETA!$R22*16% -> 536 | T22: =CARPETA!$R22+CARPETA!$S22 -> 3886 | U22: CUAJIMALPA 1 | V22: PAGADA | W22: A-1183
A23: 23 | C23: 5590 | D23: 46177 | E23: 1 | F23: CARPETA DENSA | G23: LF6443G | H23: 15 | I23: M3 | J23: CARLOS JOAQUIN | K23: COSUM TOLUCA | Q23: 3350 | R23: =CARPETA!$Q23*CARPETA!$E23 -> 3350 | S23: =CARPETA!$R23*16% -> 536 | T23: =CARPETA!$R23+CARPETA!$S23 -> 3886 | U23: CUAJIMALPA 2 | V23: PAGADA | W23: A-1196
A24: 23 | C24: 5591 | D24: 46177 | E24: 1 | F24: CARPETA DENSA | G24: NR0950C | H24: 15 | I24: M3 | J24: ALEJANDRO FLORES | K24: COSUM TOLUCA | Q24: 3350 | R24: =CARPETA!$Q24*CARPETA!$E24 -> 3350 | S24: =CARPETA!$R24*16% -> 536 | T24: =CARPETA!$R24+CARPETA!$S24 -> 3886 | U24: CUAJIMALPA 1 | V24: PAGADA | W24: A-1183
A25: 23 | C25: 5592 | D25: 46177 | E25: 1 | F25: CARPETA DENSA | G25: NE4904D | H25: 15 | I25: M3 | J25: JONATHAN GUTIERREZ | K25: COSUM TOLUCA | Q25: 3350 | R25: =CARPETA!$Q25*CARPETA!$E25 -> 3350 | S25: =CARPETA!$R25*16% -> 536 | T25: =CARPETA!$R25+CARPETA!$S25 -> 3886 | U25: CUAJIMALPA 1 | V25: PAGADA | W25: A-1183
A26: 23 | C26: 5593 | D26: 46177 | E26: 1 | F26: CARPETA DENSA | G26: HB9249J | H26: 15 | I26: M3 | J26: DANIEL SANCHEZ | K26: COSUM TOLUCA | Q26: 3350 | R26: =CARPETA!$Q26*CARPETA!$E26 -> 3350 | S26: =CARPETA!$R26*16% -> 536 | T26: =CARPETA!$R26+CARPETA!$S26 -> 3886 | U26: CUAJIMALPA 1 | V26: PAGADA | W26: A-1183
A27: 23 | C27: 5594 | D27: 46177 | E27: 1 | F27: CARPETA DENSA | G27: LD69570 | H27: 15 | I27: M3 | J27: HUMBERTO COLIN | K27: COSUM TOLUCA | Q27: 3350 | R27: =CARPETA!$Q27*CARPETA!$E27 -> 3350 | S27: =CARPETA!$R27*16% -> 536 | T27: =CARPETA!$R27+CARPETA!$S27 -> 3886 | U27: CUAJIMALPA 1 | V27: PAGADA | W27: A-1183
A28: 23 | C28: S/F | D28: 46177 | E28: 1 | F28: PIPA DE AGUA | H28: 10 | I28: M3 | K28: COSUM TOLUCA | Q28: 4700 | R28: =CARPETA!$Q28*CARPETA!$E28 -> 4700 | S28: =CARPETA!$R28*16% -> 752 | T28: =CARPETA!$R28+CARPETA!$S28 -> 5452 | U28: CUAJIMALPA 1 | V28: PAGADA | W28: A-1183
A29: 23 | C29: 5604 | D29: 46178 | E29: 1 | F29: CARPETA DENSA | G29: 22BC9R | H29: 15 | I29: M3 | J29: REY DAVID | K29: COSUM TOLUCA | Q29: 3350 | R29: =CARPETA!$Q29*CARPETA!$E29 -> 3350 | S29: =CARPETA!$R29*16% -> 536 | T29: =CARPETA!$R29+CARPETA!$S29 -> 3886 | U29: CUAJIMALPA 1 | V29: PAGADA | W29: A-1183
A30: 23 | C30: 5605 | D30: 46178 | E30: 1 | F30: CARPETA DENSA | G30: LD58235 | H30: 15 | I30: M3 | J30: CARLOS GUADARRAMA | K30: COSUM TOLUCA | Q30: 3350 | R30: =CARPETA!$Q30*CARPETA!$E30 -> 3350 | S30: =CARPETA!$R30*16% -> 536 | T30: =CARPETA!$R30+CARPETA!$S30 -> 3886 | U30: CUAJIMALPA 1 | V30: PAGADA | W30: A-1183
A31: 23 | C31: 5606 | D31: 46178 | E31: 1 | F31: CARPETA DENSA | G31: MY6927D | H31: 15 | I31: M3 | J31: DANIEL CRUZ | K31: COSUM TOLUCA | Q31: 3350 | R31: =CARPETA!$Q31*CARPETA!$E31 -> 3350 | S31: =CARPETA!$R31*16% -> 536 | T31: =CARPETA!$R31+CARPETA!$S31 -> 3886 | U31: CUAJIMALPA 1 | V31: PAGADA | W31: A-1183
A32: 23 | C32: 5607 | D32: 46178 | E32: 1 | F32: CARPETA DENSA | G32: HE4281J | H32: 15 | I32: M3 | J32: ANASIEL BENITES | K32: COSUM TOLUCA | Q32: 3350 | R32: =CARPETA!$Q32*CARPETA!$E32 -> 3350 | S32: =CARPETA!$R32*16% -> 536 | T32: =CARPETA!$R32+CARPETA!$S32 -> 3886 | U32: CUAJIMALPA 1 | V32: PAGADA | W32: A-1183
A33: 23 | C33: 5608 | D33: 46178 | E33: 1 | F33: CARPETA DENSA | G33: NR0950C | H33: 15 | I33: M3 | J33: ALEJANDRO FLORES | K33: COSUM TOLUCA | Q33: 3350 | R33: =CARPETA!$Q33*CARPETA!$E33 -> 3350 | S33: =CARPETA!$R33*16% -> 536 | T33: =CARPETA!$R33+CARPETA!$S33 -> 3886 | U33: CUAJIMALPA 1 | V33: PAGADA | W33: A-1183
A34: 23 | C34: 5609 | D34: 46178 | E34: 1 | F34: CARPETA DENSA | G34: HB9249J | H34: 15 | I34: M3 | J34: DANIEL SANCHEZ | K34: COSUM TOLUCA | Q34: 3350 | R34: =CARPETA!$Q34*CARPETA!$E34 -> 3350 | S34: =CARPETA!$R34*16% -> 536 | T34: =CARPETA!$R34+CARPETA!$S34 -> 3886 | U34: CUAJIMALPA 1 | V34: PAGADA | W34: A-1183
A35: 23 | C35: 5610 | D35: 46178 | E35: 1 | F35: CARPETA DENSA | G35: LD69570 | H35: 15 | I35: M3 | J35: HUMBERTO COLIN | K35: COSUM TOLUCA | Q35: 3350 | R35: =CARPETA!$Q35*CARPETA!$E35 -> 3350 | S35: =CARPETA!$R35*16% -> 536 | T35: =CARPETA!$R35+CARPETA!$S35 -> 3886 | U35: CUAJIMALPA 1 | V35: PAGADA | W35: A-1183
A36: 23 | C36: 5611 | D36: 46178 | E36: 1 | F36: CARPETA DENSA | G36: MY7968B | H36: 15 | I36: M3 | J36: JORGE GARCIA | K36: COSUM TOLUCA | Q36: 3350 | R36: =CARPETA!$Q36*CARPETA!$E36 -> 3350 | S36: =CARPETA!$R36*16% -> 536 | T36: =CARPETA!$R36+CARPETA!$S36 -> 3886 | U36: CUAJIMALPA 1 | V36: PAGADA | W36: A-1183
A37: 23 | C37: 5612 | D37: 46178 | E37: 1 | F37: CARPETA DENSA | G37: LF6443G | H37: 15 | I37: M3 | J37: CARLOS JOAQUIN | K37: COSUM TOLUCA | Q37: 3350 | R37: =CARPETA!$Q37*CARPETA!$E37 -> 3350 | S37: =CARPETA!$R37*16% -> 536 | T37: =CARPETA!$R37+CARPETA!$S37 -> 3886 | U37: CUAJIMALPA 2 | V37: PAGADA | W37: A-1196
A38: 23 | C38: 5613 | D38: 46178 | E38: 1 | F38: CARPETA DENSA | G38: NB1258D | H38: 15 | I38: M3 | J38: SANTOS SOTERO | K38: COSUM TOLUCA | Q38: 3350 | R38: =CARPETA!$Q38*CARPETA!$E38 -> 3350 | S38: =CARPETA!$R38*16% -> 536 | T38: =CARPETA!$R38+CARPETA!$S38 -> 3886 | U38: CUAJIMALPA 1 | V38: PAGADA | W38: A-1183
A39: 23 | C39: s/f | D39: 46178 | E39: 1 | F39: PIPA DE AGUA | G39: KR-9352-A | H39: 10 | I39: M3 | J39: ROBERTO ONOFRE | K39: COSUM TOLUCA | Q39: 4500 | R39: =CARPETA!$Q39*CARPETA!$E39 -> 4500 | S39: =CARPETA!$R39*16% -> 720 | T39: =CARPETA!$R39+CARPETA!$S39 -> 5220 | U39: CUAJIMALPA 2 | V39: PAGADA | W39: A-1196
A40: 24 | C40: 5626 | D40: 46181 | E40: 1 | F40: CARPETA DENSA | G40: LD5835 | H40: 15 | I40: M3 | J40: CARLOS GUADARRAMA | K40: COSUM TOLUCA | Q40: 3350 | R40: =CARPETA!$Q40*CARPETA!$E40 -> 3350 | S40: =CARPETA!$R40*16% -> 536 | T40: =CARPETA!$R40+CARPETA!$S40 -> 3886 | U40: CUAJIMALPA 2 | V40: PAGADA | W40: A-1196
A41: 24 | C41: 5627 | D41: 46181 | E41: 1 | F41: CARPETA DENSA | G41: 22BC9R | H41: 15 | I41: M3 | J41: REY DAVID | K41: COSUM TOLUCA | Q41: 3350 | R41: =CARPETA!$Q41*CARPETA!$E41 -> 3350 | S41: =CARPETA!$R41*16% -> 536 | T41: =CARPETA!$R41+CARPETA!$S41 -> 3886 | U41: CUAJIMALPA 2 | V41: PAGADA | W41: A-1196
A42: 24 | C42: 5628 | D42: 46181 | E42: 1 | F42: CARPETA DENSA | G42: MY7967B | H42: 15 | I42: M3 | J42: DANIEL CRUZ | K42: COSUM TOLUCA | Q42: 3350 | R42: =CARPETA!$Q42*CARPETA!$E42 -> 3350 | S42: =CARPETA!$R42*16% -> 536 | T42: =CARPETA!$R42+CARPETA!$S42 -> 3886 | U42: CUAJIMALPA 2 | V42: PAGADA | W42: A-1196
A43: 24 | C43: 5629 | D43: 46181 | E43: 1 | F43: CARPETA DENSA | G43: HE4281J | H43: 15 | I43: M3 | J43: ANASIEL BENITEZ | K43: COSUM TOLUCA | Q43: 3350 | R43: =CARPETA!$Q43*CARPETA!$E43 -> 3350 | S43: =CARPETA!$R43*16% -> 536 | T43: =CARPETA!$R43+CARPETA!$S43 -> 3886 | U43: CUAJIMALPA 2 | V43: PAGADA | W43: A-1196
A44: 24 | C44: 5630 | D44: 46181 | E44: 1 | F44: CARPETA DENSA | G44: MY7967B | H44: 15 | I44: M3 | J44: JORGE GARCIA | K44: COSUM TOLUCA | Q44: 3350 | R44: =CARPETA!$Q44*CARPETA!$E44 -> 3350 | S44: =CARPETA!$R44*16% -> 536 | T44: =CARPETA!$R44+CARPETA!$S44 -> 3886 | U44: CUAJIMALPA 2 | V44: PAGADA | W44: A-1196
A45: 24 | C45: 5631 | D45: 46181 | E45: 1 | F45: CARPETA DENSA | G45: NR0950C | H45: 15 | I45: M3 | J45: ALEJANDRO FLORES | K45: COSUM TOLUCA | Q45: 3350 | R45: =CARPETA!$Q45*CARPETA!$E45 -> 3350 | S45: =CARPETA!$R45*16% -> 536 | T45: =CARPETA!$R45+CARPETA!$S45 -> 3886 | U45: CUAJIMALPA 2 | V45: PAGADA | W45: A-1196
A46: 24 | C46: 5664 | D46: 46184 | E46: 1 | F46: CARPETA DENSA | G46: LD5835 | H46: 15 | I46: M3 | J46: CARLOS GUADARRAMA | K46: COSUM TOLUCA | Q46: 4020 | R46: =CARPETA!$Q46*CARPETA!$E46 -> 4020 | S46: =CARPETA!$R46*16% -> 643.2 | T46: =CARPETA!$R46+CARPETA!$S46 -> 4663.2 | U46: CUAJIMALPA 2 | V46: PAGADA | W46: A-1196
A47: 24 | C47: 5665 | D47: 46184 | E47: 1 | F47: CARPETA DENSA | G47: 22BC9R | H47: 15 | I47: M3 | J47: REY DAVID | K47: COSUM TOLUCA | Q47: 4020 | R47: =CARPETA!$Q47*CARPETA!$E47 -> 4020 | S47: =CARPETA!$R47*16% -> 643.2 | T47: =CARPETA!$R47+CARPETA!$S47 -> 4663.2 | U47: CUAJIMALPA 2 | V47: PAGADA | W47: A-1196
A48: 24 | C48: 5666 | D48: 46184 | E48: 1 | F48: CARPETA DENSA | G48: MY7967B | H48: 15 | I48: M3 | J48: DANIEL CRUZ | K48: COSUM TOLUCA | Q48: 4020 | R48: =CARPETA!$Q48*CARPETA!$E48 -> 4020 | S48: =CARPETA!$R48*16% -> 643.2 | T48: =CARPETA!$R48+CARPETA!$S48 -> 4663.2 | U48: CUAJIMALPA 2 | V48: PAGADA | W48: A-1196
A49: 24 | C49: 5667 | D49: 46184 | E49: 1 | F49: CARPETA DENSA | G49: HD57440 | H49: 15 | I49: M3 | J49: RAMIRO HERNANDEZ | K49: COSUM TOLUCA | Q49: 4020 | R49: =CARPETA!$Q49*CARPETA!$E49 -> 4020 | S49: =CARPETA!$R49*16% -> 643.2 | T49: =CARPETA!$R49+CARPETA!$S49 -> 4663.2 | U49: CUAJIMALPA 2 | V49: PAGADA | W49: A-1196
A50: 24 | C50: 5668 | D50: 46184 | E50: 1 | F50: CARPETA DENSA | G50: HE4281J | H50: 15 | I50: M3 | J50: ANASIEL BENITEZ | K50: COSUM TOLUCA | Q50: 4020 | R50: =CARPETA!$Q50*CARPETA!$E50 -> 4020 | S50: =CARPETA!$R50*16% -> 643.2 | T50: =CARPETA!$R50+CARPETA!$S50 -> 4663.2 | U50: CUAJIMALPA 2 | V50: PAGADA | W50: A-1196
A51: 24 | C51: 5669 | D51: 46184 | E51: 1 | F51: CARPETA DENSA | G51: 43BD6E | H51: 15 | I51: M3 | J51: VICTOR GONZALEZ | K51: COSUM ARIEL | P51: HUIXQUILUCAN PLANTA | Q51: 5900 | R51: =CARPETA!$Q51*CARPETA!$E51 -> 5900 | S51: =CARPETA!$R51*16% -> 944 | T51: =CARPETA!$R51+CARPETA!$S51 -> 6844 | U51: CORTE 04/07/2026
A52: 24 | C52: 5670 | D52: 46184 | E52: 1 | F52: CARPETA DENSA | G52: 73BG10 | H52: 15 | I52: M3 | J52: EDWIN TEPOZON ESCOBAR | K52: COSUM ARIEL | P52: HUIXQUILUCAN PLANTA | Q52: 5900 | R52: =CARPETA!$Q52*CARPETA!$E52 -> 5900 | S52: =CARPETA!$R52*16% -> 944 | T52: =CARPETA!$R52+CARPETA!$S52 -> 6844 | U52: CORTE 04/07/2026
A53: 24 | C53: 5671 | D53: 46185 | E53: 1 | F53: CARPETA DENSA | G53: 02BG7T | H53: 15 | I53: M3 | J53: CESAR GUTIERREZ | K53: COSUM ARIEL | P53: HUIXQUILUCAN PLANTA | Q53: 5900 | R53: =CARPETA!$Q53*CARPETA!$E53 -> 5900 | S53: =CARPETA!$R53*16% -> 944 | T53: =CARPETA!$R53+CARPETA!$S53 -> 6844 | U53: CORTE 04/07/2026
A54: 24 | C54: 5672 | D54: 46184 | E54: 1 | F54: CARPETA DENSA | G54: 120AJ3 | H54: 15 | I54: M3 | J54: CESAR GUTIERREZ | K54: COSUM ARIEL | P54: HUIXQUILUCAN PLANTA | Q54: 5900 | R54: =CARPETA!$Q54*CARPETA!$E54 -> 5900 | S54: =CARPETA!$R54*16% -> 944 | T54: =CARPETA!$R54+CARPETA!$S54 -> 6844 | U54: CORTE 04/07/2026
A55: 24 | C55: 5673 | D55: 46185 | E55: 1 | F55: CARPETA DENSA | G55: 94AC5F | H55: 15 | I55: M3 | J55: HUGO GUTIERREZ | K55: COSUM ARIEL | P55: HUIXQUILUCAN PLANTA | Q55: 5900 | R55: =CARPETA!$Q55*CARPETA!$E55 -> 5900 | S55: =CARPETA!$R55*16% -> 944 | T55: =CARPETA!$R55+CARPETA!$S55 -> 6844 | U55: CORTE 04/07/2026
A56: 24 | C56: 5674 | D56: 46185 | E56: 1 | F56: CARPETA DENSA | G56: LF41892 | H56: 15 | I56: M3 | J56: LUCIO CAXNAJOY | K56: COSUM ARIEL | P56: HUIXQUILUCAN PLANTA | Q56: 5900 | R56: =CARPETA!$Q56*CARPETA!$E56 -> 5900 | S56: =CARPETA!$R56*16% -> 944 | T56: =CARPETA!$R56+CARPETA!$S56 -> 6844 | U56: CORTE 04/07/2026
A57: 24 | C57: 5675 | D57: 46185 | E57: 1 | F57: CARPETA DENSA | G57: LC45753 | H57: 15 | I57: M3 | J57: CESAR GRANADOS | K57: COSUM ARIEL | P57: HUIXQUILUCAN PLANTA | Q57: 5900 | R57: =CARPETA!$Q57*CARPETA!$E57 -> 5900 | S57: =CARPETA!$R57*16% -> 944 | T57: =CARPETA!$R57+CARPETA!$S57 -> 6844 | U57: CORTE 04/07/2026
A58: 24 | C58: 5676 | D58: 46185 | E58: 1 | F58: CARPETA DENSA | G58: KP5325A | H58: 15 | I58: M3 | J58: BRANDOM GRANADOS | K58: COSUM ARIEL | P58: HUIXQUILUCAN PLANTA | Q58: 5900 | R58: =CARPETA!$Q58*CARPETA!$E58 -> 5900 | S58: =CARPETA!$R58*16% -> 944 | T58: =CARPETA!$R58+CARPETA!$S58 -> 6844 | U58: CORTE 04/07/2026
A59: 24 | C59: 5677 | D59: 46185 | E59: 1 | F59: CARPETA DENSA | G59: NR0950C | H59: 15 | I59: M3 | J59: ALEJANDRO FLORES | K59: COSUM TOLUCA | Q59: 4020 | R59: =CARPETA!$Q59*CARPETA!$E59 -> 4020 | S59: =CARPETA!$R59*16% -> 643.2 | T59: =CARPETA!$R59+CARPETA!$S59 -> 4663.2 | U59: CUAJIMALPA 2 | V59: PAGADA | W59: A-1196
A60: 24 | C60: 5678 | D60: 46185 | E60: 1 | F60: CARPETA DENSA | G60: MY7967B | H60: 15 | I60: M3 | J60: ENRIQUE TORRES | K60: COSUM TOLUCA | Q60: 4020 | R60: =CARPETA!$Q60*CARPETA!$E60 -> 4020 | S60: =CARPETA!$R60*16% -> 643.2 | T60: =CARPETA!$R60+CARPETA!$S60 -> 4663.2 | U60: CUAJIMALPA 2 | V60: PAGADA | W60: A-1196
A61: 24 | C61: 5679 | D61: 46185 | E61: 1 | F61: CARPETA DENSA | G61: NB1288D | H61: 15 | I61: M3 | J61: SANROS SOTERO | K61: COSUM TOLUCA | Q61: 4020 | R61: =CARPETA!$Q61*CARPETA!$E61 -> 4020 | S61: =CARPETA!$R61*16% -> 643.2 | T61: =CARPETA!$R61+CARPETA!$S61 -> 4663.2 | U61: CUAJIMALPA 2 | V61: PAGADA | W61: A-1196
A62: 24 | B62: 1 | C62: 5680 | D62: 46185 | E62: 1 | F62: ASFALTO | G62: LD5835 | H62: 14 | I62: M3 | J62: CARLOS GUADARRAMA | K62: COSUM TOLUCA | L62: 35+000 | M62: 34+970 | Q62: 4205 | R62: =CARPETA!$Q62*CARPETA!$E62 -> 4205 | S62: =CARPETA!$R62*16% -> 672.8 | T62: =CARPETA!$R62+CARPETA!$S62 -> 4877.8 | U62: MARQUESA 1 | V62: PAGADA | W62: A-1183
A63: 24 | B63: 2 | C63: 5681 | D63: 46185 | E63: 1 | F63: ASFALTO | G63: ZZBC9R | H63: 14 | I63: M3 | J63: DAVID | K63: COSUM TOLUCA | L63: 34+970 | M63: 34+940 | Q63: 4205 | R63: =CARPETA!$Q63*CARPETA!$E63 -> 4205 | S63: =CARPETA!$R63*16% -> 672.8 | T63: =CARPETA!$R63+CARPETA!$S63 -> 4877.8 | U63: MARQUESA 1 | V63: PAGADA | W63: A-1183
A64: 24 | B64: 9 | C64: 5682 | D64: 46185 | E64: 1 | F64: ASFALTO | G64: MY7967B | H64: 15 | I64: M3 | J64: DANIEL CRUZ | K64: COSUM TOLUCA | L64: - | M64: - | P64: CAMION SE CARGO PERO SE REGRESO POR FALLAS DEL CAMION, ESTA NOTA NO SE COBRA | R64: =CARPETA!$Q64*CARPETA!$E64 -> 0 | S64: =CARPETA!$R64*16% -> 0 | T64: =CARPETA!$R64+CARPETA!$S64 -> 0 | V64: NO SE COBRA VIAJE
A65: 24 | B65: 8 | C65: 5683 | D65: 46185 | E65: 1 | F65: CARPETA DENSA | G65: HC1281J | H65: 14 | I65: M3 | J65: ARIEL BECERRIL | K65: COSUM TOLUCA | L65: 34+760 | M65: 34+730 | Q65: 4205 | R65: =CARPETA!$Q65*CARPETA!$E65 -> 4205 | S65: =CARPETA!$R65*16% -> 672.8 | T65: =CARPETA!$R65+CARPETA!$S65 -> 4877.8 | U65: MARQUESA 1 | W65: A-1183
A66: 24 | B66: 7 | C66: 5684 | D66: 46185 | E66: 1 | F66: CARPETA DENSA | G66: HD57440 | H66: 14 | I66: M3 | J66: RAMIRO HERNANDEZ | K66: COSUM TOLUCA | L66: 34+790 | M66: 34+760 | Q66: 4205 | R66: =CARPETA!$Q66*CARPETA!$E66 -> 4205 | S66: =CARPETA!$R66*16% -> 672.8 | T66: =CARPETA!$R66+CARPETA!$S66 -> 4877.8 | U66: MARQUESA 1 | W66: A-1183
A67: 24 | B67: 4 | C67: 5685 | D67: 46185 | E67: 1 | F67: CARPETA DENSA | G67: NR0950C | H67: 14 | I67: M3 | J67: ALEJANDRO FLORES | K67: COSUM TOLUCA | L67: 34+905 | M67: 34+870 | Q67: 4205 | R67: =CARPETA!$Q67*CARPETA!$E67 -> 4205 | S67: =CARPETA!$R67*16% -> 672.8 | T67: =CARPETA!$R67+CARPETA!$S67 -> 4877.8 | U67: MARQUESA 1 | W67: A-1183
A68: 24 | B68: 3 | C68: 5686 | D68: 46185 | E68: 1 | F68: CARPETA DENSA | G68: MY7967B | H68: 14 | I68: M3 | J68: ENRIQUE TORRES | K68: COSUM TOLUCA | L68: 34+940 | M68: 34+905 | Q68: 4205 | R68: =CARPETA!$Q68*CARPETA!$E68 -> 4205 | S68: =CARPETA!$R68*16% -> 672.8 | T68: =CARPETA!$R68+CARPETA!$S68 -> 4877.8 | U68: MARQUESA 1 | W68: A-1183
A69: 24 | B69: 5 | C69: 5687 | D69: 46185 | E69: 1 | F69: CARPETA DENSA | G69: NB1288D | H69: 14 | I69: M3 | J69: SANROS SOTERO | K69: COSUM TOLUCA | L69: 34+870 | M69: 34+830 | Q69: 4205 | R69: =CARPETA!$Q69*CARPETA!$E69 -> 4205 | S69: =CARPETA!$R69*16% -> 672.8 | T69: =CARPETA!$R69+CARPETA!$S69 -> 4877.8 | U69: MARQUESA 1 | W69: A-1183
A70: 24 | B70: 6 | C70: 5688 | D70: 46185 | E70: 1 | F70: CARPETA DENSA | G70: MY7967B | H70: 14 | I70: M3 | J70: JORGE GARCIA | K70: COSUM TOLUCA | L70: 34+830 | M70: 34+790 | Q70: 4205 | R70: =CARPETA!$Q70*CARPETA!$E70 -> 4205 | S70: =CARPETA!$R70*16% -> 672.8 | T70: =CARPETA!$R70+CARPETA!$S70 -> 4877.8 | U70: MARQUESA 1 | W70: A-1183
A71: 24 | C71: S/F | D71: 46185 | E71: 1 | F71: PIPA DE AGUA | G71: KR-9352-A | H71: 10 | I71: M3 | J71: ROBERTO ONOFRE | K71: COSUM TOLUCA | Q71: 4500 | R71: =CARPETA!$Q71*CARPETA!$E71 -> 4500 | S71: =CARPETA!$R71*16% -> 720 | T71: =CARPETA!$R71+CARPETA!$S71 -> 5220 | U71: CUAJIMALPA 2 | V71: PAGADA | W71: A-1196
A72: 24 | C72: 5689 | D72: 46186 | E72: 1 | F72: CARPETA DENSA | G72: 17AN4C | H72: 15 | I72: M3 | J72: ERICK GUTIERREZ | K72: COSUM ARIEL | P72: HUIXQUILUCAN PLANTA | Q72: 5900 | R72: =CARPETA!$Q72*CARPETA!$E72 -> 5900 | S72: =CARPETA!$R72*16% -> 944 | T72: =CARPETA!$R72+CARPETA!$S72 -> 6844 | U72: CORTE 04/07/2026
A73: 24 | C73: 5690 | D73: 46186 | E73: 1 | F73: CARPETA DENSA | G73: 94AC5F | H73: 15 | I73: M3 | J73: HUGO GUTIERREZ | K73: COSUM ARIEL | P73: HUIXQUILUCAN PLANTA | Q73: 5900 | R73: =CARPETA!$Q73*CARPETA!$E73 -> 5900 | S73: =CARPETA!$R73*16% -> 944 | T73: =CARPETA!$R73+CARPETA!$S73 -> 6844 | U73: CORTE 04/07/2026
A74: 24 | C74: 5691 | D74: 46186 | E74: 1 | F74: CARPETA DENSA | G74: 98BM8P | H74: 15 | I74: M3 | J74: BERNABE GUTIERREZ | K74: COSUM ARIEL | P74: HUIXQUILUCAN PLANTA | Q74: 5900 | R74: =CARPETA!$Q74*CARPETA!$E74 -> 5900 | S74: =CARPETA!$R74*16% -> 944 | T74: =CARPETA!$R74+CARPETA!$S74 -> 6844 | U74: CORTE 04/07/2026
A75: 24 | C75: 5692 | D75: 46186 | E75: 1 | F75: CARPETA DENSA | G75: LG01321 | H75: 15 | I75: M3 | J75: JULIO RESENDIZ | K75: COSUM ARIEL | P75: HUIXQUILUCAN PLANTA | Q75: 5900 | R75: =CARPETA!$Q75*CARPETA!$E75 -> 5900 | S75: =CARPETA!$R75*16% -> 944 | T75: =CARPETA!$R75+CARPETA!$S75 -> 6844 | U75: CORTE 04/07/2026
A76: 24 | C76: 5693 | D76: 46186 | E76: 1 | F76: CARPETA DENSA | G76: NS1640C | H76: 15 | I76: M3 | J76: ORLANDO GUTIERREZ | K76: COSUM ARIEL | P76: HUIXQUILUCAN PLANTA | Q76: 5900 | R76: =CARPETA!$Q76*CARPETA!$E76 -> 5900 | S76: =CARPETA!$R76*16% -> 944 | T76: =CARPETA!$R76+CARPETA!$S76 -> 6844 | U76: CORTE 04/07/2026
A77: 24 | C77: 5694 | D77: 46186 | E77: 1 | F77: CARPETA DENSA | G77: LC45753 | H77: 15 | I77: M3 | J77: CESAR GRANADOS | K77: COSUM ARIEL | P77: HUIXQUILUCAN PLANTA | Q77: 5900 | R77: =CARPETA!$Q77*CARPETA!$E77 -> 5900 | S77: =CARPETA!$R77*16% -> 944 | T77: =CARPETA!$R77+CARPETA!$S77 -> 6844 | U77: CORTE 04/07/2026
A78: 24 | C78: 5695 | D78: 46186 | E78: 1 | F78: VIAJE EN FALSO | G78: 73BG10 | H78: 0 | I78: M3 | J78: VIAJE EN FALSO | K78: COSUM ARIEL | P78: HUIXQUILUCAN PLANTA | Q78: 2950 | R78: =CARPETA!$Q78*CARPETA!$E78 -> 2950 | S78: =CARPETA!$R78*16% -> 472 | T78: =CARPETA!$R78+CARPETA!$S78 -> 3422 | U78: CORTE 04/07/2026
A79: 24 | C79: 5696 | D79: 46186 | E79: 1 | F79: VIAJE EN FALSO | G79: ND5931C | H79: 0 | I79: M3 | J79: VIAJE EN FALSO | K79: COSUM ARIEL | P79: HUIXQUILUCAN PLANTA | Q79: 2950 | R79: =CARPETA!$Q79*CARPETA!$E79 -> 2950 | S79: =CARPETA!$R79*16% -> 472 | T79: =CARPETA!$R79+CARPETA!$S79 -> 3422 | U79: CORTE 04/07/2026
A80: 24 | C80: 5697 | D80: 46186 | E80: 1 | F80: VIAJE EN FALSO | G80: NH16062 | H80: 0 | I80: M3 | J80: VIAJE EN FALSO | K80: COSUM TOLUCA | Q80: 4020 | R80: =CARPETA!$Q80*CARPETA!$E80 -> 4020 | S80: =CARPETA!$R80*16% -> 643.2 | T80: =CARPETA!$R80+CARPETA!$S80 -> 4663.2 | U80: CUAJIMALPA 2 | V80: PAGADA | W80: A-1196
A81: 24 | C81: 5698 | D81: 46186 | E81: 1 | F81: VIAJE EN FALSO | G81: MY7967B | H81: 0 | I81: M3 | J81: VIAJE EN FALSO | K81: COSUM TOLUCA | Q81: 4020 | R81: =CARPETA!$Q81*CARPETA!$E81 -> 4020 | S81: =CARPETA!$R81*16% -> 643.2 | T81: =CARPETA!$R81+CARPETA!$S81 -> 4663.2 | U81: CUAJIMALPA 2 | V81: PAGADA | W81: A-1196
A82: 24 | C82: 5699 | D82: 46186 | E82: 1 | F82: VIAJE EN FALSO | G82: 22BC9R | H82: 0 | I82: M3 | J82: VIAJE EN FALSO | K82: COSUM TOLUCA | Q82: 4020 | R82: =CARPETA!$Q82*CARPETA!$E82 -> 4020 | S82: =CARPETA!$R82*16% -> 643.2 | T82: =CARPETA!$R82+CARPETA!$S82 -> 4663.2 | U82: CUAJIMALPA 2 | V82: PAGADA | W82: A-1196
A83: 24 | C83: 5700 | D83: 46186 | E83: 1 | F83: VIAJE EN FALSO | G83: HE4281J | H83: 0 | I83: M3 | J83: VIAJE EN FALSO | K83: COSUM TOLUCA | Q83: 4020 | R83: =CARPETA!$Q83*CARPETA!$E83 -> 4020 | S83: =CARPETA!$R83*16% -> 643.2 | T83: =CARPETA!$R83+CARPETA!$S83 -> 4663.2 | U83: CUAJIMALPA 2 | V83: PAGADA | W83: A-1196
A84: 24 | C84: 5701 | D84: 46186 | E84: 1 | F84: VIAJE EN FALSO | G84: HD57440 | H84: 0 | I84: M3 | J84: VIAJE EN FALSO | K84: COSUM TOLUCA | Q84: 4020 | R84: =CARPETA!$Q84*CARPETA!$E84 -> 4020 | S84: =CARPETA!$R84*16% -> 643.2 | T84: =CARPETA!$R84+CARPETA!$S84 -> 4663.2 | U84: CUAJIMALPA 2 | V84: PAGADA | W84: A-1196
A85: 24 | C85: 5702 | D85: 46186 | E85: 1 | F85: VIAJE EN FALSO | G85: NR0950C | H85: 0 | I85: M3 | J85: VIAJE EN FALSO | K85: COSUM TOLUCA | Q85: 4020 | R85: =CARPETA!$Q85*CARPETA!$E85 -> 4020 | S85: =CARPETA!$R85*16% -> 643.2 | T85: =CARPETA!$R85+CARPETA!$S85 -> 4663.2 | U85: CUAJIMALPA 2 | V85: PAGADA | W85: A-1196
A86: 24 | C86: 5703 | D86: 46186 | E86: 1 | F86: VIAJE EN FALSO | G86: LD5835 | H86: 0 | I86: M3 | J86: VIAJE EN FALSO | K86: COSUM TOLUCA | Q86: 4020 | R86: =CARPETA!$Q86*CARPETA!$E86 -> 4020 | S86: =CARPETA!$R86*16% -> 643.2 | T86: =CARPETA!$R86+CARPETA!$S86 -> 4663.2 | U86: CUAJIMALPA 2 | V86: PAGADA | W86: A-1196
A87: 25 | B87: 1 | C87: 5704 | D87: 46188 | E87: 1 | F87: CARPETA | G87: 22BC9R | H87: 14 | J87: REY DAVID | K87: COSUM TOLUCA | L87: 37+730 | M87: 37+707 | Q87: 4205 | R87: =CARPETA!$Q87*CARPETA!$E87 -> 4205 | S87: =CARPETA!$R87*16% -> 672.8 | T87: =CARPETA!$R87+CARPETA!$S87 -> 4877.8 | U87: MARQUESA 2 | V87: PAGADA | W87: A-1205
A88: 25 | B88: 2 | C88: 5705 | D88: 46188 | E88: 1 | F88: CARPETA | G88: HE-4281-J | H88: 14 | J88: DANIEL CRUZ | K88: COSUM TOLUCA | L88: 37+707 | M88: 37+675 | Q88: 4205 | R88: =CARPETA!$Q88*CARPETA!$E88 -> 4205 | S88: =CARPETA!$R88*16% -> 672.8 | T88: =CARPETA!$R88+CARPETA!$S88 -> 4877.8 | U88: MARQUESA 2 | V88: PAGADA | W88: A-1205
A89: 25 | B89: 3 | C89: 5706 | D89: 46188 | E89: 1 | F89: CARPETA | G89: NJ6644D | H89: 14 | J89: RAMIRO HERNANDEZ | K89: COSUM TOLUCA | L89: 37+640 | M89: 37+609 | Q89: 4205 | R89: =CARPETA!$Q89*CARPETA!$E89 -> 4205 | S89: =CARPETA!$R89*16% -> 672.8 | T89: =CARPETA!$R89+CARPETA!$S89 -> 4877.8 | U89: MARQUESA 2 | V89: PAGADA | W89: A-1205
A90: 25 | B90: 4 | C90: 5707 | D90: 46188 | E90: 1 | F90: CARPETA | G90: HD-57440 | H90: 14 | J90: RAMIRO HERNANDEZ | K90: COSUM TOLUCA | L90: 37+675 | M90: 37+640 | Q90: 4205 | R90: =CARPETA!$Q90*CARPETA!$E90 -> 4205 | S90: =CARPETA!$R90*16% -> 672.8 | T90: =CARPETA!$R90+CARPETA!$S90 -> 4877.8 | U90: MARQUESA 2 | V90: PAGADA | W90: A-1205
A91: 25 | B91: 5 | C91: 5708 | D91: 46188 | E91: 1 | F91: CARPETA | G91: NY-7967-B | H91: 14 | J91: ENRIQUE TORRES | K91: COSUM TOLUCA | L91: 37+609 | M91: 37+575 | Q91: 4205 | R91: =CARPETA!$Q91*CARPETA!$E91 -> 4205 | S91: =CARPETA!$R91*16% -> 672.8 | T91: =CARPETA!$R91+CARPETA!$S91 -> 4877.8 | U91: MARQUESA 2 | V91: PAGADA | W91: A-1205
A92: 25 | B92: 6 | C92: 5709 | D92: 46188 | E92: 1 | F92: CARPETA | G92: LD3823S | H92: 14 | J92: CARLOS GUADARRAMA | K92: COSUM TOLUCA | L92: 37+480 | M92: 37+440 | Q92: 4205 | R92: =CARPETA!$Q92*CARPETA!$E92 -> 4205 | S92: =CARPETA!$R92*16% -> 672.8 | T92: =CARPETA!$R92+CARPETA!$S92 -> 4877.8 | U92: MARQUESA 2 | V92: PAGADA | W92: A-1205
A93: 25 | B93: 7 | C93: 5710 | D93: 46188 | E93: 1 | F93: CARPETA | G93: NB1258D | H93: 14 | J93: SANTOS O | K93: COSUM TOLUCA | L93: 37+575 | M93: 37+538 | Q93: 4205 | R93: =CARPETA!$Q93*CARPETA!$E93 -> 4205 | S93: =CARPETA!$R93*16% -> 672.8 | T93: =CARPETA!$R93+CARPETA!$S93 -> 4877.8 | U93: MARQUESA 2 | V93: PAGADA | W93: A-1205
A94: 25 | B94: 8 | C94: 5711 | D94: 46188 | E94: 1 | F94: CARPETA | G94: NR0950C | H94: 14 | J94: ALEJANDRO FLORES | K94: COSUM TOLUCA | L94: 37+530 | M94: 37+508 | Q94: 4205 | R94: =CARPETA!$Q94*CARPETA!$E94 -> 4205 | S94: =CARPETA!$R94*16% -> 672.8 | T94: =CARPETA!$R94+CARPETA!$S94 -> 4877.8 | U94: MARQUESA 2 | V94: PAGADA | W94: A-1205
A95: 25 | B95: 9 | C95: 5712 | D95: 46188 | E95: 1 | F95: CARPETA | G95: LF64430 | H95: 14 | J95: CARLOS JOAQUIN | K95: COSUM TOLUCA | L95: 37+508 | M95: 37+488 | Q95: 4205 | R95: =CARPETA!$Q95*CARPETA!$E95 -> 4205 | S95: =CARPETA!$R95*16% -> 672.8 | T95: =CARPETA!$R95+CARPETA!$S95 -> 4877.8 | U95: MARQUESA 2 | V95: PAGADA | W95: A-1205
A96: 25 | B96: 10 | C96: 5713 | D96: 46188 | E96: 1 | F96: CARPETA | G96: HE-4281-J | H96: 14 | J96: DANIEL CRUZ | K96: COSUM TOLUCA | L96: 37+440 | M96: 34+410 | Q96: 4205 | R96: =CARPETA!$Q96*CARPETA!$E96 -> 4205 | S96: =CARPETA!$R96*16% -> 672.8 | T96: =CARPETA!$R96+CARPETA!$S96 -> 4877.8 | U96: MARQUESA 2 | V96: PAGADA | W96: A-1205
A97: 25 | B97: 11 | C97: 5714 | D97: 46188 | E97: 1 | F97: CARPETA | G97: 22BC9R | H97: 14 | J97: REY DAVID | K97: COSUM TOLUCA | L97: 37+410 | M97: 37+375 | Q97: 4205 | R97: =CARPETA!$Q97*CARPETA!$E97 -> 4205 | S97: =CARPETA!$R97*16% -> 672.8 | T97: =CARPETA!$R97+CARPETA!$S97 -> 4877.8 | U97: MARQUESA 2 | V97: PAGADA | W97: A-1205
A98: 25 | B98: 12 | C98: 5715 | D98: 46188 | E98: 1 | F98: CARPETA | G98: NY-7967-B | H98: 14 | J98: ENRIQUE TORRES | K98: COSUM TOLUCA | L98: 37+375 | M98: 37+355 | Q98: 4205 | R98: =CARPETA!$Q98*CARPETA!$E98 -> 4205 | S98: =CARPETA!$R98*16% -> 672.8 | T98: =CARPETA!$R98+CARPETA!$S98 -> 4877.8 | U98: MARQUESA 2 | V98: PAGADA | W98: A-1205
A99: 25 | C99: 5716 | D99: 46188 | E99: 1 | F99: REGRESO CAMION | G99: NB1258D | H99: 14 | K99: COSUM TOLUCA | Q99: 1000 | R99: =CARPETA!$Q99*CARPETA!$E99 -> 1000 | S99: =CARPETA!$R99*16% -> 160 | T99: =CARPETA!$R99+CARPETA!$S99 -> 1160 | U99: MARQUESA 2 | V99: PAGADA | W99: A-1205
A100: 25 | C100: 5717 | D100: 46188 | E100: 1 | F100: REGRESO CAMION | G100: NJ6644D | H100: 14 | K100: COSUM TOLUCA | Q100: 1000 | R100: =CARPETA!$Q100*CARPETA!$E100 -> 1000 | S100: =CARPETA!$R100*16% -> 160 | T100: =CARPETA!$R100+CARPETA!$S100 -> 1160 | U100: MARQUESA 2 | V100: PAGADA | W100: A-1205
...

Sheet Tabla dinámica 4

Sheet VICENTE LOMBARDO
A1: SEM | B1: NO | C1: FOLIO | D1: FECHA | E1: VIAJES | F1: MATERIAL | G1: PLACAS | H1: CAPACIDAD (M3) | I1: PESO TOTAL (KG) | J1: OPERADOR | K1: SINDICATO | L1: KM INICIO | M1: KM FINAL | N1: CUERPO | O1: KM ACARREO POR VIAJE | P1: OBSERVACIONES | Q1: PU | R1: IMPORTE | S1: IVA | T1: TOTAL | U1: CONCILIACION | V1: ESTATUS | W1: FACTURA
A2: 23 | C2: 4979 | D2: 46174 | E2: 1 | F2: CARPETA DENSA | G2: LD69570 | H2: 14 | I2: M3 | J2: HUMBERTO COLIN | Q2: 3350 | R2: ='VICENTE LOMBARDO'!$Q2*'VICENTE LOMBARDO'!$E2 -> 3350 | S2: ='VICENTE LOMBARDO'!$R2*16% -> 536 | T2: ='VICENTE LOMBARDO'!$R2+'VICENTE LOMBARDO'!$S2 -> 3886 | U2: CUAJIMALPA 1 | V2: PAGADA | W2: A-1183
A3: 23 | C3: 4980 | D3: 46174 | E3: 1 | F3: CARPETA DENSA | G3: NR0950C | H3: 14 | I3: M3 | J3: ALEJANDRO FLORES | Q3: 3350 | R3: ='VICENTE LOMBARDO'!$Q3*'VICENTE LOMBARDO'!$E3 -> 3350 | S3: ='VICENTE LOMBARDO'!$R3*16% -> 536 | T3: ='VICENTE LOMBARDO'!$R3+'VICENTE LOMBARDO'!$S3 -> 3886 | U3: CUAJIMALPA 1 | V3: PAGADA | W3: A-1183
A4: 23 | C4: 4981 | D4: 46174 | E4: 1 | F4: CARPETA DENSA | G4: LF64430 | H4: 14 | I4: M3 | J4: CARLOS JOAQUIN | Q4: 3350 | R4: ='VICENTE LOMBARDO'!$Q4*'VICENTE LOMBARDO'!$E4 -> 3350 | S4: ='VICENTE LOMBARDO'!$R4*16% -> 536 | T4: ='VICENTE LOMBARDO'!$R4+'VICENTE LOMBARDO'!$S4 -> 3886 | U4: CUAJIMALPA 2 | V4: PAGADA | W4: A-1196
A5: 23 | C5: 4982 | D5: 46174 | E5: 1 | F5: CARPETA DENSA | G5: 32AH5L | H5: 14 | I5: M3 | J5: GUSTAVO JOAQUIN | Q5: 3350 | R5: ='VICENTE LOMBARDO'!$Q5*'VICENTE LOMBARDO'!$E5 -> 3350 | S5: ='VICENTE LOMBARDO'!$R5*16% -> 536 | T5: ='VICENTE LOMBARDO'!$R5+'VICENTE LOMBARDO'!$S5 -> 3886 | U5: CUAJIMALPA 2 | V5: PAGADA | W5: A-1196
A6: 23 | C6: 4983 | D6: 46174 | E6: 1 | F6: CARPETA DENSA | G6: MY7967B | H6: 14 | I6: M3 | J6: JORGE GARCIA | Q6: 3350 | R6: ='VICENTE LOMBARDO'!$Q6*'VICENTE LOMBARDO'!$E6 -> 3350 | S6: ='VICENTE LOMBARDO'!$R6*16% -> 536 | T6: ='VICENTE LOMBARDO'!$R6+'VICENTE LOMBARDO'!$S6 -> 3886 | U6: CUAJIMALPA 1 | V6: PAGADA | W6: A-1183
A7: 23 | C7: S/F | D7: 46174 | E7: 1 | F7: PIPA DE AGUA | H7: 10 | I7: M3 | Q7: 4700 | R7: ='VICENTE LOMBARDO'!$Q7*'VICENTE LOMBARDO'!$E7 -> 4700 | S7: ='VICENTE LOMBARDO'!$R7*16% -> 752 | T7: ='VICENTE LOMBARDO'!$R7+'VICENTE LOMBARDO'!$S7 -> 5452 | U7: CUAJIMALPA 1 | V7: PAGADA | W7: A-1183
A8: 23 | C8: S/F | D8: 46175 | E8: 1 | F8: REGRESO PIPA | H8: 0 | I8: M3 | P8: SE CANCELARON LABORES | Q8: 1000 | R8: ='VICENTE LOMBARDO'!$Q8*'VICENTE LOMBARDO'!$E8 -> 1000 | S8: ='VICENTE LOMBARDO'!$R8*16% -> 160 | T8: ='VICENTE LOMBARDO'!$R8+'VICENTE LOMBARDO'!$S8 -> 1160 | U8: CUAJIMALPA 1 | V8: PAGADA | W8: A-1183
A9: 23 | C9: 5568 | D9: 46176 | E9: 1 | F9: CARPETA DENSA | G9: LD69570 | H9: 15 | I9: M3 | J9: HUMBERTO COLIN | Q9: 3350 | R9: ='VICENTE LOMBARDO'!$Q9*'VICENTE LOMBARDO'!$E9 -> 3350 | S9: ='VICENTE LOMBARDO'!$R9*16% -> 536 | T9: ='VICENTE LOMBARDO'!$R9+'VICENTE LOMBARDO'!$S9 -> 3886 | U9: CUAJIMALPA 1 | V9: PAGADA | W9: A-1183
A10: 23 | C10: 5569 | D10: 46176 | E10: 1 | F10: CARPETA DENSA | G10: HE4281J | H10: 15 | I10: M3 | J10: ANASIEL BENITES | Q10: 3350 | R10: ='VICENTE LOMBARDO'!$Q10*'VICENTE LOMBARDO'!$E10 -> 3350 | S10: ='VICENTE LOMBARDO'!$R10*16% -> 536 | T10: ='VICENTE LOMBARDO'!$R10+'VICENTE LOMBARDO'!$S10 -> 3886 | U10: CUAJIMALPA 1 | V10: PAGADA | W10: A-1183
A11: 23 | C11: 5570 | D11: 46176 | E11: 1 | F11: CARPETA DENSA | G11: 22BC9R | H11: 15 | I11: M3 | J11: REY DAVID | Q11: 3350 | R11: ='VICENTE LOMBARDO'!$Q11*'VICENTE LOMBARDO'!$E11 -> 3350 | S11: ='VICENTE LOMBARDO'!$R11*16% -> 536 | T11: ='VICENTE LOMBARDO'!$R11+'VICENTE LOMBARDO'!$S11 -> 3886 | U11: CUAJIMALPA 1 | V11: PAGADA | W11: A-1183
A12: 23 | C12: 5571 | D12: 46176 | E12: 1 | F12: CARPETA DENSA | G12: MY6927D | H12: 15 | I12: M3 | J12: DANIEL CRUZ | Q12: 3350 | R12: ='VICENTE LOMBARDO'!$Q12*'VICENTE LOMBARDO'!$E12 -> 3350 | S12: ='VICENTE LOMBARDO'!$R12*16% -> 536 | T12: ='VICENTE LOMBARDO'!$R12+'VICENTE LOMBARDO'!$S12 -> 3886 | U12: CUAJIMALPA 1 | V12: PAGADA | W12: A-1183
A13: 23 | C13: 5572 | D13: 46176 | E13: 1 | F13: CARPETA DENSA | G13: GZ9775J | H13: 15 | I13: M3 | J13: OMERO BENITEZ | Q13: 3350 | R13: ='VICENTE LOMBARDO'!$Q13*'VICENTE LOMBARDO'!$E13 -> 3350 | S13: ='VICENTE LOMBARDO'!$R13*16% -> 536 | T13: ='VICENTE LOMBARDO'!$R13+'VICENTE LOMBARDO'!$S13 -> 3886 | U13: CUAJIMALPA 1 | V13: PAGADA | W13: A-1183
A14: 23 | C14: 5573 | D14: 46176 | E14: 1 | F14: CARPETA DENSA | G14: LD58235 | H14: 15 | I14: M3 | J14: CARLOS GUADARRAMA | Q14: 3350 | R14: ='VICENTE LOMBARDO'!$Q14*'VICENTE LOMBARDO'!$E14 -> 3350 | S14: ='VICENTE LOMBARDO'!$R14*16% -> 536 | T14: ='VICENTE LOMBARDO'!$R14+'VICENTE LOMBARDO'!$S14 -> 3886 | U14: CUAJIMALPA 1 | V14: PAGADA | W14: A-1183
A15: 23 | C15: 5574 | D15: 46176 | E15: 1 | F15: CARPETA DENSA | G15: MY7968B | H15: 15 | I15: M3 | J15: JORGE GARCIA | Q15: 3350 | R15: ='VICENTE LOMBARDO'!$Q15*'VICENTE LOMBARDO'!$E15 -> 3350 | S15: ='VICENTE LOMBARDO'!$R15*16% -> 536 | T15: ='VICENTE LOMBARDO'!$R15+'VICENTE LOMBARDO'!$S15 -> 3886 | U15: CUAJIMALPA 1 | V15: PAGADA | W15: A-1183
A16: 23 | C16: 5575 | D16: 46176 | E16: 1 | F16: CARPETA DENSA | G16: NR0950C | H16: 15 | I16: M3 | J16: ALEJANDRO FLORES | Q16: 3350 | R16: ='VICENTE LOMBARDO'!$Q16*'VICENTE LOMBARDO'!$E16 -> 3350 | S16: ='VICENTE LOMBARDO'!$R16*16% -> 536 | T16: ='VICENTE LOMBARDO'!$R16+'VICENTE LOMBARDO'!$S16 -> 3886 | U16: CUAJIMALPA 1 | V16: PAGADA | W16: A-1183
A17: 23 | C17: S/F | D17: 46176 | E17: 1 | F17: PIPA DE AGUA | H17: 10 | I17: M3 | Q17: 4700 | R17: ='VICENTE LOMBARDO'!$Q17*'VICENTE LOMBARDO'!$E17 -> 4700 | S17: ='VICENTE LOMBARDO'!$R17*16% -> 752 | T17: ='VICENTE LOMBARDO'!$R17+'VICENTE LOMBARDO'!$S17 -> 5452 | U17: CUAJIMALPA 1 | V17: PAGADA | W17: A-1183
A18: 23 | C18: 5585 | D18: 46177 | E18: 1 | F18: CARPETA DENSA | G18: LD69570 | H18: 15 | I18: M3 | J18: HUMBERTO COLIN | Q18: 3350 | R18: ='VICENTE LOMBARDO'!$Q18*'VICENTE LOMBARDO'!$E18 -> 3350 | S18: ='VICENTE LOMBARDO'!$R18*16% -> 536 | T18: ='VICENTE LOMBARDO'!$R18+'VICENTE LOMBARDO'!$S18 -> 3886 | U18: CUAJIMALPA 1 | V18: PAGADA | W18: A-1183
A19: 23 | C19: 5586 | D19: 46177 | E19: 1 | F19: CARPETA DENSA | G19: 22BC9R | H19: 15 | I19: M3 | J19: REY DAVID | Q19: 3350 | R19: ='VICENTE LOMBARDO'!$Q19*'VICENTE LOMBARDO'!$E19 -> 3350 | S19: ='VICENTE LOMBARDO'!$R19*16% -> 536 | T19: ='VICENTE LOMBARDO'!$R19+'VICENTE LOMBARDO'!$S19 -> 3886 | U19: CUAJIMALPA 1 | V19: PAGADA | W19: A-1183
A20: 23 | C20: 5587 | D20: 46177 | E20: 1 | F20: CARPETA DENSA | G20: MY6927D | H20: 15 | I20: M3 | J20: DANIEL CRUZ | Q20: 3350 | R20: ='VICENTE LOMBARDO'!$Q20*'VICENTE LOMBARDO'!$E20 -> 3350 | S20: ='VICENTE LOMBARDO'!$R20*16% -> 536 | T20: ='VICENTE LOMBARDO'!$R20+'VICENTE LOMBARDO'!$S20 -> 3886 | U20: CUAJIMALPA 1 | V20: PAGADA | W20: A-1183
A21: 23 | C21: 5588 | D21: 46177 | E21: 1 | F21: CARPETA DENSA | G21: HE4281J | H21: 15 | I21: M3 | J21: ANASIEL BENITES | Q21: 3350 | R21: ='VICENTE LOMBARDO'!$Q21*'VICENTE LOMBARDO'!$E21 -> 3350 | S21: ='VICENTE LOMBARDO'!$R21*16% -> 536 | T21: ='VICENTE LOMBARDO'!$R21+'VICENTE LOMBARDO'!$S21 -> 3886 | U21: CUAJIMALPA 1 | V21: PAGADA | W21: A-1183
A22: 23 | C22: 5589 | D22: 46177 | E22: 1 | F22: CARPETA DENSA | G22: LD58235 | H22: 15 | I22: M3 | J22: CARLOS GUADARRAMA | Q22: 3350 | R22: ='VICENTE LOMBARDO'!$Q22*'VICENTE LOMBARDO'!$E22 -> 3350 | S22: ='VICENTE LOMBARDO'!$R22*16% -> 536 | T22: ='VICENTE LOMBARDO'!$R22+'VICENTE LOMBARDO'!$S22 -> 3886 | U22: CUAJIMALPA 1 | V22: PAGADA | W22: A-1183
A23: 23 | C23: 5590 | D23: 46177 | E23: 1 | F23: CARPETA DENSA | G23: LF6443G | H23: 15 | I23: M3 | J23: CARLOS JOAQUIN | Q23: 3350 | R23: ='VICENTE LOMBARDO'!$Q23*'VICENTE LOMBARDO'!$E23 -> 3350 | S23: ='VICENTE LOMBARDO'!$R23*16% -> 536 | T23: ='VICENTE LOMBARDO'!$R23+'VICENTE LOMBARDO'!$S23 -> 3886 | U23: CUAJIMALPA 2 | V23: PAGADA | W23: A-1196
A24: 23 | C24: 5591 | D24: 46177 | E24: 1 | F24: CARPETA DENSA | G24: NR0950C | H24: 15 | I24: M3 | J24: ALEJANDRO FLORES | Q24: 3350 | R24: ='VICENTE LOMBARDO'!$Q24*'VICENTE LOMBARDO'!$E24 -> 3350 | S24: ='VICENTE LOMBARDO'!$R24*16% -> 536 | T24: ='VICENTE LOMBARDO'!$R24+'VICENTE LOMBARDO'!$S24 -> 3886 | U24: CUAJIMALPA 1 | V24: PAGADA | W24: A-1183
A25: 23 | C25: 5592 | D25: 46177 | E25: 1 | F25: CARPETA DENSA | G25: NE4904D | H25: 15 | I25: M3 | J25: JONATHAN GUTIERREZ | Q25: 3350 | R25: ='VICENTE LOMBARDO'!$Q25*'VICENTE LOMBARDO'!$E25 -> 3350 | S25: ='VICENTE LOMBARDO'!$R25*16% -> 536 | T25: ='VICENTE LOMBARDO'!$R25+'VICENTE LOMBARDO'!$S25 -> 3886 | U25: CUAJIMALPA 1 | V25: PAGADA | W25: A-1183
A26: 23 | C26: 5593 | D26: 46177 | E26: 1 | F26: CARPETA DENSA | G26: HB9249J | H26: 15 | I26: M3 | J26: DANIEL SANCHEZ | Q26: 3350 | R26: ='VICENTE LOMBARDO'!$Q26*'VICENTE LOMBARDO'!$E26 -> 3350 | S26: ='VICENTE LOMBARDO'!$R26*16% -> 536 | T26: ='VICENTE LOMBARDO'!$R26+'VICENTE LOMBARDO'!$S26 -> 3886 | U26: CUAJIMALPA 1 | V26: PAGADA | W26: A-1183
A27: 23 | C27: 5594 | D27: 46177 | E27: 1 | F27: CARPETA DENSA | G27: LD69570 | H27: 15 | I27: M3 | J27: HUMBERTO COLIN | Q27: 3350 | R27: ='VICENTE LOMBARDO'!$Q27*'VICENTE LOMBARDO'!$E27 -> 3350 | S27: ='VICENTE LOMBARDO'!$R27*16% -> 536 | T27: ='VICENTE LOMBARDO'!$R27+'VICENTE LOMBARDO'!$S27 -> 3886 | U27: CUAJIMALPA 1 | V27: PAGADA | W27: A-1183
A28: 23 | C28: S/F | D28: 46177 | E28: 1 | F28: PIPA DE AGUA | H28: 10 | I28: M3 | Q28: 4700 | R28: ='VICENTE LOMBARDO'!$Q28*'VICENTE LOMBARDO'!$E28 -> 4700 | S28: ='VICENTE LOMBARDO'!$R28*16% -> 752 | T28: ='VICENTE LOMBARDO'!$R28+'VICENTE LOMBARDO'!$S28 -> 5452 | U28: CUAJIMALPA 1 | V28: PAGADA | W28: A-1183
A29: 23 | C29: 5604 | D29: 46178 | E29: 1 | F29: CARPETA DENSA | G29: 22BC9R | H29: 15 | I29: M3 | J29: REY DAVID | Q29: 3350 | R29: ='VICENTE LOMBARDO'!$Q29*'VICENTE LOMBARDO'!$E29 -> 3350 | S29: ='VICENTE LOMBARDO'!$R29*16% -> 536 | T29: ='VICENTE LOMBARDO'!$R29+'VICENTE LOMBARDO'!$S29 -> 3886 | U29: CUAJIMALPA 1 | V29: PAGADA | W29: A-1183
A30: 23 | C30: 5605 | D30: 46178 | E30: 1 | F30: CARPETA DENSA | G30: LD58235 | H30: 15 | I30: M3 | J30: CARLOS GUADARRAMA | Q30: 3350 | R30: ='VICENTE LOMBARDO'!$Q30*'VICENTE LOMBARDO'!$E30 -> 3350 | S30: ='VICENTE LOMBARDO'!$R30*16% -> 536 | T30: ='VICENTE LOMBARDO'!$R30+'VICENTE LOMBARDO'!$S30 -> 3886 | U30: CUAJIMALPA 1 | V30: PAGADA | W30: A-1183
A31: 23 | C31: 5606 | D31: 46178 | E31: 1 | F31: CARPETA DENSA | G31: MY6927D | H31: 15 | I31: M3 | J31: DANIEL CRUZ | Q31: 3350 | R31: ='VICENTE LOMBARDO'!$Q31*'VICENTE LOMBARDO'!$E31 -> 3350 | S31: ='VICENTE LOMBARDO'!$R31*16% -> 536 | T31: ='VICENTE LOMBARDO'!$R31+'VICENTE LOMBARDO'!$S31 -> 3886 | U31: CUAJIMALPA 1 | V31: PAGADA | W31: A-1183
A32: 23 | C32: 5607 | D32: 46178 | E32: 1 | F32: CARPETA DENSA | G32: HE4281J | H32: 15 | I32: M3 | J32: ANASIEL BENITES | Q32: 3350 | R32: ='VICENTE LOMBARDO'!$Q32*'VICENTE LOMBARDO'!$E32 -> 3350 | S32: ='VICENTE LOMBARDO'!$R32*16% -> 536 | T32: ='VICENTE LOMBARDO'!$R32+'VICENTE LOMBARDO'!$S32 -> 3886 | U32: CUAJIMALPA 1 | V32: PAGADA | W32: A-1183
A33: 23 | C33: 5608 | D33: 46178 | E33: 1 | F33: CARPETA DENSA | G33: NR0950C | H33: 15 | I33: M3 | J33: ALEJANDRO FLORES | Q33: 3350 | R33: ='VICENTE LOMBARDO'!$Q33*'VICENTE LOMBARDO'!$E33 -> 3350 | S33: ='VICENTE LOMBARDO'!$R33*16% -> 536 | T33: ='VICENTE LOMBARDO'!$R33+'VICENTE LOMBARDO'!$S33 -> 3886 | U33: CUAJIMALPA 1 | V33: PAGADA | W33: A-1183
A34: 23 | C34: 5609 | D34: 46178 | E34: 1 | F34: CARPETA DENSA | G34: HB9249J | H34: 15 | I34: M3 | J34: DANIEL SANCHEZ | Q34: 3350 | R34: ='VICENTE LOMBARDO'!$Q34*'VICENTE LOMBARDO'!$E34 -> 3350 | S34: ='VICENTE LOMBARDO'!$R34*16% -> 536 | T34: ='VICENTE LOMBARDO'!$R34+'VICENTE LOMBARDO'!$S34 -> 3886 | U34: CUAJIMALPA 1 | V34: PAGADA | W34: A-1183
A35: 23 | C35: 5610 | D35: 46178 | E35: 1 | F35: CARPETA DENSA | G35: LD69570 | H35: 15 | I35: M3 | J35: HUMBERTO COLIN | Q35: 3350 | R35: ='VICENTE LOMBARDO'!$Q35*'VICENTE LOMBARDO'!$E35 -> 3350 | S35: ='VICENTE LOMBARDO'!$R35*16% -> 536 | T35: ='VICENTE LOMBARDO'!$R35+'VICENTE LOMBARDO'!$S35 -> 3886 | U35: CUAJIMALPA 1 | V35: PAGADA | W35: A-1183
A36: 23 | C36: 5611 | D36: 46178 | E36: 1 | F36: CARPETA DENSA | G36: MY7968B | H36: 15 | I36: M3 | J36: JORGE GARCIA | Q36: 3350 | R36: ='VICENTE LOMBARDO'!$Q36*'VICENTE LOMBARDO'!$E36 -> 3350 | S36: ='VICENTE LOMBARDO'!$R36*16% -> 536 | T36: ='VICENTE LOMBARDO'!$R36+'VICENTE LOMBARDO'!$S36 -> 3886 | U36: CUAJIMALPA 1 | V36: PAGADA | W36: A-1183
A37: 23 | C37: 5612 | D37: 46178 | E37: 1 | F37: CARPETA DENSA | G37: LF6443G | H37: 15 | I37: M3 | J37: CARLOS JOAQUIN | Q37: 3350 | R37: ='VICENTE LOMBARDO'!$Q37*'VICENTE LOMBARDO'!$E37 -> 3350 | S37: ='VICENTE LOMBARDO'!$R37*16% -> 536 | T37: ='VICENTE LOMBARDO'!$R37+'VICENTE LOMBARDO'!$S37 -> 3886 | U37: CUAJIMALPA 2 | V37: PAGADA | W37: A-1196
A38: 23 | C38: 5613 | D38: 46178 | E38: 1 | F38: CARPETA DENSA | G38: NB1258D | H38: 15 | I38: M3 | J38: SANTOS SOTERO | Q38: 3350 | R38: ='VICENTE LOMBARDO'!$Q38*'VICENTE LOMBARDO'!$E38 -> 3350 | S38: ='VICENTE LOMBARDO'!$R38*16% -> 536 | T38: ='VICENTE LOMBARDO'!$R38+'VICENTE LOMBARDO'!$S38 -> 3886 | U38: CUAJIMALPA 1 | V38: PAGADA | W38: A-1183
A39: 24 | C39: 5626 | D39: 46181 | E39: 1 | F39: CARPETA DENSA | G39: LD5835 | H39: 15 | I39: M3 | J39: CARLOS GUADARRAMA | Q39: 3350 | R39: ='VICENTE LOMBARDO'!$Q39*'VICENTE LOMBARDO'!$E39 -> 3350 | S39: ='VICENTE LOMBARDO'!$R39*16% -> 536 | T39: ='VICENTE LOMBARDO'!$R39+'VICENTE LOMBARDO'!$S39 -> 3886 | U39: CUAJIMALPA 2 | V39: PAGADA | W39: A-1196
A40: 24 | C40: 5627 | D40: 46181 | E40: 1 | F40: CARPETA DENSA | G40: 22BC9R | H40: 15 | I40: M3 | J40: REY DAVID | Q40: 3350 | R40: ='VICENTE LOMBARDO'!$Q40*'VICENTE LOMBARDO'!$E40 -> 3350 | S40: ='VICENTE LOMBARDO'!$R40*16% -> 536 | T40: ='VICENTE LOMBARDO'!$R40+'VICENTE LOMBARDO'!$S40 -> 3886 | U40: CUAJIMALPA 2 | V40: PAGADA | W40: A-1196
... A52: 24 | C52: 5679 | D52: 46185 | E52: 1 | F52: CARPETA DENSA | G52: NB1288D | H52: 15 | I52: M3 | J52: SANROS SOTERO | Q52: 4020 | R52: ='VICENTE LOMBARDO'!$Q52*'VICENTE LOMBARDO'!$E52 -> 4020 | S52: ='VICENTE LOMBARDO'!$R52*16% -> 643.2 | T52: ='VICENTE LOMBARDO'!$R52+'VICENTE LOMBARDO'!$S52 -> 4663.2 | U52: CUAJIMALPA 2 | V52: PAGADA | W52: A-1196
A53: 24 | B53: 1 | C53: 5680 | D53: 46185 | E53: 1 | F53: ASFALTO | G53: LD5835 | H53: 14 | I53: M3 | J53: CARLOS GUADARRAMA | L53: 35+000 | M53: 34+970 | Q53: 4205 | R53: ='VICENTE LOMBARDO'!$Q53*'VICENTE LOMBARDO'!$E53 -> 4205 | S53: ='VICENTE LOMBARDO'!$R53*16% -> 672.8 | T53: ='VICENTE LOMBARDO'!$R53+'VICENTE LOMBARDO'!$S53 -> 4877.8 | U53: MARQUESA 1 | V53: PAGADA | W53: A-1183
A54: 24 | B54: 2 | C54: 5681 | D54: 46185 | E54: 1 | F54: ASFALTO | G54: ZZBC9R | H54: 14 | I54: M3 | J54: DAVID | L54: 34+970 | M54: 34+940 | Q54: 4205 | R54: ='VICENTE LOMBARDO'!$Q54*'VICENTE LOMBARDO'!$E54 -> 4205 | S54: ='VICENTE LOMBARDO'!$R54*16% -> 672.8 | T54: ='VICENTE LOMBARDO'!$R54+'VICENTE LOMBARDO'!$S54 -> 4877.8 | U54: MARQUESA 1 | V54: PAGADA | W54: A-1183
A55: 24 | B55: 9 | C55: 5682 | D55: 46185 | E55: 1 | F55: ASFALTO | G55: MY7967B | H55: 15 | I55: M3 | J55: DANIEL CRUZ | L55: - | M55: - | P55: CAMION SE CARGO PERO SE REGRESO POR FALLAS DEL CAMION, ESTA NOTA NO SE COBRA | R55: ='VICENTE LOMBARDO'!$Q55*'VICENTE LOMBARDO'!$E55 -> 0 | S55: ='VICENTE LOMBARDO'!$R55*16% -> 0 | T55: ='VICENTE LOMBARDO'!$R55+'VICENTE LOMBARDO'!$S55 -> 0
A56: 24 | B56: 8 | C56: 5683 | D56: 46185 | E56: 1 | F56: CARPETA DENSA | G56: HC1281J | H56: 14 | I56: M3 | J56: ARIEL BECERRIL | L56: 34+760 | M56: 34+730 | Q56: 4205 | R56: ='VICENTE LOMBARDO'!$Q56*'VICENTE LOMBARDO'!$E56 -> 4205 | S56: ='VICENTE LOMBARDO'!$R56*16% -> 672.8 | T56: ='VICENTE LOMBARDO'!$R56+'VICENTE LOMBARDO'!$S56 -> 4877.8 | U56: MARQUESA 1 | W56: A-1183
A57: 24 | B57: 7 | C57: 5684 | D57: 46185 | E57: 1 | F57: CARPETA DENSA | G57: HD57440 | H57: 14 | I57: M3 | J57: RAMIRO HERNANDEZ | L57: 34+790 | M57: 34+760 | Q57: 4205 | R57: ='VICENTE LOMBARDO'!$Q57*'VICENTE LOMBARDO'!$E57 -> 4205 | S57: ='VICENTE LOMBARDO'!$R57*16% -> 672.8 | T57: ='VICENTE LOMBARDO'!$R57+'VICENTE LOMBARDO'!$S57 -> 4877.8 | U57: MARQUESA 1 | W57: A-1183
A58: 24 | B58: 4 | C58: 5685 | D58: 46185 | E58: 1 | F58: CARPETA DENSA | G58: NR0950C | H58: 14 | I58: M3 | J58: ALEJANDRO FLORES | L58: 34+905 | M58: 34+870 | Q58: 4205 | R58: ='VICENTE LOMBARDO'!$Q58*'VICENTE LOMBARDO'!$E58 -> 4205 | S58: ='VICENTE LOMBARDO'!$R58*16% -> 672.8 | T58: ='VICENTE LOMBARDO'!$R58+'VICENTE LOMBARDO'!$S58 -> 4877.8 | U58: MARQUESA 1 | W58: A-1183
A59: 24 | B59: 3 | C59: 5686 | D59: 46185 | E59: 1 | F59: CARPETA DENSA | G59: MY7967B | H59: 14 | I59: M3 | J59: ENRIQUE TORRES | L59: 34+940 | M59: 34+905 | Q59: 4205 | R59: ='VICENTE LOMBARDO'!$Q59*'VICENTE LOMBARDO'!$E59 -> 4205 | S59: ='VICENTE LOMBARDO'!$R59*16% -> 672.8 | T59: ='VICENTE LOMBARDO'!$R59+'VICENTE LOMBARDO'!$S59 -> 4877.8 | U59: MARQUESA 1 | W59: A-1183
A60: 24 | B60: 5 | C60: 5687 | D60: 46185 | E60: 1 | F60: CARPETA DENSA | G60: NB1288D | H60: 14 | I60: M3 | J60: SANROS SOTERO | L60: 34+870 | M60: 34+830 | Q60: 4205 | R60: ='VICENTE LOMBARDO'!$Q60*'VICENTE LOMBARDO'!$E60 -> 4205 | S60: ='VICENTE LOMBARDO'!$R60*16% -> 672.8 | T60: ='VICENTE LOMBARDO'!$R60+'VICENTE LOMBARDO'!$S60 -> 4877.8 | U60: MARQUESA 1 | W60: A-1183
A61: 24 | B61: 6 | C61: 5688 | D61: 46185 | E61: 1 | F61: CARPETA DENSA | G61: MY7967B | H61: 14 | I61: M3 | J61: JORGE GARCIA | L61: 34+830 | M61: 34+790 | Q61: 4205 | R61: ='VICENTE LOMBARDO'!$Q61*'VICENTE LOMBARDO'!$E61 -> 4205 | S61: ='VICENTE LOMBARDO'!$R61*16% -> 672.8 | T61: ='VICENTE LOMBARDO'!$R61+'VICENTE LOMBARDO'!$S61 -> 4877.8 | U61: MARQUESA 1 | W61: A-1183
A62: 24 | C62: 5697 | D62: 46186 | E62: 1 | F62: VIAJE EN FALSO | G62: NH16062 | H62: 0 | I62: M3 | J62: VIAJE EN FALSO | Q62: 4020 | R62: ='VICENTE LOMBARDO'!$Q62*'VICENTE LOMBARDO'!$E62 -> 4020 | S62: ='VICENTE LOMBARDO'!$R62*16% -> 643.2 | T62: ='VICENTE LOMBARDO'!$R62+'VICENTE LOMBARDO'!$S62 -> 4663.2 | U62: CUAJIMALPA 2 | V62: PAGADA | W62: A-1196
A63: 24 | C63: 5698 | D63: 46186 | E63: 1 | F63: VIAJE EN FALSO | G63: MY7967B | H63: 0 | I63: M3 | J63: VIAJE EN FALSO | Q63: 4020 | R63: ='VICENTE LOMBARDO'!$Q63*'VICENTE LOMBARDO'!$E63 -> 4020 | S63: ='VICENTE LOMBARDO'!$R63*16% -> 643.2 | T63: ='VICENTE LOMBARDO'!$R63+'VICENTE LOMBARDO'!$S63 -> 4663.2 | U63: CUAJIMALPA 2 | V63: PAGADA | W63: A-1196
A64: 24 | C64: 5699 | D64: 46186 | E64: 1 | F64: VIAJE EN FALSO | G64: 22BC9R | H64: 0 | I64: M3 | J64: VIAJE EN FALSO | Q64: 4020 | R64: ='VICENTE LOMBARDO'!$Q64*'VICENTE LOMBARDO'!$E64 -> 4020 | S64: ='VICENTE LOMBARDO'!$R64*16% -> 643.2 | T64: ='VICENTE LOMBARDO'!$R64+'VICENTE LOMBARDO'!$S64 -> 4663.2 | U64: CUAJIMALPA 2 | V64: PAGADA | W64: A-1196
A65: 24 | C65: 5700 | D65: 46186 | E65: 1 | F65: VIAJE EN FALSO | G65: HE4281J | H65: 0 | I65: M3 | J65: VIAJE EN FALSO | Q65: 4020 | R65: ='VICENTE LOMBARDO'!$Q65*'VICENTE LOMBARDO'!$E65 -> 4020 | S65: ='VICENTE LOMBARDO'!$R65*16% -> 643.2 | T65: ='VICENTE LOMBARDO'!$R65+'VICENTE LOMBARDO'!$S65 -> 4663.2 | U65: CUAJIMALPA 2 | V65: PAGADA | W65: A-1196
A66: 24 | C66: 5701 | D66: 46186 | E66: 1 | F66: VIAJE EN FALSO | G66: HD57440 | H66: 0 | I66: M3 | J66: VIAJE EN FALSO | Q66: 4020 | R66: ='VICENTE LOMBARDO'!$Q66*'VICENTE LOMBARDO'!$E66 -> 4020 | S66: ='VICENTE LOMBARDO'!$R66*16% -> 643.2 | T66: ='VICENTE LOMBARDO'!$R66+'VICENTE LOMBARDO'!$S66 -> 4663.2 | U66: CUAJIMALPA 2 | V66: PAGADA | W66: A-1196
A67: 24 | C67: 5702 | D67: 46186 | E67: 1 | F67: VIAJE EN FALSO | G67: NR0950C | H67: 0 | I67: M3 | J67: VIAJE EN FALSO | Q67: 4020 | R67: ='VICENTE LOMBARDO'!$Q67*'VICENTE LOMBARDO'!$E67 -> 4020 | S67: ='VICENTE LOMBARDO'!$R67*16% -> 643.2 | T67: ='VICENTE LOMBARDO'!$R67+'VICENTE LOMBARDO'!$S67 -> 4663.2 | U67: CUAJIMALPA 2 | V67: PAGADA | W67: A-1196
A68: 24 | C68: 5703 | D68: 46186 | E68: 1 | F68: VIAJE EN FALSO | G68: LD5835 | H68: 0 | I68: M3 | J68: VIAJE EN FALSO | Q68: 4020 | R68: ='VICENTE LOMBARDO'!$Q68*'VICENTE LOMBARDO'!$E68 -> 4020 | S68: ='VICENTE LOMBARDO'!$R68*16% -> 643.2 | T68: ='VICENTE LOMBARDO'!$R68+'VICENTE LOMBARDO'!$S68 -> 4663.2 | U68: CUAJIMALPA 2 | V68: PAGADA | W68: A-1196
A69: 25 | B69: 1 | C69: 5704 | D69: 46188 | E69: 1 | F69: CARPETA | G69: 22BC9R | H69: 14 | J69: REY DAVID | K69: COSUM | L69: 37+730 | M69: 37+707 | Q69: 4205 | R69: ='VICENTE LOMBARDO'!$Q69*'VICENTE LOMBARDO'!$E69 -> 4205 | S69: ='VICENTE LOMBARDO'!$R69*16% -> 672.8 | T69: ='VICENTE LOMBARDO'!$R69+'VICENTE LOMBARDO'!$S69 -> 4877.8 | U69: MARQUESA 2
A70: 25 | B70: 2 | C70: 5705 | D70: 46188 | E70: 1 | F70: CARPETA | G70: HE-4281-J | H70: 14 | J70: DANIEL CRUZ | K70: COSUM | L70: 37+707 | M70: 37+675 | Q70: 4205 | R70: ='VICENTE LOMBARDO'!$Q70*'VICENTE LOMBARDO'!$E70 -> 4205 | S70: ='VICENTE LOMBARDO'!$R70*16% -> 672.8 | T70: ='VICENTE LOMBARDO'!$R70+'VICENTE LOMBARDO'!$S70 -> 4877.8 | U70: MARQUESA 2
A71: 25 | B71: 3 | C71: 5706 | D71: 46188 | E71: 1 | F71: CARPETA | G71: NJ6644D | H71: 14 | J71: RAMIRO HERNANDEZ | K71: COSUM | L71: 37+640 | M71: 37+609 | Q71: 4205 | R71: ='VICENTE LOMBARDO'!$Q71*'VICENTE LOMBARDO'!$E71 -> 4205 | S71: ='VICENTE LOMBARDO'!$R71*16% -> 672.8 | T71: ='VICENTE LOMBARDO'!$R71+'VICENTE LOMBARDO'!$S71 -> 4877.8 | U71: MARQUESA 2
A72: 25 | B72: 4 | C72: 5707 | D72: 46188 | E72: 1 | F72: CARPETA | G72: HD-57440 | H72: 14 | J72: RAMIRO HERNANDEZ | K72: COSUM | L72: 37+675 | M72: 37+640 | Q72: 4205 | R72: ='VICENTE LOMBARDO'!$Q72*'VICENTE LOMBARDO'!$E72 -> 4205 | S72: ='VICENTE LOMBARDO'!$R72*16% -> 672.8 | T72: ='VICENTE LOMBARDO'!$R72+'VICENTE LOMBARDO'!$S72 -> 4877.8 | U72: MARQUESA 2
A73: 25 | B73: 5 | C73: 5708 | D73: 46188 | E73: 1 | F73: CARPETA | G73: NY-7967-B | H73: 14 | J73: ENRIQUE TORRES | K73: COSUM | L73: 37+609 | M73: 37+575 | Q73: 4205 | R73: ='VICENTE LOMBARDO'!$Q73*'VICENTE LOMBARDO'!$E73 -> 4205 | S73: ='VICENTE LOMBARDO'!$R73*16% -> 672.8 | T73: ='VICENTE LOMBARDO'!$R73+'VICENTE LOMBARDO'!$S73 -> 4877.8 | U73: MARQUESA 2
A74: 25 | B74: 6 | C74: 5709 | D74: 46188 | E74: 1 | F74: CARPETA | G74: LD3823S | H74: 14 | J74: CARLOS GUADARRAMA | K74: COSUM | L74: 37+480 | M74: 37+440 | Q74: 4205 | R74: ='VICENTE LOMBARDO'!$Q74*'VICENTE LOMBARDO'!$E74 -> 4205 | S74: ='VICENTE LOMBARDO'!$R74*16% -> 672.8 | T74: ='VICENTE LOMBARDO'!$R74+'VICENTE LOMBARDO'!$S74 -> 4877.8 | U74: MARQUESA 2
A75: 25 | B75: 7 | C75: 5710 | D75: 46188 | E75: 1 | F75: CARPETA | G75: NB1258D | H75: 14 | J75: SANTOS O | K75: COSUM | L75: 37+575 | M75: 37+538 | Q75: 4205 | R75: ='VICENTE LOMBARDO'!$Q75*'VICENTE LOMBARDO'!$E75 -> 4205 | S75: ='VICENTE LOMBARDO'!$R75*16% -> 672.8 | T75: ='VICENTE LOMBARDO'!$R75+'VICENTE LOMBARDO'!$S75 -> 4877.8 | U75: MARQUESA 2
A76: 25 | B76: 8 | C76: 5711 | D76: 46188 | E76: 1 | F76: CARPETA | G76: NR0950C | H76: 14 | J76: ALEJANDRO FLORES | K76: COSUM | L76: 37+530 | M76: 37+508 | Q76: 4205 | R76: ='VICENTE LOMBARDO'!$Q76*'VICENTE LOMBARDO'!$E76 -> 4205 | S76: ='VICENTE LOMBARDO'!$R76*16% -> 672.8 | T76: ='VICENTE LOMBARDO'!$R76+'VICENTE LOMBARDO'!$S76 -> 4877.8 | U76: MARQUESA 2
A77: 25 | B77: 9 | C77: 5712 | D77: 46188 | E77: 1 | F77: CARPETA | G77: LF64430 | H77: 14 | J77: CARLOS JOAQUIN | K77: COSUM | L77: 37+508 | M77: 37+488 | Q77: 4205 | R77: ='VICENTE LOMBARDO'!$Q77*'VICENTE LOMBARDO'!$E77 -> 4205 | S77: ='VICENTE LOMBARDO'!$R77*16% -> 672.8 | T77: ='VICENTE LOMBARDO'!$R77+'VICENTE LOMBARDO'!$S77 -> 4877.8 | U77: MARQUESA 2
A78: 25 | B78: 10 | C78: 5713 | D78: 46188 | E78: 1 | F78: CARPETA | G78: HE-4281-J | H78: 14 | J78: DANIEL CRUZ | K78: COSUM | L78: 37+440 | M78: 34+410 | Q78: 4205 | R78: ='VICENTE LOMBARDO'!$Q78*'VICENTE LOMBARDO'!$E78 -> 4205 | S78: ='VICENTE LOMBARDO'!$R78*16% -> 672.8 | T78: ='VICENTE LOMBARDO'!$R78+'VICENTE LOMBARDO'!$S78 -> 4877.8 | U78: MARQUESA 2
A79: 25 | B79: 11 | C79: 5714 | D79: 46188 | E79: 1 | F79: CARPETA | G79: 22BC9R | H79: 14 | J79: REY DAVID | K79: COSUM | L79: 37+410 | M79: 37+375 | Q79: 4205 | R79: ='VICENTE LOMBARDO'!$Q79*'VICENTE LOMBARDO'!$E79 -> 4205 | S79: ='VICENTE LOMBARDO'!$R79*16% -> 672.8 | T79: ='VICENTE LOMBARDO'!$R79+'VICENTE LOMBARDO'!$S79 -> 4877.8 | U79: MARQUESA 2
A80: 25 | B80: 12 | C80: 5715 | D80: 46188 | E80: 1 | F80: CARPETA | G80: NY-7967-B | H80: 14 | J80: ENRIQUE TORRES | K80: COSUM | L80: 37+375 | M80: 37+355 | Q80: 4205 | R80: ='VICENTE LOMBARDO'!$Q80*'VICENTE LOMBARDO'!$E80 -> 4205 | S80: ='VICENTE LOMBARDO'!$R80*16% -> 672.8 | T80: ='VICENTE LOMBARDO'!$R80+'VICENTE LOMBARDO'!$S80 -> 4877.8 | U80: MARQUESA 2
A81: 25 | C81: 5716 | D81: 46188 | E81: 1 | F81: REGRESO CAMION | G81: NB1258D | H81: 14 | K81: COSUM | Q81: 1000 | R81: ='VICENTE LOMBARDO'!$Q81*'VICENTE LOMBARDO'!$E81 -> 1000 | S81: ='VICENTE LOMBARDO'!$R81*16% -> 160 | T81: ='VICENTE LOMBARDO'!$R81+'VICENTE LOMBARDO'!$S81 -> 1160 | U81: MARQUESA 2
A82: 25 | C82: 5717 | D82: 46188 | E82: 1 | F82: REGRESO CAMION | G82: NJ6644D | H82: 14 | K82: COSUM | Q82: 1000 | R82: ='VICENTE LOMBARDO'!$Q82*'VICENTE LOMBARDO'!$E82 -> 1000 | S82: ='VICENTE LOMBARDO'!$R82*16% -> 160 | T82: ='VICENTE LOMBARDO'!$R82+'VICENTE LOMBARDO'!$S82 -> 1160 | U82: MARQUESA 2
A83: 25 | C83: 5718 | D83: 46188 | E83: 1 | F83: REGRESO CAMION | G83: HD57440 | H83: 14 | K83: COSUM | Q83: 1000 | R83: ='VICENTE LOMBARDO'!$Q83*'VICENTE LOMBARDO'!$E83 -> 1000 | S83: ='VICENTE LOMBARDO'!$R83*16% -> 160 | T83: ='VICENTE LOMBARDO'!$R83+'VICENTE LOMBARDO'!$S83 -> 1160 | U83: MARQUESA 2
A84: 25 | B84: 1 | C84: S/F | D84: 46188 | E84: 1 | F84: PIPA DE AGUA | G84: KR-9352-A | H84: 10 | J84: ROBERTO F. | K84: COSUM | L84: 0 | M84: 0 | P84: PIPA DE AGUA EN RENTA 10 MIL LTS | Q84: 4500 | R84: ='VICENTE LOMBARDO'!$Q84*'VICENTE LOMBARDO'!$E84 -> 4500 | S84: ='VICENTE LOMBARDO'!$R84*16% -> 720 | T84: ='VICENTE LOMBARDO'!$R84+'VICENTE LOMBARDO'!$S84 -> 5220 | U84: MARQUESA 2
A85: 25 | B85: 1 | C85: 5719 | D85: 46189 | E85: 1 | F85: CARPETA | G85: NJ-6644-B | H85: 14 | J85: RAMIRO HERNANDEZ | K85: COSUM | L85: 34360 | M85: ='VICENTE LOMBARDO'!$L85-30 -> 34330 | N85: B | Q85: 4205 | R85: ='VICENTE LOMBARDO'!$Q85*'VICENTE LOMBARDO'!$E85 -> 4205 | S85: ='VICENTE LOMBARDO'!$R85*16% -> 672.8 | T85: ='VICENTE LOMBARDO'!$R85+'VICENTE LOMBARDO'!$S85 -> 4877.8 | U85: MARQUESA 2
A86: 25 | B86: 2 | C86: 5720 | D86: 46189 | E86: 1 | F86: CARPETA | G86: HD-57440 | H86: 14 | J86: RAMIRO HERNANDEZ O. | K86: COSUM | L86: =M85 -> 34330 | M86: ='VICENTE LOMBARDO'!$L86-35 -> 34295 | N86: B | Q86: 4205 | R86: ='VICENTE LOMBARDO'!$Q86*'VICENTE LOMBARDO'!$E86 -> 4205 | S86: ='VICENTE LOMBARDO'!$R86*16% -> 672.8 | T86: ='VICENTE LOMBARDO'!$R86+'VICENTE LOMBARDO'!$S86 -> 4877.8 | U86: MARQUESA 2
A87: 25 | B87: 3 | C87: 5721 | D87: 46189 | E87: 1 | F87: CARPETA | G87: NR-1258-D | H87: 14 | J87: SANTOS O | K87: COSUM | L87: =M86 -> 34295 | M87: ='VICENTE LOMBARDO'!$L87-38 -> 34257 | N87: B | Q87: 4205 | R87: ='VICENTE LOMBARDO'!$Q87*'VICENTE LOMBARDO'!$E87 -> 4205 | S87: ='VICENTE LOMBARDO'!$R87*16% -> 672.8 | T87: ='VICENTE LOMBARDO'!$R87+'VICENTE LOMBARDO'!$S87 -> 4877.8 | U87: MARQUESA 2
A88: 25 | B88: 4 | C88: 5722 | D88: 46189 | E88: 1 | F88: CARPETA | G88: NR-0950-C | H88: 14 | J88: ALEJANDRO FLORES | K88: COSUM | L88: =M87 -> 34257 | M88: ='VICENTE LOMBARDO'!$L88-35 -> 34222 | N88: B | Q88: 4205 | R88: ='VICENTE LOMBARDO'!$Q88*'VICENTE LOMBARDO'!$E88 -> 4205 | S88: ='VICENTE LOMBARDO'!$R88*16% -> 672.8 | T88: ='VICENTE LOMBARDO'!$R88+'VICENTE LOMBARDO'!$S88 -> 4877.8 | U88: MARQUESA 2
A89: 25 | B89: 5 | C89: 5723 | D89: 46189 | E89: 1 | F89: CARPETA | G89: NY-7967-B | H89: 14 | J89: ENRIQUE TORRES | K89: COSUM | L89: =M88 -> 34222 | M89: ='VICENTE LOMBARDO'!$L89-30 -> 34192 | N89: B | Q89: 4205 | R89: ='VICENTE LOMBARDO'!$Q89*'VICENTE LOMBARDO'!$E89 -> 4205 | S89: ='VICENTE LOMBARDO'!$R89*16% -> 672.8 | T89: ='VICENTE LOMBARDO'!$R89+'VICENTE LOMBARDO'!$S89 -> 4877.8 | U89: MARQUESA 2
A90: 25 | B90: 6 | C90: 5724 | D90: 46189 | E90: 1 | F90: CARPETA | G90: HE-4281-J | H90: 14 | J90: DANIEL CRUZ | K90: COSUM | L90: =M89 -> 34192 | M90: ='VICENTE LOMBARDO'!$L90-32 -> 34160 | N90: B | Q90: 4205 | R90: ='VICENTE LOMBARDO'!$Q90*'VICENTE LOMBARDO'!$E90 -> 4205 | S90: ='VICENTE LOMBARDO'!$R90*16% -> 672.8 | T90: ='VICENTE LOMBARDO'!$R90+'VICENTE LOMBARDO'!$S90 -> 4877.8 | U90: MARQUESA 2
A91: 25 | B91: 7 | C91: 5725 | D91: 46189 | E91: 1 | F91: CARPETA | G91: 22-BC9R | H91: 14 | J91: REY DAVID | K91: COSUM | L91: 35000 | M91: ='VICENTE LOMBARDO'!$L91-35 -> 34965 | N91: B | Q91: 4205 | R91: ='VICENTE LOMBARDO'!$Q91*'VICENTE LOMBARDO'!$E91 -> 4205 | S91: ='VICENTE LOMBARDO'!$R91*16% -> 672.8 | T91: ='VICENTE LOMBARDO'!$R91+'VICENTE LOMBARDO'!$S91 -> 4877.8 | U91: MARQUESA 2
A92: 25 | C92: 5736 | D92: 46189 | E92: 1 | F92: REGRESO CAMION | G92: LD58235 | H92: 14 | K92: COSUM | Q92: 1000 | R92: ='VICENTE LOMBARDO'!$Q92*'VICENTE LOMBARDO'!$E92 -> 1000 | S92: ='VICENTE LOMBARDO'!$R92*16% -> 160 | T92: ='VICENTE LOMBARDO'!$R92+'VICENTE LOMBARDO'!$S92 -> 1160 | U92: MARQUESA 2
A93: 25 | B93: 1 | C93: S/F | D93: 46189 | E93: 1 | F93: PIPA DE AGUA | G93: KR-9352-A | H93: 10 | J93: ROBERTO F. | K93: COSUM | L93: 0 | M93: 0 | N93: B | P93: PIPA DE AGUA EN RENTA 10 MIL LTS | Q93: 4900 | R93: ='VICENTE LOMBARDO'!$Q93*'VICENTE LOMBARDO'!$E93 -> 4900 | S93: ='VICENTE LOMBARDO'!$R93*16% -> 784 | T93: ='VICENTE LOMBARDO'!$R93+'VICENTE LOMBARDO'!$S93 -> 5684 | U93: MARQUESA 2
A94: 25 | B94: 1 | C94: 5738 | D94: 46190 | E94: 1 | F94: CARPETA | G94: HD-57440 | H94: 14 | J94: RAMIRO HERNANDEZ O. | K94: COSUM | L94: 35000 | M94: ='VICENTE LOMBARDO'!$L94-33 -> 34967 | N94: B | Q94: 4205 | R94: ='VICENTE LOMBARDO'!$Q94*'VICENTE LOMBARDO'!$E94 -> 4205 | S94: ='VICENTE LOMBARDO'!$R94*16% -> 672.8 | T94: ='VICENTE LOMBARDO'!$R94+'VICENTE LOMBARDO'!$S94 -> 4877.8 | U94: MARQUESA 2
A95: 25 | B95: 3 | C95: 5740 | D95: 46190 | E95: 1 | F95: CARPETA | G95: NJ-6644-D | H95: 14 | J95: RAMIRO HERNANDEZ | K95: COSUM | L95: =#REF! -> #REF! | M95: ='VICENTE LOMBARDO'!$L95-34 -> #REF! | N95: B | Q95: 4205 | R95: ='VICENTE LOMBARDO'!$Q95*'VICENTE LOMBARDO'!$E95 -> 4205 | S95: ='VICENTE LOMBARDO'!$R95*16% -> 672.8 | T95: ='VICENTE LOMBARDO'!$R95+'VICENTE LOMBARDO'!$S95 -> 4877.8 | U95: MARQUESA 2
A96: 25 | B96: 1 | C96: S/F | D96: 46190 | E96: 1 | F96: PIPA DE AGUA | G96: KR-9352-A | H96: 10 | J96: ROBERTO F. | K96: COSUM | L96: 0 | M96: 0 | N96: B | P96: PIPA DE AGUA EN RENTA 10 MIL LTS | Q96: 4500 | R96: ='VICENTE LOMBARDO'!$Q96*'VICENTE LOMBARDO'!$E96 -> 4500 | S96: ='VICENTE LOMBARDO'!$R96*16% -> 720 | T96: ='VICENTE LOMBARDO'!$R96+'VICENTE LOMBARDO'!$S96 -> 5220 | U96: MARQUESA 2
A97: 25 | B97: 1 | C97: S/F | D97: 46191 | E97: 1 | F97: PIPA DE AGUA | G97: KR-9352-A | H97: 10 | J97: ROBERTO F. | K97: COSUM | L97: 0 | M97: 0 | N97: B | P97: PIPA DE AGUA EN RENTA 10 MIL LTS | Q97: 5132 | R97: ='VICENTE LOMBARDO'!$Q97*'VICENTE LOMBARDO'!$E97 -> 5132 | S97: ='VICENTE LOMBARDO'!$R97*16% -> 821.12 | T97: ='VICENTE LOMBARDO'!$R97+'VICENTE LOMBARDO'!$S97 -> 5953.12 | U97: MARQUESA 2
A98: 25 | B98: 2 | C98: 266 | D98: =#REF! -> #REF! | E98: 1 | F98: CARPETA | G98: NJ-6644-D | H98: 14 | J98: RAMIRO HERNANDEZ | K98: COSUM ARIEL | L98: =#REF! -> #REF! | M98: ='VICENTE LOMBARDO'!$L98+35 -> #REF! | N98: A | Q98: 4205 | R98: ='VICENTE LOMBARDO'!$Q98*'VICENTE LOMBARDO'!$E98 -> 4205 | S98: ='VICENTE LOMBARDO'!$R98*16% -> 672.8 | T98: ='VICENTE LOMBARDO'!$R98+'VICENTE LOMBARDO'!$S98 -> 4877.8 | U98: MARQUESA 2
A99: 25 | B99: 4 | C99: 268 | D99: =#REF! -> #REF! | E99: 1 | F99: CARPETA | G99: HE-4281-J | H99: 14 | J99: DANIEL CRUZ | K99: COSUM | L99: =#REF! -> #REF! | M99: ='VICENTE LOMBARDO'!$L99+39 -> #REF! | N99: A | Q99: 4205 | R99: ='VICENTE LOMBARDO'!$Q99*'VICENTE LOMBARDO'!$E99 -> 4205 | S99: ='VICENTE LOMBARDO'!$R99*16% -> 672.8 | T99: ='VICENTE LOMBARDO'!$R99+'VICENTE LOMBARDO'!$S99 -> 4877.8 | U99: MARQUESA 2
A100: 25 | B100: 5 | C100: 269 | D100: =D99 -> #REF! | E100: 1 | F100: CARPETA | G100: HD-57440 | H100: 14 | J100: RAMIRO HERNANDEZ O. | K100: COSUM | L100: =M99 -> #REF! | M100: ='VICENTE LOMBARDO'!$L100+35 -> #REF! | N100: A | Q100: 4205 | R100: ='VICENTE LOMBARDO'!$Q100*'VICENTE LOMBARDO'!$E100 -> 4205 | S100: ='VICENTE LOMBARDO'!$R100*16% -> 672.8 | T100: ='VICENTE LOMBARDO'!$R100+'VICENTE LOMBARDO'!$S100 -> 4877.8 | U100: MARQUESA 2
A101: 25 | B101: 6 | C101: 270 | D101: =D100 -> #REF! | E101: 1 | F101: CARPETA | G101: 22-BC9R | H101: 14 | J101: REY DAVID | K101: COSUM | L101: =M100 -> #REF! | M101: ='VICENTE LOMBARDO'!$L101+37 -> #REF! | N101: A | Q101: 4205 | R101: ='VICENTE LOMBARDO'!$Q101*'VICENTE LOMBARDO'!$E101 -> 4205 | S101: ='VICENTE LOMBARDO'!$R101*16% -> 672.8 | T101: ='VICENTE LOMBARDO'!$R101+'VICENTE LOMBARDO'!$S101 -> 4877.8 | U101: MARQUESA 2
A102: 26 | B102: 6 | C102: 284 | D102: 46195 | E102: 1 | F102: CARPETA | G102: NJ-6644-D | H102: 14 | J102: RAMIRO HERNANDEZ | K102: COSUM | L102: 34508 | M102: 34465 | N102: B | Q102: 4205 | R102: ='VICENTE LOMBARDO'!$Q102*'VICENTE LOMBARDO'!$E102 -> 4205 | S102: ='VICENTE LOMBARDO'!$R102*16% -> 672.8 | T102: ='VICENTE LOMBARDO'!$R102+'VICENTE LOMBARDO'!$S102 -> 4877.8 | U102: MARQUESA 3
A103: 26 | B103: 7 | C103: 285 | D103: 46195 | E103: 1 | F103: CARPETA | G103: 22-BC9R | H103: 14 | J103: JUAN MANUEL | K103: COSUM | L103: 34465 | M103: 34424 | N103: B | Q103: 4205 | R103: ='VICENTE LOMBARDO'!$Q103*'VICENTE LOMBARDO'!$E103 -> 4205 | S103: ='VICENTE LOMBARDO'!$R103*16% -> 672.8 | T103: ='VICENTE LOMBARDO'!$R103+'VICENTE LOMBARDO'!$S103 -> 4877.8 | U103: MARQUESA 3
A104: 26 | B104: 8 | C104: 286 | D104: 46195 | E104: 1 | F104: CARPETA | G104: HE-4881-J | H104: 14 | J104: DANIEL CRUZ | K104: COSUM | L104: 34424 | M104: 34387 | N104: B | Q104: 4205 | R104: ='VICENTE LOMBARDO'!$Q104*'VICENTE LOMBARDO'!$E104 -> 4205 | S104: ='VICENTE LOMBARDO'!$R104*16% -> 672.8 | T104: ='VICENTE LOMBARDO'!$R104+'VICENTE LOMBARDO'!$S104 -> 4877.8 | U104: MARQUESA 3
A105: 26 | C105: 220 | D105: 46196 | E105: 1 | F105: VIAJE EN FALSO | Q105: 1000 | R105: ='VICENTE LOMBARDO'!$Q105*'VICENTE LOMBARDO'!$E105 -> 1000 | S105: ='VICENTE LOMBARDO'!$R105*16% -> 160 | T105: ='VICENTE LOMBARDO'!$R105+'VICENTE LOMBARDO'!$S105 -> 1160 | U105: MARQUESA 3
A106: 26 | B106: 6 | C106: 226 | D106: 46196 | E106: 1 | F106: CARPETA | G106: NR-0950-C | H106: 14 | I106: 24320 | J106: ALEJANDRO JONATHAN | K106: COSUM | L106: 23221 | M106: 23257 | N106: A | P106: PLANTA PEGASO | Q106: 7340 | R106: ='VICENTE LOMBARDO'!$Q106*'VICENTE LOMBARDO'!$E106 -> 7340 | S106: ='VICENTE LOMBARDO'!$R106*16% -> 1174.4 | T106: ='VICENTE LOMBARDO'!$R106+'VICENTE LOMBARDO'!$S106 -> 8514.4 | U106: MARQUESA 3
A107: 26 | B107: 7 | C107: 227 | D107: 46196 | E107: 1 | F107: CARPETA | G107: LM-1606-2 | H107: 14 | I107: 23740 | J107: CESAR MENDEZ | K107: COSUM | L107: 23257 | M107: 23298 | N107: A | P107: PLANTA PEGASO | Q107: 7340 | R107: ='VICENTE LOMBARDO'!$Q107*'VICENTE LOMBARDO'!$E107 -> 7340 | S107: ='VICENTE LOMBARDO'!$R107*16% -> 1174.4 | T107: ='VICENTE LOMBARDO'!$R107+'VICENTE LOMBARDO'!$S107 -> 8514.4 | U107: MARQUESA 3
A108: 26 | B108: 11 | C108: 231 | D108: 46196 | E108: 1 | F108: CARPETA | G108: HE-4881-J | H108: 14 | I108: 24180 | J108: DANIEL CRUZ | K108: COSUM | L108: 23407 | M108: 23448 | N108: A | P108: PLANTA PEGASO | Q108: 7340 | R108: ='VICENTE LOMBARDO'!$Q108*'VICENTE LOMBARDO'!$E108 -> 7340 | S108: ='VICENTE LOMBARDO'!$R108*16% -> 1174.4 | T108: ='VICENTE LOMBARDO'!$R108+'VICENTE LOMBARDO'!$S108 -> 8514.4 | U108: MARQUESA 3
A109: 26 | B109: 12 | C109: 232 | D109: 46196 | E109: 1 | F109: CARPETA | G109: HD-5744-O | H109: 14 | I109: 23040 | J109: RAMIRO MENDEZ | K109: COSUM | L109: 23448 | M109: 23488 | N109: A | P109: PLANTA PEGASO | Q109: 7340 | R109: ='VICENTE LOMBARDO'!$Q109*'VICENTE LOMBARDO'!$E109 -> 7340 | S109: ='VICENTE LOMBARDO'!$R109*16% -> 1174.4 | T109: ='VICENTE LOMBARDO'!$R109+'VICENTE LOMBARDO'!$S109 -> 8514.4 | U109: MARQUESA 3
A110: 26 | B110: 13 | C110: 233 | D110: 46196 | E110: 1 | F110: CARPETA | G110: 22-BC9R | H110: 14 | I110: 24300 | J110: JUAN MANUEL | K110: COSUM | L110: 23488 | M110: 23526 | N110: A | P110: PLANTA PEGASO | Q110: 7340 | R110: ='VICENTE LOMBARDO'!$Q110*'VICENTE LOMBARDO'!$E110 -> 7340 | S110: ='VICENTE LOMBARDO'!$R110*16% -> 1174.4 | T110: ='VICENTE LOMBARDO'!$R110+'VICENTE LOMBARDO'!$S110 -> 8514.4 | U110: MARQUESA 3
A111: 26 | B111: 14 | C111: 234 | D111: 46196 | E111: 1 | F111: CARPETA | G111: HE-4251-G | H111: 14 | I111: 25040 | J111: REY DAVID | K111: COSUM | L111: 23526 | M111: 23560 | N111: A | P111: PLANTA PEGASO | Q111: 7340 | R111: ='VICENTE LOMBARDO'!$Q111*'VICENTE LOMBARDO'!$E111 -> 7340 | S111: ='VICENTE LOMBARDO'!$R111*16% -> 1174.4 | T111: ='VICENTE LOMBARDO'!$R111+'VICENTE LOMBARDO'!$S111 -> 8514.4 | U111: MARQUESA 3
...
