Workbook

Sheet FRESADO
A1: SEM | B1: NO | C1: FOLIO | D1: FECHA | E1: VIAJES | F1: MATERIAL | G1: PLACAS | H1: CAPACIDAD | I1: UNIDAD | J1: OPERADOR | K1: SINDICATO | L1: KM INICIA | M1: KM TERMINA | N1: TIRO | O1: CPO | P1: CARRIL | Q1: OBSERVACIONES | R1: PU | S1: IMPORTE | T1: IVA | U1: TOTAL | V1: CONCILIACION | W1: ESTATUS | X1: FACTURA
A2: 28 | B2: 1 | C2: 1917 | D2: 46212 | E2: 1 | F2: FRESADO | G2: MY-7968-B | H2: 14 | I2: M³ | J2: JORGE GARCIA | K2: COSUM TOLUCA | L2: NA | M2: NA | N2: PEGASSO | O2: 1 | P2: BAJA | R2: 2000 | S2: =FRESADO!$R2*FRESADO!$E2 -> 2000 | T2: =FRESADO!$S2*16% -> 320 | U2: =FRESADO!$S2+FRESADO!$T2 -> 2320 | V2: A DEL M 1
A3: 28 | B3: 2 | C3: 1918 | D3: 46212 | E3: 1 | F3: FRESADO | G3: LD-5752-26 | H3: 14 | I3: M³ | J3: ARTURO HERNANDEZ | K3: COSUM TOLUCA | L3: NA | M3: NA | N3: PEGASSO | O3: 1 | P3: BAJA | R3: 2000 | S3: =FRESADO!$R3*FRESADO!$E3 -> 2000 | T3: =FRESADO!$S3*16% -> 320 | U3: =FRESADO!$S3+FRESADO!$T3 -> 2320 | V3: A DEL M 1
A4: 28 | B4: 3 | C4: 1919 | D4: 46212 | E4: 1 | F4: FRESADO | G4: LH-1606-2 | H4: 14 | I4: M³ | J4: JULIO CESAR | K4: COSUM TOLUCA | L4: NA | M4: NA | N4: PEGASSO | O4: 1 | P4: BAJA | R4: 2000 | S4: =FRESADO!$R4*FRESADO!$E4 -> 2000 | T4: =FRESADO!$S4*16% -> 320 | U4: =FRESADO!$S4+FRESADO!$T4 -> 2320 | V4: A DEL M 1
A5: 28 | B5: 4 | C5: 1920 | D5: 46212 | E5: 1 | F5: FRESADO | G5: HG-6103-D | H5: 14 | I5: M³ | J5: ENRIQUE COLIN | K5: COSUM TOLUCA | L5: NA | M5: NA | N5: PEGASSO | O5: 1 | P5: BAJA | R5: 2000 | S5: =FRESADO!$R5*FRESADO!$E5 -> 2000 | T5: =FRESADO!$S5*16% -> 320 | U5: =FRESADO!$S5+FRESADO!$T5 -> 2320 | V5: A DEL M 1
A6: 28 | B6: 5 | C6: 1921 | D6: 46212 | E6: 1 | F6: FRESADO | G6: NR-0950-C | H6: 14 | I6: M³ | J6: ALEJANDRO FLORES | K6: COSUM TOLUCA | L6: NA | M6: NA | N6: PEGASSO | O6: 1 | P6: BAJA | R6: 2000 | S6: =FRESADO!$R6*FRESADO!$E6 -> 2000 | T6: =FRESADO!$S6*16% -> 320 | U6: =FRESADO!$S6+FRESADO!$T6 -> 2320 | V6: A DEL M 1
A7: 28 | B7: 6 | C7: 1922 | D7: 46212 | E7: 1 | F7: FRESADO | G7: HC-8639-C | H7: 14 | I7: M³ | J7: JORGE HERNANDEZ | K7: COSUM TOLUCA | L7: NA | M7: NA | N7: PEGASSO | O7: 1 | P7: BAJA | R7: 2000 | S7: =FRESADO!$R7*FRESADO!$E7 -> 2000 | T7: =FRESADO!$S7*16% -> 320 | U7: =FRESADO!$S7+FRESADO!$T7 -> 2320 | V7: A DEL M 1
A8: 28 | B8: 7 | C8: 1923 | D8: 46212 | E8: 1 | F8: FRESADO | G8: GX-0733-H | H8: 14 | I8: M³ | J8: MIGUEL ANGEL | K8: COSUM TOLUCA | L8: NA | M8: NA | N8: PEGASSO | O8: 1 | P8: BAJA | R8: 2000 | S8: =FRESADO!$R8*FRESADO!$E8 -> 2000 | T8: =FRESADO!$S8*16% -> 320 | U8: =FRESADO!$S8+FRESADO!$T8 -> 2320 | V8: A DEL M 1
A9: 28 | B9: 8 | C9: 1924 | D9: 46212 | E9: 1 | F9: CAMION DE LIMPIEZA | G9: MU-3175-9 | H9: 7 | I9: M³ | J9: DIEGO HERNANDEZ | K9: COSUM TOLUCA | L9: NA | M9: NA | N9: PEGASSO | O9: 1 | P9: BAJA | R9: 3200 | S9: =FRESADO!$R9*FRESADO!$E9 -> 3200 | T9: =FRESADO!$S9*16% -> 512 | U9: =FRESADO!$S9+FRESADO!$T9 -> 3712 | V9: A DEL M 1
A10: 28 | B10: 1 | C10: 1300 | D10: 46213 | E10: 1 | F10: FRESADO | G10: MY-7968-B | H10: 14 | I10: M3 | J10: JORGE GARCIA | K10: COSUM TOLUCA | N10: KM | O10: B | P10: ACOTAMIENTO | Q10: BANCO PEGASO | R10: 2000 | S10: =FRESADO!$R10*FRESADO!$E10 -> 2000 | T10: =FRESADO!$S10*16% -> 320 | U10: =FRESADO!$S10+FRESADO!$T10 -> 2320 | V10: A DEL M 1
A11: 28 | B11: 2 | C11: 1348 | D11: 46213 | E11: 1 | F11: FRESADO | G11: LH-16-062 | H11: 14 | I11: M3 | J11: CESAR HERNANDEZ | K11: COSUM TOLUCA | N11: KM | O11: B | P11: ACOTAMIENTO | Q11: BANCO PEGASO | R11: 2000 | S11: =FRESADO!$R11*FRESADO!$E11 -> 2000 | T11: =FRESADO!$S11*16% -> 320 | U11: =FRESADO!$S11+FRESADO!$T11 -> 2320 | V11: A DEL M 1
A12: 28 | B12: 3 | C12: 1349 | D12: 46213 | E12: 1 | F12: FRESADO | G12: GX-0733-H | H12: 14 | I12: M3 | J12: MIGUEL ANGEL | K12: COSUM TOLUCA | N12: KM | O12: B | P12: ACOTAMIENTO | Q12: BANCO PEGASO | R12: 2000 | S12: =FRESADO!$R12*FRESADO!$E12 -> 2000 | T12: =FRESADO!$S12*16% -> 320 | U12: =FRESADO!$S12+FRESADO!$T12 -> 2320 | V12: A DEL M 1
A13: 28 | B13: 4 | C13: 1350 | D13: 46213 | E13: 1 | F13: FRESADO | G13: LD-57-526 | H13: 14 | I13: M3 | J13: ARTURO HERNANDEZ | K13: COSUM TOLUCA | N13: KM | O13: B | P13: ACOTAMIENTO | Q13: BANCO PEGASO | R13: 2000 | S13: =FRESADO!$R13*FRESADO!$E13 -> 2000 | T13: =FRESADO!$S13*16% -> 320 | U13: =FRESADO!$S13+FRESADO!$T13 -> 2320 | V13: A DEL M 1
A14: 28 | B14: 5 | C14: 1351 | D14: 46213 | E14: 1 | F14: FRESADO | G14: HC-8639-C | H14: 14 | I14: M3 | J14: OSCAR HERNANDEZ | K14: COSUM TOLUCA | N14: KM | O14: B | P14: ACOTAMIENTO | Q14: BANCO PEGASO | R14: 2000 | S14: =FRESADO!$R14*FRESADO!$E14 -> 2000 | T14: =FRESADO!$S14*16% -> 320 | U14: =FRESADO!$S14+FRESADO!$T14 -> 2320 | V14: A DEL M 1
A15: 28 | B15: 6 | C15: 1352 | D15: 46213 | E15: 1 | F15: FRESADO | G15: NR-0950-C | H15: 14 | I15: M3 | J15: ALEJANDRO FLORES | K15: COSUM TOLUCA | N15: KM | O15: B | P15: ACOTAMIENTO | Q15: BANCO PEGASO | R15: 2000 | S15: =FRESADO!$R15*FRESADO!$E15 -> 2000 | T15: =FRESADO!$S15*16% -> 320 | U15: =FRESADO!$S15+FRESADO!$T15 -> 2320 | V15: A DEL M 1
A16: 28 | B16: 7 | C16: 1353 | D16: 46213 | E16: 1 | F16: FRESADO | G16: MY-7968-B | H16: 14 | I16: M3 | J16: JORGE GARCIA | K16: COSUM TOLUCA | N16: KM | O16: B | P16: ACOTAMIENTO | Q16: BANCO ZINACANTEPEC | R16: 2855 | S16: =FRESADO!$R16*FRESADO!$E16 -> 2855 | T16: =FRESADO!$S16*16% -> 456.8 | U16: =FRESADO!$S16+FRESADO!$T16 -> 3311.8 | V16: A DEL M 1
A17: 28 | B17: 8 | C17: 1354 | D17: 46213 | E17: 1 | F17: FRESADO | G17: LH-16-062 | H17: 14 | I17: M3 | J17: CESAR HERNANDEZ | K17: COSUM TOLUCA | N17: KM | O17: B | P17: ACOTAMIENTO | Q17: BANCO PEGASO | R17: 2000 | S17: =FRESADO!$R17*FRESADO!$E17 -> 2000 | T17: =FRESADO!$S17*16% -> 320 | U17: =FRESADO!$S17+FRESADO!$T17 -> 2320 | V17: A DEL M 1
A18: 28 | B18: 9 | C18: 1355 | D18: 46213 | E18: 1 | F18: FRESADO | G18: GX-0733-H | H18: 14 | I18: M3 | J18: MIGUEL ANGEL | K18: COSUM TOLUCA | N18: KM | O18: B | P18: ACOTAMIENTO | Q18: BANCO PEGASO | R18: 2000 | S18: =FRESADO!$R18*FRESADO!$E18 -> 2000 | T18: =FRESADO!$S18*16% -> 320 | U18: =FRESADO!$S18+FRESADO!$T18 -> 2320 | V18: A DEL M 1
A19: 28 | B19: 10 | C19: 1356 | D19: 46213 | E19: 1 | F19: FRESADO | G19: HC-8639-C | H19: 14 | I19: M3 | J19: JORGE HERNANDEZ | K19: COSUM TOLUCA | N19: KM | O19: B | P19: ACOTAMIENTO | Q19: BANCO PEGASO | R19: 2000 | S19: =FRESADO!$R19*FRESADO!$E19 -> 2000 | T19: =FRESADO!$S19*16% -> 320 | U19: =FRESADO!$S19+FRESADO!$T19 -> 2320 | V19: A DEL M 1
A20: 28 | B20: 11 | C20: 1357 | D20: 46213 | E20: 1 | F20: VIAJE EN FALSO | H20: 0 | K20: COSUM TOLUCA | Q20: VIAJE EN FALSO | R20: 1000 | S20: =FRESADO!$R20*FRESADO!$E20 -> 1000 | T20: =FRESADO!$S20*16% -> 160 | U20: =FRESADO!$S20+FRESADO!$T20 -> 1160 | V20: A DEL M 1
A21: 28 | B21: 12 | C21: 1358 | D21: 46213 | E21: 1 | F21: CAMION DE LIMPIEZA | G21: MU-31-759 | H21: 7 | I21: M3 | J21: DIEGO HERNANDEZ | K21: COSUM TOLUCA | N21: KM | O21: B | P21: ACOTAMIENTO | Q21: SE UTILIZO PARA LIMPIEZA O RETIRO DE ESCOMBRO | R21: 3400 | S21: =FRESADO!$R21*FRESADO!$E21 -> 3400 | T21: =FRESADO!$S21*16% -> 544 | U21: =FRESADO!$S21+FRESADO!$T21 -> 3944 | V21: A DEL M 1
A22: 28 | B22: 13 | C22: 1359 | D22: 46213 | E22: 1 | F22: PIPA DE AGUA | G22: HB-0596-D | H22: 10 | I22: M3 | J22: FRANCISCO ALBARRAN | K22: COSUM TOLUCA | N22: KM | O22: B | P22: ACOTAMIENTO | R22: 4700 | S22: =FRESADO!$R22*FRESADO!$E22 -> 4700 | T22: =FRESADO!$S22*16% -> 752 | U22: =FRESADO!$S22+FRESADO!$T22 -> 5452 | V22: A DEL M 2
A23: 28 | B23: 14 | C23: 1361 | D23: 46214 | E23: 1 | F23: VIAJE EN FALSO | H23: 0 | Q23: VIAJE EN FALSO | S23: =FRESADO!$R23*FRESADO!$E23 -> 0 | T23: =FRESADO!$S23*16% -> 0 | U23: =FRESADO!$S23+FRESADO!$T23 -> 0
A24: 28 | B24: 15 | C24: 1362 | D24: 46214 | E24: 1 | F24: VIAJE EN FALSO | H24: 0 | K24: COSUM TOLUCA | Q24: VIAJE EN FALSO | R24: 1000 | S24: =FRESADO!$R24*FRESADO!$E24 -> 1000 | T24: =FRESADO!$S24*16% -> 160 | U24: =FRESADO!$S24+FRESADO!$T24 -> 1160 | V24: A DEL M 1
A25: 28 | B25: 16 | C25: 1363 | D25: 46214 | E25: 1 | F25: VIAJE EN FALSO | H25: 0 | K25: COSUM TOLUCA | Q25: VIAJE EN FALSO | R25: 1000 | S25: =FRESADO!$R25*FRESADO!$E25 -> 1000 | T25: =FRESADO!$S25*16% -> 160 | U25: =FRESADO!$S25+FRESADO!$T25 -> 1160 | V25: A DEL M 1
A26: 28 | B26: 17 | C26: 1360 | D26: 46214 | E26: 1 | F26: CAMION DE LIMPIEZA | G26: HG-5430-G | H26: 7 | I26: M3 | J26: ONESIMO HERNANDEZ | K26: COSUM TOLUCA | N26: KM | O26: B | P26: ACOTAMIENTO | Q26: SE UTILIZO PARA LIMPIEZA O RETIRO DE ESCOMBRO | R26: 3200 | S26: =FRESADO!$R26*FRESADO!$E26 -> 3200 | T26: =FRESADO!$S26*16% -> 512 | U26: =FRESADO!$S26+FRESADO!$T26 -> 3712 | V26: A DEL M 1
A27: 28 | B27: 18 | C27: 1365 | D27: 46214 | E27: 1 | F27: CAMION DE LIMPIEZA | G27: HG-9585-H | H27: 7 | I27: M3 | J27: JUAN GUADARRAMA | K27: COSUM TOLUCA | N27: KM | O27: B | P27: ACOTAMIENTO | Q27: SE UTILIZO PARA LIMPIEZA O RETIRO DE ESCOMBRO | R27: 3200 | S27: =FRESADO!$R27*FRESADO!$E27 -> 3200 | T27: =FRESADO!$S27*16% -> 512 | U27: =FRESADO!$S27+FRESADO!$T27 -> 3712 | V27: A DEL M 1
A28: 28 | B28: 19 | C28: 1364 | D28: 46214 | E28: 1 | F28: PIPA DE AGUA | G28: KR-9352-A | H28: 0 | I28: M3 | J28: ROBERTO ONOFRE | K28: COSUM TOLUCA | N28: KM | O28: B | P28: ACOTAMIENTO | R28: 4500 | S28: =FRESADO!$R28*FRESADO!$E28 -> 4500 | T28: =FRESADO!$S28*16% -> 720 | U28: =FRESADO!$S28+FRESADO!$T28 -> 5220 | V28: A DEL M 2
A29: 29 | B29: 20 | C29: 1366 | D29: 46216 | E29: 1 | F29: FRESADO | G29: HG-5430-G | H29: 7 | I29: M3 | J29: ALEJANDRO HERNANDEZ | K29: COSUM TOLUCA | N29: KM | O29: B | P29: CARRIL DE ALTA | Q29: PEGASO | R29: 1000 | S29: =FRESADO!$R29*FRESADO!$E29 -> 1000 | T29: =FRESADO!$S29*16% -> 160 | U29: =FRESADO!$S29+FRESADO!$T29 -> 1160 | V29: A DEL M 2
A30: 29 | B30: 21 | C30: 1367 | D30: 46216 | E30: 1 | F30: FRESADO | G30: MX-3669-D | H30: 14 | I30: M3 | J30: SIGFRIADO CALDERA | K30: COSUM TOLUCA | N30: KM | O30: B | P30: CARRIL DE ALTA | Q30: BANCO ZINACANTEPEC | R30: 2855 | S30: =FRESADO!$R30*FRESADO!$E30 -> 2855 | T30: =FRESADO!$S30*16% -> 456.8 | U30: =FRESADO!$S30+FRESADO!$T30 -> 3311.8 | V30: A DEL M 2
A31: 29 | B31: 22 | C31: 1368 | D31: 46216 | E31: 1 | F31: FRESADO | G31: HB-9249-J | H31: 14 | I31: M3 | J31: DANIEL SANCHEZ | K31: COSUM TOLUCA | N31: KM | O31: B | P31: CARRIL DE ALTA | Q31: BANCO ZINACANTEPEC | R31: 2855 | S31: =FRESADO!$R31*FRESADO!$E31 -> 2855 | T31: =FRESADO!$S31*16% -> 456.8 | U31: =FRESADO!$S31+FRESADO!$T31 -> 3311.8 | V31: A DEL M 2
A32: 29 | B32: 23 | C32: 1369 | D32: 46216 | E32: 1 | F32: FRESADO | G32: LD-57-526 | H32: 14 | I32: M3 | J32: ARTURO HERNANDEZ | K32: COSUM TOLUCA | N32: KM | O32: B | P32: CARRIL DE ALTA | Q32: PLANTA PEGASO | R32: 2000 | S32: =FRESADO!$R32*FRESADO!$E32 -> 2000 | T32: =FRESADO!$S32*16% -> 320 | U32: =FRESADO!$S32+FRESADO!$T32 -> 2320 | V32: A DEL M 1
A33: 29 | B33: 24 | C33: 1370 | D33: 46216 | E33: 1 | F33: FRESADO | G33: HE-4281-J | H33: 14 | I33: M3 | J33: DANIEL CRUZ | K33: COSUM TOLUCA | N33: KM | O33: B | P33: CARRIL DE ALTA | Q33: PLANTA PEGASO | R33: 2000 | S33: =FRESADO!$R33*FRESADO!$E33 -> 2000 | T33: =FRESADO!$S33*16% -> 320 | U33: =FRESADO!$S33+FRESADO!$T33 -> 2320 | V33: A DEL M 2
A34: 29 | B34: 25 | C34: 1371 | D34: 46216 | E34: 1 | F34: FRESADO | G34: HE-4251-J | H34: 14 | I34: M3 | J34: REY DAVID | K34: COSUM TOLUCA | N34: KM | O34: B | P34: CARRIL DE ALTA | Q34: PLANTA PEGASO | R34: 2000 | S34: =FRESADO!$R34*FRESADO!$E34 -> 2000 | T34: =FRESADO!$S34*16% -> 320 | U34: =FRESADO!$S34+FRESADO!$T34 -> 2320 | V34: A DEL M 2
A35: 29 | B35: 26 | C35: 1372 | D35: 46216 | E35: 1 | F35: FRESADO | G35: HC-8639-C | H35: 14 | I35: M3 | J35: JORGE HERNANDEZ | K35: COSUM TOLUCA | N35: KM | O35: B | P35: CARRIL DE ALTA | Q35: PLANTA PEGASO | R35: 2000 | S35: =FRESADO!$R35*FRESADO!$E35 -> 2000 | T35: =FRESADO!$S35*16% -> 320 | U35: =FRESADO!$S35+FRESADO!$T35 -> 2320 | V35: A DEL M 2
A36: 29 | B36: 27 | C36: 1373 | D36: 46216 | E36: 1 | F36: FRESADO | G36: HG-5430-G | H36: 7 | I36: M3 | J36: ALEJANDRO HERNANDEZ | K36: COSUM TOLUCA | N36: KM | O36: B | P36: CARRIL DE ALTA | Q36: PLANTA PEGASO | R36: 1000 | S36: =FRESADO!$R36*FRESADO!$E36 -> 1000 | T36: =FRESADO!$S36*16% -> 160 | U36: =FRESADO!$S36+FRESADO!$T36 -> 1160 | V36: A DEL M 2
A37: 29 | B37: 28 | C37: 1374 | D37: 46216 | E37: 1 | F37: FRESADO | G37: NR-0950-C | H37: 14 | I37: M3 | J37: ALEJANDRO FLORES | K37: COSUM TOLUCA | N37: KM | O37: B | P37: CARRIL DE ALTA | Q37: PLANTA PEGASO | R37: 2000 | S37: =FRESADO!$R37*FRESADO!$E37 -> 2000 | T37: =FRESADO!$S37*16% -> 320 | U37: =FRESADO!$S37+FRESADO!$T37 -> 2320 | V37: A DEL M 2
A38: 29 | B38: 29 | C38: 1375 | D38: 46216 | E38: 1 | F38: FRESADO | G38: MX-3669-D | H38: 14 | I38: M3 | J38: SIGFRIADO CALDERA | K38: COSUM TOLUCA | N38: KM | O38: B | P38: CARRIL DE ALTA | Q38: BANCO ZINACANTEPEC | R38: 2855 | S38: =FRESADO!$R38*FRESADO!$E38 -> 2855 | T38: =FRESADO!$S38*16% -> 456.8 | U38: =FRESADO!$S38+FRESADO!$T38 -> 3311.8 | V38: A DEL M 2
A39: 29 | B39: 30 | C39: 1376 | D39: 46216 | E39: 1 | F39: FRESADO | G39: HB-9249-J | H39: 14 | I39: M3 | J39: DANIEL SANCHEZ | K39: COSUM TOLUCA | N39: KM | O39: B | P39: CARRIL DE ALTA | Q39: BANCO ZINACANTEPEC | R39: 2855 | S39: =FRESADO!$R39*FRESADO!$E39 -> 2855 | T39: =FRESADO!$S39*16% -> 456.8 | U39: =FRESADO!$S39+FRESADO!$T39 -> 3311.8 | V39: A DEL M 2
A40: 29 | B40: 31 | C40: 1377 | D40: 46216 | E40: 1 | F40: FRESADO | G40: LD-57-526 | H40: 14 | I40: M3 | J40: ARTURO HERNANDEZ | K40: COSUM TOLUCA | N40: KM | O40: B | P40: CARRIL DE ALTA | Q40: PLANTA PEGASO | R40: 2000 | S40: =FRESADO!$R40*FRESADO!$E40 -> 2000 | T40: =FRESADO!$S40*16% -> 320 | U40: =FRESADO!$S40+FRESADO!$T40 -> 2320 | V40: A DEL M 1
... A43: 29 | B43: 34 | C43: 1380 | D43: 46216 | E43: 1 | F43: FRESADO | G43: HC-8639-C | H43: 14 | I43: M3 | J43: JORGE HERNANDEZ | K43: COSUM TOLUCA | N43: KM | O43: B | P43: CARRIL DE ALTA | Q43: PLANTA PEGASO | R43: 2000 | S43: =FRESADO!$R43*FRESADO!$E43 -> 2000 | T43: =FRESADO!$S43*16% -> 320 | U43: =FRESADO!$S43+FRESADO!$T43 -> 2320 | V43: A DEL M 2
A44: 29 | B44: 35 | C44: 1381 | D44: 46216 | E44: 0 | F44: NOTA CANCELADA | H44: 0 | Q44: NOTA CANCELADA | S44: =FRESADO!$R44*FRESADO!$E44 -> 0 | T44: =FRESADO!$S44*16% -> 0 | U44: =FRESADO!$S44+FRESADO!$T44 -> 0
A45: 29 | B45: 36 | C45: 1382 | D45: 46216 | E45: 1 | F45: FRESADO | G45: LH-16-062 | H45: 14 | I45: M3 | J45: CESAR HERNANDEZ | K45: COSUM TOLUCA | N45: KM | O45: B | P45: CARRIL DE ALTA | Q45: PLANTA PEGASO | R45: 2000 | S45: =FRESADO!$R45*FRESADO!$E45 -> 2000 | T45: =FRESADO!$S45*16% -> 320 | U45: =FRESADO!$S45+FRESADO!$T45 -> 2320 | V45: A DEL M 2
A46: 29 | B46: 37 | C46: 1383 | D46: 46216 | E46: 1 | F46: CAMION DE LIMPIEZA | G46: HB-7328-C | H46: 7 | I46: M3 | J46: JAIME HERNANDEZ | K46: COSUM | N46: KM | O46: B | P46: ACOTAMIENTO | Q46: SE UTILIZO PARA LIMPIEZA O RETIRO DE ESCOMBRO | S46: =FRESADO!$R46*FRESADO!$E46 -> 0 | T46: =FRESADO!$S46*16% -> 0 | U46: =FRESADO!$S46+FRESADO!$T46 -> 0
A47: 29 | B47: 38 | C47: 1384 | D47: 46216 | E47: 1 | F47: PIPA DE AGUA | G47: HB-0596-D | H47: 20 | I47: M3 | J47: FRANCISCO ALBARRAN | K47: COSUM TOLUCA | N47: KM | O47: B | P47: ACOTAMIENTO | R47: 9400 | S47: =FRESADO!$R47*FRESADO!$E47 -> 9400 | T47: =FRESADO!$S47*16% -> 1504 | U47: =FRESADO!$S47+FRESADO!$T47 -> 10904 | V47: A DEL M 2
A48: 29 | B48: 39 | C48: 1385 | D48: 46216 | E48: 1 | F48: CAMION DE LIMPIEZA | G48: HG-4530-G | H48: 7 | I48: M3 | J48: ALEJANDRO HERNANDEZ | K48: COSUM TOLUCA | N48: KM | O48: B | P48: ACOTAMIENTO | Q48: SE UTILIZO PARA LIMPIEZA O RETIRO DE ESCOMBRO | R48: 3200 | S48: =FRESADO!$R48*FRESADO!$E48 -> 3200 | T48: =FRESADO!$S48*16% -> 512 | U48: =FRESADO!$S48+FRESADO!$T48 -> 3712 | V48: A DEL M 2
A49: 29 | B49: 1 | C49: 58 | D49: 46217 | E49: 1 | F49: FRESADO | G49: NB1258D | H49: 14 | I49: M3 | J49: SANTOS SOTERO | K49: COSUM TOLUCA | N49: PEGASO | R49: 2400 | S49: =FRESADO!$R49*FRESADO!$E49 -> 2400 | T49: =FRESADO!$S49*16% -> 384 | U49: =FRESADO!$S49+FRESADO!$T49 -> 2784 | V49: A DEL M 2
A50: 29 | B50: 2 | C50: 59 | D50: 46217 | E50: 1 | F50: FRESADO | G50: NR0950C | H50: 14 | I50: M3 | J50: ALEJANDRO FLORES | K50: COSUM TOLUCA | N50: PEGASO | R50: 2400 | S50: =FRESADO!$R50*FRESADO!$E50 -> 2400 | T50: =FRESADO!$S50*16% -> 384 | U50: =FRESADO!$S50+FRESADO!$T50 -> 2784 | V50: A DEL M 2
A51: 29 | B51: 3 | C51: 60 | D51: 46217 | E51: 1 | F51: FRESADO | G51: LH16062 | H51: 14 | I51: M3 | J51: CESAR HERNANDEZ | K51: COSUM TOLUCA | N51: PEGASO | R51: 2400 | S51: =FRESADO!$R51*FRESADO!$E51 -> 2400 | T51: =FRESADO!$S51*16% -> 384 | U51: =FRESADO!$S51+FRESADO!$T51 -> 2784 | V51: A DEL M 2
A52: 29 | B52: 4 | C52: 61 | D52: 46217 | E52: 1 | F52: FRESADO | G52: LD57526 | H52: 14 | I52: M3 | J52: ARTURO HERNANDEZ | K52: COSUM TOLUCA | N52: PEGASO | R52: 2400 | S52: =FRESADO!$R52*FRESADO!$E52 -> 2400 | T52: =FRESADO!$S52*16% -> 384 | U52: =FRESADO!$S52+FRESADO!$T52 -> 2784 | V52: A DEL M 4
A53: 29 | B53: 5 | C53: 62 | D53: 46217 | E53: 1 | F53: FRESADO | G53: HG6103D | H53: 14 | I53: M3 | J53: ENRIQUE COLIN | K53: COSUM TOLUCA | N53: PEGASO | R53: 2400 | S53: =FRESADO!$R53*FRESADO!$E53 -> 2400 | T53: =FRESADO!$S53*16% -> 384 | U53: =FRESADO!$S53+FRESADO!$T53 -> 2784 | V53: A DEL M 2
A54: 29 | B54: 6 | C54: 63 | D54: 46217 | E54: 1 | F54: FRESADO | G54: MY7968B | H54: 14 | I54: M3 | J54: JORGE GARCIA | K54: COSUM TOLUCA | N54: PEGASO | R54: 2400 | S54: =FRESADO!$R54*FRESADO!$E54 -> 2400 | T54: =FRESADO!$S54*16% -> 384 | U54: =FRESADO!$S54+FRESADO!$T54 -> 2784 | V54: A DEL M 2
A55: 29 | B55: 7 | C55: 64 | D55: 46217 | E55: 1 | F55: FRESADO | G55: NB1258D | H55: 14 | I55: M3 | J55: SANTOS SOTERO | K55: COSUM TOLUCA | N55: PEGASO | R55: 2400 | S55: =FRESADO!$R55*FRESADO!$E55 -> 2400 | T55: =FRESADO!$S55*16% -> 384 | U55: =FRESADO!$S55+FRESADO!$T55 -> 2784 | V55: A DEL M 2
A56: 29 | B56: 8 | C56: 65 | D56: 46217 | E56: 1 | F56: FRESADO | G56: LH16062 | H56: 14 | I56: M3 | J56: CESAR HERNANDEZ | K56: COSUM TOLUCA | N56: PEGASO | R56: 2400 | S56: =FRESADO!$R56*FRESADO!$E56 -> 2400 | T56: =FRESADO!$S56*16% -> 384 | U56: =FRESADO!$S56+FRESADO!$T56 -> 2784 | V56: A DEL M 2
A57: 29 | B57: 9 | C57: 66 | D57: 46217 | E57: 1 | F57: FRESADO | G57: NR0950C | H57: 14 | I57: M3 | J57: ALEJANDRO FLORES | K57: COSUM TOLUCA | N57: PEGASO | R57: 2400 | S57: =FRESADO!$R57*FRESADO!$E57 -> 2400 | T57: =FRESADO!$S57*16% -> 384 | U57: =FRESADO!$S57+FRESADO!$T57 -> 2784 | V57: A DEL M 2
A58: 29 | B58: 10 | C58: 67 | D58: 46217 | E58: 1 | F58: FRESADO | G58: LD57526 | H58: 14 | I58: M3 | J58: ARTURO HERNANDEZ | K58: COSUM TOLUCA | N58: PEGASO | R58: 2400 | S58: =FRESADO!$R58*FRESADO!$E58 -> 2400 | T58: =FRESADO!$S58*16% -> 384 | U58: =FRESADO!$S58+FRESADO!$T58 -> 2784 | V58: A DEL M 2
A59: 29 | B59: 11 | C59: 68 | D59: 46217 | E59: 1 | F59: FRESADO | G59: HG6103D | H59: 14 | I59: M3 | J59: ENRIQUE COLIN | K59: COSUM TOLUCA | N59: PEGASO | R59: 2400 | S59: =FRESADO!$R59*FRESADO!$E59 -> 2400 | T59: =FRESADO!$S59*16% -> 384 | U59: =FRESADO!$S59+FRESADO!$T59 -> 2784 | V59: A DEL M 2
A60: 29 | B60: 12 | C60: 69 | D60: 46217 | E60: 1 | F60: FRESADO | G60: MY7968B | H60: 14 | I60: M3 | J60: JORGE GARCIA | K60: COSUM TOLUCA | N60: PEGASO | R60: 2400 | S60: =FRESADO!$R60*FRESADO!$E60 -> 2400 | T60: =FRESADO!$S60*16% -> 384 | U60: =FRESADO!$S60+FRESADO!$T60 -> 2784 | V60: A DEL M 2
... A62: 29 | B62: 14 | C62: 71 | D62: 46218 | E62: 1 | F62: FRESADO | G62: MY7968B | H62: 14 | I62: M3 | J62: JORGE GARCIA | K62: COSUM TOLUCA | N62: PEGASO | R62: 3255 | S62: =FRESADO!$R62*FRESADO!$E62 -> 3255 | T62: =FRESADO!$S62*16% -> 520.8 | U62: =FRESADO!$S62+FRESADO!$T62 -> 3775.8 | V62: A DEL M 2
A63: 29 | B63: 15 | C63: 72 | D63: FRESADO | E63: 1 | F63: FRESADO | G63: NB1258D | H63: 14 | I63: M3 | J63: SANTOS SOTERO | K63: COSUM TOLUCA | N63: BANCO OFICIAL ZINACANTEPEC | R63: 3255 | S63: =FRESADO!$R63*FRESADO!$E63 -> 3255 | T63: =FRESADO!$S63*16% -> 520.8 | U63: =FRESADO!$S63+FRESADO!$T63 -> 3775.8 | V63: A DEL M 2
A64: 29 | B64: 16 | C64: 73 | D64: 46218 | E64: 1 | F64: FRESADO | G64: NR0950C | H64: 14 | I64: M3 | J64: ALEJANDRO FLORES | K64: COSUM TOLUCA | N64: BANCO OFICIAL ZINACANTEPEC | R64: 3255 | S64: =FRESADO!$R64*FRESADO!$E64 -> 3255 | T64: =FRESADO!$S64*16% -> 520.8 | U64: =FRESADO!$S64+FRESADO!$T64 -> 3775.8 | V64: A DEL M 2
A65: 29 | B65: 17 | C65: 74 | D65: 46218 | E65: 1 | F65: FRESADO | G65: HG6103D | H65: 14 | I65: M3 | J65: ENRIQUE COLIN | K65: COSUM TOLUCA | N65: BANCO OFICIAL ZINACANTEPEC | R65: 3255 | S65: =FRESADO!$R65*FRESADO!$E65 -> 3255 | T65: =FRESADO!$S65*16% -> 520.8 | U65: =FRESADO!$S65+FRESADO!$T65 -> 3775.8 | V65: A DEL M 2
A66: 29 | B66: 18 | C66: 75 | D66: 46218 | E66: 1 | F66: FRESADO | G66: LH16062 | H66: 14 | I66: M3 | J66: CESAR HERNANDEZ | K66: COSUM TOLUCA | N66: BANCO OFICIAL ZINACANTEPEC | R66: 3255 | S66: =FRESADO!$R66*FRESADO!$E66 -> 3255 | T66: =FRESADO!$S66*16% -> 520.8 | U66: =FRESADO!$S66+FRESADO!$T66 -> 3775.8 | V66: A DEL M 2
A67: 29 | B67: 19 | C67: 76 | D67: 46218 | E67: 1 | F67: FRESADO Y LIMPIEZA | G67: LD57526 | H67: 14 | I67: M3 | J67: ARTURO HERNANDEZ | K67: COSUM TOLUCA | N67: LIBRE | R67: 6720 | S67: =FRESADO!$R67*FRESADO!$E67 -> 6720 | T67: =FRESADO!$S67*16% -> 1075.2 | U67: =FRESADO!$S67+FRESADO!$T67 -> 7795.2 | V67: A DEL M 2
A68: 29 | B68: 20 | C68: 77 | D68: 46218 | E68: 1 | F68: PIPA DE AGUA | G68: HB0596J | H68: 10 | I68: M3 | J68: FRANCISCO ALBARRAN | K68: COSUM TOLUCA | N68: OBRA | R68: 5400 | S68: =FRESADO!$R68*FRESADO!$E68 -> 5400 | T68: =FRESADO!$S68*16% -> 864 | U68: =FRESADO!$S68+FRESADO!$T68 -> 6264 | V68: A DEL M 2
A69: 29 | B69: 21 | C69: 78 | D69: 46219 | E69: 1 | F69: FRESADO | G69: MY7968B | H69: 14 | I69: M3 | J69: JORGE GARCIA | K69: COSUM TOLUCA | N69: SAN MARTIN CALLE ZARAGOZA | R69: 2400 | S69: =FRESADO!$R69*FRESADO!$E69 -> 2400 | T69: =FRESADO!$S69*16% -> 384 | U69: =FRESADO!$S69+FRESADO!$T69 -> 2784 | V69: A DEL M 2
A70: 29 | B70: 22 | C70: 79 | D70: 46219 | E70: 1 | F70: FRESADO | G70: NB1258D | H70: 14 | I70: M3 | J70: SANTOS SOTERO | K70: COSUM TOLUCA | N70: PEGASO | R70: 2400 | S70: =FRESADO!$R70*FRESADO!$E70 -> 2400 | T70: =FRESADO!$S70*16% -> 384 | U70: =FRESADO!$S70+FRESADO!$T70 -> 2784 | V70: A DEL M 2
A71: 29 | B71: 23 | C71: 80 | D71: 46219 | E71: 1 | F71: FRESADO | G71: HB9249J | H71: 14 | I71: M3 | J71: DANIEL SANCHEZ | K71: COSUM TOLUCA | N71: PEGASO | R71: 2400 | S71: =FRESADO!$R71*FRESADO!$E71 -> 2400 | T71: =FRESADO!$S71*16% -> 384 | U71: =FRESADO!$S71+FRESADO!$T71 -> 2784 | V71: A DEL M 2
A72: 29 | B72: 24 | C72: 81 | D72: 46219 | E72: 1 | F72: FRESADO | G72: NR0950C | H72: 14 | I72: M3 | J72: ALEJANDRO FLORES | K72: COSUM TOLUCA | N72: PEGASO | R72: 2400 | S72: =FRESADO!$R72*FRESADO!$E72 -> 2400 | T72: =FRESADO!$S72*16% -> 384 | U72: =FRESADO!$S72+FRESADO!$T72 -> 2784 | V72: A DEL M 2
A73: 29 | B73: 25 | C73: 82 | D73: 46219 | E73: 1 | F73: FRESADO | G73: C/PERMISO | H73: 7 | I73: M3 | J73: ALEJANDRO HERNANDEZ | K73: COSUM TOLUCA | N73: PEGASO | R73: 1200 | S73: =FRESADO!$R73*FRESADO!$E73 -> 1200 | T73: =FRESADO!$S73*16% -> 192 | U73: =FRESADO!$S73+FRESADO!$T73 -> 1392 | V73: A DEL M 2
A74: 29 | B74: 26 | C74: 83 | D74: 46219 | E74: 1 | F74: FRESADO | G74: LD57526 | H74: 14 | I74: M3 | J74: ARTURO HERNANDEZ | K74: COSUM TOLUCA | N74: PEGASO | R74: 2400 | S74: =FRESADO!$R74*FRESADO!$E74 -> 2400 | T74: =FRESADO!$S74*16% -> 384 | U74: =FRESADO!$S74+FRESADO!$T74 -> 2784 | V74: A DEL M 2
A75: 29 | B75: 27 | C75: 84 | D75: 46219 | E75: 1 | F75: FRESADO | G75: MY7968B | H75: 14 | I75: M3 | J75: JORGE GARCIA | K75: COSUM TOLUCA | N75: BANCO OFICIAL ZINACANTEPEC | R75: 3255 | S75: =FRESADO!$R75*FRESADO!$E75 -> 3255 | T75: =FRESADO!$S75*16% -> 520.8 | U75: =FRESADO!$S75+FRESADO!$T75 -> 3775.8 | V75: A DEL M 2
... A97: 29 | B97: 49 | C97: 106 | D97: 46220 | E97: 1 | F97: FRESADO Y LIMPIEZA | G97: NR0950C | H97: 14 | I97: M3 | J97: ALEJANDRO FLORES | K97: COSUM TOLUCA | N97: LIBRE | R97: 1848 | S97: =FRESADO!$R97*FRESADO!$E97 -> 1848 | T97: =FRESADO!$S97*16% -> 295.68 | U97: =FRESADO!$S97+FRESADO!$T97 -> 2143.68 | V97: A DEL M 2
A98: 29 | C98: 1655 | D98: 46221 | E98: 1 | F98: CAMION DE LIMPIEZA | G98: NR0950C | H98: 14 | I98: M3 | J98: ALEJANDRO FLORES | K98: COSUM TOLUCA | R98: 6720 | S98: =FRESADO!$R98*FRESADO!$E98 -> 6720 | T98: =FRESADO!$S98*16% -> 1075.2 | U98: =FRESADO!$S98+FRESADO!$T98 -> 7795.2 | V98: A DEL M 3
A99: 30 | B99: 1 | C99: 107 | D99: 46223 | E99: 1 | F99: FRESADO | G99: MY7968B | H99: 14 | I99: M3 | J99: JORGE GARCIA | K99: COSUM TOLUCA | N99: BANCO OFICIAL ZINACANTEPEC | R99: 3255 | S99: =FRESADO!$R99*FRESADO!$E99 -> 3255 | T99: =FRESADO!$S99*16% -> 520.8 | U99: =FRESADO!$S99+FRESADO!$T99 -> 3775.8 | V99: A DEL M 3
A100: 30 | B100: 2 | C100: 108 | D100: 46223 | E100: 1 | F100: FRESADO | G100: MY7967B | H100: 14 | I100: M3 | J100: ENRIQUE TORRES | K100: COSUM TOLUCA | N100: BANCO OFICIAL ZINACANTEPEC | R100: 3255 | S100: =FRESADO!$R100*FRESADO!$E100 -> 3255 | T100: =FRESADO!$S100*16% -> 520.8 | U100: =FRESADO!$S100+FRESADO!$T100 -> 3775.8 | V100: A DEL M 3
A101: 30 | B101: 3 | C101: 109 | D101: 46223 | E101: 1 | F101: FRESADO | G101: LH16062 | H101: 14 | I101: M3 | J101: CESAR HERNANDEZ | K101: COSUM TOLUCA | N101: BANCO OFICIAL ZINACANTEPEC | R101: 3255 | S101: =FRESADO!$R101*FRESADO!$E101 -> 3255 | T101: =FRESADO!$S101*16% -> 520.8 | U101: =FRESADO!$S101+FRESADO!$T101 -> 3775.8 | V101: A DEL M 3
A102: 30 | B102: 4 | C102: 110 | D102: 46223 | E102: 1 | F102: FRESADO | G102: NB1258D | H102: 14 | I102: M3 | J102: SANTOS SOTERO | K102: COSUM TOLUCA | N102: PEGASO | R102: 2400 | S102: =FRESADO!$R102*FRESADO!$E102 -> 2400 | T102: =FRESADO!$S102*16% -> 384 | U102: =FRESADO!$S102+FRESADO!$T102 -> 2784 | V102: A DEL M 3
A103: 30 | B103: 5 | C103: 111 | D103: 46223 | E103: 1 | F103: FRESADO | G103: NR0950C | H103: 14 | I103: M3 | J103: ALEJANDRO FLORES | K103: COSUM TOLUCA | N103: PEGASO | R103: 2400 | S103: =FRESADO!$R103*FRESADO!$E103 -> 2400 | T103: =FRESADO!$S103*16% -> 384 | U103: =FRESADO!$S103+FRESADO!$T103 -> 2784 | V103: A DEL M 3
A104: 30 | B104: 6 | C104: 112 | D104: 46223 | E104: 1 | F104: FRESADO | G104: GY2066G | H104: 14 | I104: M3 | J104: LUIS FLORES | K104: COSUM TOLUCA | N104: PEGASO | R104: 2400 | S104: =FRESADO!$R104*FRESADO!$E104 -> 2400 | T104: =FRESADO!$S104*16% -> 384 | U104: =FRESADO!$S104+FRESADO!$T104 -> 2784 | V104: A DEL M 3
A105: 30 | B105: 7 | C105: 113 | D105: 46223 | E105: 1 | F105: FRESADO | G105: HB9249J | H105: 14 | I105: M3 | J105: DANIEL SANCHEZ | K105: COSUM TOLUCA | N105: PEGASO | R105: 2400 | S105: =FRESADO!$R105*FRESADO!$E105 -> 2400 | T105: =FRESADO!$S105*16% -> 384 | U105: =FRESADO!$S105+FRESADO!$T105 -> 2784 | V105: A DEL M 3
A106: 30 | B106: 8 | C106: 114 | D106: 46223 | E106: 1 | F106: FRESADO | G106: HC1139G | H106: 14 | I106: M3 | J106: VICTOR DE LEON | K106: COSUM TOLUCA | N106: BANCO OFICIAL ZINACANTEPEC | R106: 3255 | S106: =FRESADO!$R106*FRESADO!$E106 -> 3255 | T106: =FRESADO!$S106*16% -> 520.8 | U106: =FRESADO!$S106+FRESADO!$T106 -> 3775.8 | V106: A DEL M 3
A107: 30 | B107: 9 | C107: 115 | D107: 46223 | E107: 1 | F107: FRESADO | G107: NB1258D | H107: 14 | I107: M3 | J107: SANTOS SOTERO | K107: COSUM TOLUCA | N107: PEGASO | R107: 2400 | S107: =FRESADO!$R107*FRESADO!$E107 -> 2400 | T107: =FRESADO!$S107*16% -> 384 | U107: =FRESADO!$S107+FRESADO!$T107 -> 2784 | V107: A DEL M 3
A108: 30 | B108: 10 | C108: 116 | D108: 46223 | E108: 1 | F108: FRESADO | G108: MY7968B | H108: 14 | I108: M3 | J108: JORGE GARCIA | K108: COSUM TOLUCA | N108: PEGASO | R108: 2400 | S108: =FRESADO!$R108*FRESADO!$E108 -> 2400 | T108: =FRESADO!$S108*16% -> 384 | U108: =FRESADO!$S108+FRESADO!$T108 -> 2784 | V108: A DEL M 3
A109: 30 | B109: 11 | C109: 117 | D109: 46223 | E109: 1 | F109: FRESADO | G109: LH16062 | H109: 14 | I109: M3 | J109: CESAR HERNANDEZ | K109: COSUM TOLUCA | N109: PEGASO | R109: 2400 | S109: =FRESADO!$R109*FRESADO!$E109 -> 2400 | T109: =FRESADO!$S109*16% -> 384 | U109: =FRESADO!$S109+FRESADO!$T109 -> 2784 | V109: A DEL M 3
A110: 30 | B110: 12 | C110: 118 | D110: 46223 | E110: 1 | F110: FRESADO | G110: MY7967B | H110: 14 | I110: M3 | J110: ENRIQUE TORRES | K110: COSUM TOLUCA | N110: PEGASO | R110: 2400 | S110: =FRESADO!$R110*FRESADO!$E110 -> 2400 | T110: =FRESADO!$S110*16% -> 384 | U110: =FRESADO!$S110+FRESADO!$T110 -> 2784 | V110: A DEL M 3
... A177: 30 | B177: 79 | C177: 185 | D177: 46227 | E177: 1 | F177: FRESADO | G177: LF98761 | H177: 33 | I177: M3 | J177: EDGAR MENDOZA | K177: JDJ TRANSPORTES | N177: PEGASO | R177: 0 | S177: =FRESADO!$R177*FRESADO!$E177 -> 0 | T177: =FRESADO!$S177*16% -> 0 | U177: =FRESADO!$S177+FRESADO!$T177 -> 0 | V177: JDJ TRANSPORTES
A178: 30 | B178: 1 | C178: 1656 | D178: 46226 | E178: 1 | F178: CAMION DE LIMPIEZA | G178: ALCO | H178: 14 | I178: M³ | J178: EMANUEL OLIVARES | K178: JDJ TRANSPORTES | L178: 0+606 | M178: 0+810 | O178: 1 | P178: BAJO | R178: 0 | S178: =FRESADO!$R178*FRESADO!$E178 -> 0 | T178: =FRESADO!$S178*16% -> 0 | U178: =FRESADO!$S178+FRESADO!$T178 -> 0 | V178: JDJ TRANSPORTES
A179: 30 | B179: 2 | C179: 1657 | D179: 46227 | E179: 1 | F179: CAMION DE LIMPIEZA | G179: PERMISO ALCO | H179: 14 | I179: M³ | J179: JUAN M. OLIVARES | K179: JDJ TRANSPORTES | L179: 0+790 | M179: 0+995 | O179: 1 | P179: ALTA | R179: 0 | S179: =FRESADO!$R179*FRESADO!$E179 -> 0 | T179: =FRESADO!$S179*16% -> 0 | U179: =FRESADO!$S179+FRESADO!$T179 -> 0 | V179: JDJ TRANSPORTES
A180: 30 | B180: 3 | C180: 1658 | D180: 46228 | E180: 1 | F180: CAMION DE LIMPIEZA | G180: PERMISO ALCO | H180: 14 | I180: M³ | J180: EMANUEL OLIVARES | K180: JDJ TRANSPORTES | L180: 0+575 | M180: 0+980 | O180: 1 | P180: BAJO | R180: 0 | S180: =FRESADO!$R180*FRESADO!$E180 -> 0 | T180: =FRESADO!$S180*16% -> 0 | U180: =FRESADO!$S180+FRESADO!$T180 -> 0 | V180: JDJ TRANSPORTES
A181: 30 | B181: 4 | C181: 1659 | D181: 46228 | E181: 1 | F181: CAMION DE LIMPIEZA | G181: PERMISO ALCO | H181: 14 | I181: M³ | J181: EMANUEL OLIVARES | K181: JDJ TRANSPORTES | L181: 0+575 | M181: 0+980 | O181: 1 | P181: BAJO | R181: 0 | S181: =FRESADO!$R181*FRESADO!$E181 -> 0 | T181: =FRESADO!$S181*16% -> 0 | U181: =FRESADO!$S181+FRESADO!$T181 -> 0 | V181: JDJ TRANSPORTES
A182: 31 | B182: 1 | C182: 186 | D182: 46230 | E182: 1 | F182: FRESADO | G182: LF05650 | H182: 33 | I182: M3 | J182: JOSE LUIS | K182: JDJ TRANSPORTES | N182: PEGASO | R182: 0 | S182: =FRESADO!$R182*FRESADO!$E182 -> 0 | T182: =FRESADO!$S182*16% -> 0 | U182: =FRESADO!$S182+FRESADO!$T182 -> 0 | V182: JDJ TRANSPORTES
A183: 31 | B183: 2 | C183: 187 | D183: 46230 | E183: 1 | F183: FRESADO | G183: KU1571A | H183: 33 | I183: M3 | J183: TOMAS MARTINEZ | K183: JDJ TRANSPORTES | N183: PEGASO | R183: 0 | S183: =FRESADO!$R183*FRESADO!$E183 -> 0 | T183: =FRESADO!$S183*16% -> 0 | U183: =FRESADO!$S183+FRESADO!$T183 -> 0 | V183: JDJ TRANSPORTES
A184: 31 | B184: 3 | C184: 188 | D184: 46230 | E184: 1 | F184: FRESADO | G184: LF98761 | H184: 33 | I184: M3 | J184: EDGAR MENDOZA | K184: JDJ TRANSPORTES | N184: PEGASO | R184: 0 | S184: =FRESADO!$R184*FRESADO!$E184 -> 0 | T184: =FRESADO!$S184*16% -> 0 | U184: =FRESADO!$S184+FRESADO!$T184 -> 0 | V184: JDJ TRANSPORTES
A185: 31 | B185: 4 | C185: 189 | D185: 46230 | E185: 1 | F185: FRESADO | G185: 42BP1A | H185: 33 | I185: M3 | J185: ANTONIO RODRIGUEZ | K185: JDJ TRANSPORTES | N185: PEGASO | R185: 0 | S185: =FRESADO!$R185*FRESADO!$E185 -> 0 | T185: =FRESADO!$S185*16% -> 0 | U185: =FRESADO!$S185+FRESADO!$T185 -> 0 | V185: JDJ TRANSPORTES
A186: 31 | B186: 5 | C186: 190 | D186: 46230 | E186: 1 | F186: FRESADO | G186: LF05650 | H186: 33 | I186: M3 | J186: JOSE LUIS | K186: JDJ TRANSPORTES | N186: PEGASO | R186: 0 | S186: =FRESADO!$R186*FRESADO!$E186 -> 0 | T186: =FRESADO!$S186*16% -> 0 | U186: =FRESADO!$S186+FRESADO!$T186 -> 0 | V186: JDJ TRANSPORTES
A187: 31 | B187: 6 | C187: 191 | D187: 46230 | E187: 1 | F187: FRESADO | G187: KU1571A | H187: 33 | I187: M3 | J187: TOMAS MARTINEZ | K187: JDJ TRANSPORTES | N187: PEGASO | R187: 0 | S187: =FRESADO!$R187*FRESADO!$E187 -> 0 | T187: =FRESADO!$S187*16% -> 0 | U187: =FRESADO!$S187+FRESADO!$T187 -> 0 | V187: JDJ TRANSPORTES
A188: 31 | B188: 7 | C188: 192 | D188: 46230 | E188: 1 | F188: FRESADO | G188: LF98761 | H188: 33 | I188: M3 | J188: EDGAR MENDOZA | K188: JDJ TRANSPORTES | N188: PEGASO | R188: 0 | S188: =FRESADO!$R188*FRESADO!$E188 -> 0 | T188: =FRESADO!$S188*16% -> 0 | U188: =FRESADO!$S188+FRESADO!$T188 -> 0 | V188: JDJ TRANSPORTES
A189: 31 | B189: 8 | C189: 193 | D189: 46230 | E189: 1 | F189: FRESADO | G189: 42BP1A | H189: 33 | I189: M3 | J189: ANTONIO RODRIGUEZ | K189: JDJ TRANSPORTES | N189: PEGASO | R189: 0 | S189: =FRESADO!$R189*FRESADO!$E189 -> 0 | T189: =FRESADO!$S189*16% -> 0 | U189: =FRESADO!$S189+FRESADO!$T189 -> 0 | V189: JDJ TRANSPORTES
A190: 31 | B190: 9 | C190: 194 | D190: 46230 | E190: 1 | F190: FRESADO | G190: LF05650 | H190: 33 | I190: M3 | J190: JOSE LUIS | K190: JDJ TRANSPORTES | N190: PEGASO | R190: 0 | S190: =FRESADO!$R190*FRESADO!$E190 -> 0 | T190: =FRESADO!$S190*16% -> 0 | U190: =FRESADO!$S190+FRESADO!$T190 -> 0 | V190: JDJ TRANSPORTES
...

Sheet Tabla dinámica 9

Sheet CARPETA
A1: SEM | B1: NO | C1: FOLIO | D1: FECHA | E1: VIAJES | F1: MATERIAL | G1: PLACAS | H1: CAPACIDAD (M3) | I1: PESO TOTAL (KG) | J1: OPERADOR | K1: SINDICATO | L1: KM INICIO | M1: KM FINAL | N1: CUERPO | O1: KM ACARREO POR VIAJE | P1: OBSERVACIONES | Q1: PU | R1: IMPORTE | S1: IVA | T1: TOTAL | U1: CONCILIACION | V1: ESTATUS | W1: FACTURA
A2: 28 | B2: 1 | C2: 486 | D2: 46213 | E2: 1 | F2: CARPETA | G2: HC-1139-G | H2: 14 | I2: 25240 | J2: VICTOR DE LEON | K2: COSUM TOLUCA | L2: 0+000.00 | M2: 0+035.00 | N2: B | P2: CARRIL DE ALTA | Q2: 2881.92 | R2: =Q2*E2 -> 2881.92 | S2: =R2*16% -> 461.1072 | T2: =R2+S2 -> 3343.0272 | U2: A DEL M 1
A3: 28 | B3: 2 | C3: 487 | D3: 46213 | E3: 1 | F3: CARPETA | G3: 412-AT-3 | H3: 14 | I3: 23160 | J3: JUAN GONZALES | K3: COSUM TOLUCA | L3: 0+035.00 | M3: 0+070.00 | N3: B | P3: CARRIL DE ALTA | Q3: 2850 | R3: =Q3*E3 -> 2850 | S3: =R3*16% -> 456 | T3: =R3+S3 -> 3306 | U3: A DEL M 1
A4: 28 | B4: 3 | C4: 488 | D4: 46213 | E4: 1 | F4: CARPETA | G4: HC-4281-J | H4: 14 | I4: 23070 | J4: DANIEL CRUZ | K4: COSUM TOLUCA | L4: 0+070.00 | M4: 0+110.00 | N4: B | P4: CARRIL DE ALTA | Q4: 2850 | R4: =Q4*E4 -> 2850 | S4: =R4*16% -> 456 | T4: =R4+S4 -> 3306 | U4: A DEL M 1
A5: 28 | B5: 4 | C5: 489 | D5: 46213 | E5: 1 | F5: CARPETA | G5: HE-4251-J | H5: 14 | I5: 25110 | J5: REY DAVID | K5: COSUM TOLUCA | L5: 0+110.00 | M5: 0+145.00 | N5: B | P5: CARRIL DE ALTA | Q5: 2862.54 | R5: =Q5*E5 -> 2862.54 | S5: =R5*16% -> 458.0064 | T5: =R5+S5 -> 3320.5464 | U5: A DEL M 1
A6: 28 | B6: 5 | C6: 491 | D6: 46213 | E6: 1 | F6: CARPETA | G6: NE-4904-D | H6: 14 | I6: 25120 | J6: GERARDO ENRIQUE | K6: COSUM TOLUCA | L6: 0+145.00 | M6: 0+180.00 | N6: B | P6: CARRIL DE ALTA | Q6: 2863.68 | R6: =Q6*E6 -> 2863.68 | S6: =R6*16% -> 458.1888 | T6: =R6+S6 -> 3321.8688 | U6: A DEL M 1
A7: 28 | B7: 6 | C7: 492 | D7: 46213 | E7: 1 | F7: CARPETA | G7: HF-0627-G | H7: 14 | I7: 22420 | J7: JOSE MIGUEL | K7: COSUM TOLUCA | L7: 0+180.00 | M7: 0+215.00 | N7: B | P7: CARRIL DE ALTA | Q7: 2850 | R7: =Q7*E7 -> 2850 | S7: =R7*16% -> 456 | T7: =R7+S7 -> 3306 | U7: A DEL M 1
A8: 28 | B8: 7 | C8: 490 | D8: 46213 | E8: 1 | F8: CARPETA | G8: 22-BC-9R | H8: 14 | I8: 24380 | J8: JUAN MANUEL | K8: COSUM TOLUCA | L8: 0+215.00 | M8: 0+250.00 | N8: B | P8: CARRIL DE ALTA | Q8: 2850 | R8: =Q8*E8 -> 2850 | S8: =R8*16% -> 456 | T8: =R8+S8 -> 3306 | U8: A DEL M 1
A9: 28 | B9: 8 | C9: 493 | D9: 46213 | E9: 1 | F9: CARPETA | G9: LD-5753-6 | H9: 14 | I9: 24450 | J9: ARTURO HERNANDEZ | K9: COSUM TOLUCA | L9: 0+250.00 | M9: 0+285.00 | N9: B | P9: CARRIL DE ALTA | Q9: 2850 | R9: =Q9*E9 -> 2850 | S9: =R9*16% -> 456 | T9: =R9+S9 -> 3306 | U9: A DEL M 1
A10: 28 | B10: 1 | C10: 494 | D10: 46214 | E10: 1 | F10: CARPETA | G10: HC-4281-J | H10: 14 | I10: 26210 | J10: DANIEL CRUZ | K10: COSUM TOLUCA | L10: 0 | M10: 0+040.00 | N10: B | P10: CARRIL CENTRAL | Q10: 2987.94 | R10: =Q10*E10 -> 2987.94 | S10: =R10*16% -> 478.0704 | T10: =R10+S10 -> 3466.0104 | U10: A DEL M 1
A11: 28 | B11: 2 | C11: 495 | D11: 46214 | E11: 1 | F11: CARPETA | G11: HE-4251-J | H11: 14 | I11: 26580 | J11: REY DAVID | K11: COSUM TOLUCA | L11: 0+040.00 | M11: 0+080.00 | N11: B | P11: CARRIL CENTRAL | Q11: 3030.12 | R11: =Q11*E11 -> 3030.12 | S11: =R11*16% -> 484.8192 | T11: =R11+S11 -> 3514.9392 | U11: A DEL M 1
A12: 28 | B12: 3 | C12: 496 | D12: 46214 | E12: 1 | F12: CARPETA | G12: 22-BC-9R | H12: 14 | I12: 24860 | J12: JUAN MANUEL | K12: COSUM TOLUCA | L12: 0+080.00 | M12: 0+130.00 | N12: B | P12: CARRIL CENTRAL | Q12: 2850 | R12: =Q12*E12 -> 2850 | S12: =R12*16% -> 456 | T12: =R12+S12 -> 3306 | U12: A DEL M 1
A13: 28 | B13: 4 | C13: 497 | D13: 46214 | E13: 1 | F13: CARPETA | G13: HC-1139-G | H13: 14 | I13: 26860 | J13: VICTOR DE LEON | K13: COSUM TOLUCA | L13: 0+130.00 | M13: 0+170.00 | N13: B | P13: CARRIL CENTRAL | Q13: 3062.04 | R13: =Q13*E13 -> 3062.04 | S13: =R13*16% -> 489.9264 | T13: =R13+S13 -> 3551.9664 | U13: A DEL M 1
A14: 28 | B14: 5 | C14: 498 | D14: 46214 | E14: 1 | F14: CARPETA | G14: 412-AT-3 | H14: 14 | I14: 24610 | J14: JUAN GONZALES | K14: COSUM TOLUCA | L14: 0+170.00 | M14: 0+215.00 | N14: B | P14: CARRIL CENTRAL | Q14: 2850 | R14: =Q14*E14 -> 2850 | S14: =R14*16% -> 456 | T14: =R14+S14 -> 3306 | U14: A DEL M 1
A15: 28 | B15: 6 | C15: 500 | D15: 46214 | E15: 1 | F15: CARPETA | G15: HG-610-3D | H15: 14 | I15: 24880 | J15: ENRIQUE COLIN | K15: COSUM TOLUCA | L15: 0+000.00 | M15: 0+050.00 | N15: B | P15: ACOTAMIENTO | Q15: 2850 | R15: =Q15*E15 -> 2850 | S15: =R15*16% -> 456 | T15: =R15+S15 -> 3306 | U15: A DEL M 1
A16: 28 | B16: 7 | C16: 601 | D16: 46214 | E16: 1 | F16: CARPETA | G16: LD-5752-6 | H16: 14 | I16: 25670 | J16: ARTURO HERNANDEZ | K16: COSUM TOLUCA | L16: 0+050.00 | M16: 0+100.00 | N16: B | P16: ACOTAMIENTO | Q16: 2926.38 | R16: =Q16*E16 -> 2926.38 | S16: =R16*16% -> 468.2208 | T16: =R16+S16 -> 3394.6008 | U16: A DEL M 1
A17: 28 | B17: 8 | C17: 602 | D17: 46214 | E17: 1 | F17: CARPETA | G17: LH-160-62 | H17: 14 | I17: 26980 | J17: JULIO CESAR | K17: COSUM TOLUCA | L17: 0+100.00 | M17: 0+145.00 | N17: B | P17: ACOTAMIENTO | Q17: 3075.72 | R17: =Q17*E17 -> 3075.72 | S17: =R17*16% -> 492.1152 | T17: =R17+S17 -> 3567.8352 | U17: A DEL M 1
A18: 28 | B18: 9 | C18: 499 | D18: 46214 | E18: 1 | F18: CARPETA | G18: NB-1258-D | H18: 14 | I18: 26200 | J18: SANTOS OTERO | K18: COSUM TOLUCA | L18: 0+145.00 | M18: 0+185.00 | N18: B | P18: ACOTAMIENTO | Q18: 2986.8 | R18: =Q18*E18 -> 2986.8 | S18: =R18*16% -> 477.888 | T18: =R18+S18 -> 3464.688 | U18: A DEL M 1
A19: 28 | B19: 10 | C19: 603 | D19: 46214 | E19: 1 | F19: CARPETA | G19: MY-7968-B | H19: 14 | I19: 22430 | J19: JORGE GARCIA | K19: COSUM TOLUCA | L19: 0+185.00 | M19: 0+220.00 | N19: B | P19: ACOTAMIENTO | Q19: 2850 | R19: =Q19*E19 -> 2850 | S19: =R19*16% -> 456 | T19: =R19+S19 -> 3306 | U19: A DEL M 1
A20: 28 | B20: 11 | C20: 604 | D20: 46214 | E20: 1 | F20: CARPETA | G20: GX-0733-H | H20: 8 | I20: 16050 | J20: MIGUEL ANGEL | K20: COSUM TOLUCA | L20: 0+220.00 | M20: 0+230.00 | N20: B | P20: ACOTAMIENTO | Q20: 2850 | R20: =Q20*E20 -> 2850 | S20: =R20*16% -> 456 | T20: =R20+S20 -> 3306 | U20: A DEL M 1
A21: 29 | B21: 1 | C21: 628 | D21: 46216 | E21: 1 | F21: CARPETA | G21: HC1139G | H21: 14 | I21: 59130 | J21: VICTOR DE LEON | K21: COSUM TOLUCA | L21: 0+320.00 | M21: 0+355.00 | N21: B | Q21: 2850 | R21: =Q21*E21 -> 2850 | S21: =R21*16% -> 456 | T21: =R21+S21 -> 3306 | U21: A DEL M 2
A22: 29 | B22: 2 | C22: 629 | D22: 46216 | E22: 1 | F22: CARPETA | G22: NE4904D | H22: 14 | I22: 59133 | J22: GERARDO ENRIQUE | K22: COSUM TOLUCA | L22: 0+390.00 | M22: 0+430.00 | N22: B | Q22: 2850 | R22: =Q22*E22 -> 2850 | S22: =R22*16% -> 456 | T22: =R22+S22 -> 3306 | U22: A DEL M 2
A23: 29 | B23: 3 | C23: 627 | D23: 46216 | E23: 1 | F23: CARPETA | G23: MY-7968-B | H23: 14 | I23: 59143 | J23: JORGE GARCIA | K23: COSUM TOLUCA | L23: 0+290.00 | M23: 0+320.00 | N23: B | Q23: 2850 | R23: =Q23*E23 -> 2850 | S23: =R23*16% -> 456 | T23: =R23+S23 -> 3306 | U23: A DEL M 2
A24: 29 | B24: 4 | C24: 630 | D24: 46216 | E24: 1 | F24: CARPETA | G24: NB1258D | H24: 14 | I24: 59149 | J24: SANTOS OTERO | K24: COSUM TOLUCA | L24: 0+355.00 | M24: 0+390.00 | N24: B | Q24: 2850 | R24: =Q24*E24 -> 2850 | S24: =R24*16% -> 456 | T24: =R24+S24 -> 3306 | U24: A DEL M 2
A25: 29 | B25: 5 | C25: 632 | D25: 46216 | E25: 1 | F25: CARPETA | G25: HB73236 | H25: 14 | I25: 59161 | J25: MARTIN | K25: COSUM TOLUCA | L25: 0+465.00 | M25: 0+495.00 | N25: B | Q25: 2850 | R25: =Q25*E25 -> 2850 | S25: =R25*16% -> 456 | T25: =R25+S25 -> 3306 | U25: A DEL M 2
A26: 29 | B26: 6 | C26: 633 | D26: 46216 | E26: 1 | F26: CARPETA | G26: HJ6103D | H26: 14 | I26: 59167 | J26: ENRIQUE COLIN | K26: COSUM TOLUCA | L26: 0+430.00 | M26: 0+465.00 | N26: B | Q26: 2850 | R26: =Q26*E26 -> 2850 | S26: =R26*16% -> 456 | T26: =R26+S26 -> 3306 | U26: A DEL M 2
A27: 29 | B27: 7 | C27: 634 | D27: 46216 | E27: 1 | F27: CARPETA | G27: 258ET7 | H27: 14 | I27: 59162 | J27: ELISEO REYES | K27: COSUM TOLUCA | L27: 0+495.00 | M27: 0+525.00 | N27: B | Q27: 2850 | R27: =Q27*E27 -> 2850 | S27: =R27*16% -> 456 | T27: =R27+S27 -> 3306 | U27: A DEL M 2
A28: 29 | B28: 8 | C28: 635 | D28: 46216 | E28: 1 | F28: CARPETA | G28: NJ6644D | H28: 14 | I28: 59184 | J28: RAMIRO HDEZ | K28: COSUM TOLUCA | L28: 0+525.00 | M28: 0+555.00 | N28: B | Q28: 2850 | R28: =Q28*E28 -> 2850 | S28: =R28*16% -> 456 | T28: =R28+S28 -> 3306 | U28: A DEL M 2
A29: 29 | B29: 9 | C29: 636 | D29: 46216 | E29: 1 | F29: CARPETA | G29: HD57440 | H29: 14 | I29: 59183 | J29: RAMIRO HDEZ ESQUIVEL | K29: COSUM TOLUCA | L29: 0+555.00 | M29: 0+585.00 | N29: B | Q29: 2850 | R29: =Q29*E29 -> 2850 | S29: =R29*16% -> 456 | T29: =R29+S29 -> 3306 | U29: A DEL M 2
A30: 29 | B30: 10 | C30: 637 | D30: 46216 | E30: 1 | F30: CARPETA | G30: 22BC9R | H30: 14 | I30: 59187 | J30: JUAN MANUEL | K30: COSUM TOLUCA | L30: 0+585.00 | M30: 0+615.00 | N30: B | Q30: 2850 | R30: =Q30*E30 -> 2850 | S30: =R30*16% -> 456 | T30: =R30+S30 -> 3306 | U30: A DEL M 2
A31: 29 | B31: 1 | C31: 815 | D31: 46221 | E31: 1 | F31: CARPETA | G31: 6X0733H | H31: 14 | I31: 23010 | J31: MIGUEL ANGEL | K31: COSUM TOLUCA | L31: 0+203 | M31: 0+240 | Q31: 3420 | R31: =Q31*E31 -> 3420 | S31: =R31*16% -> 547.2 | T31: =R31+S31 -> 3967.2 | U31: A DEL M 2
A32: 29 | B32: 2 | C32: 816 | D32: 46221 | E32: 1 | F32: CARPETA | G32: HG6103D | H32: 14 | I32: 23520 | J32: ENRIQUE GODIN | K32: COSUM TOLUCA | L32: 0+240 | M32: 0+260 | Q32: 3420 | R32: =Q32*E32 -> 3420 | S32: =R32*16% -> 547.2 | T32: =R32+S32 -> 3967.2 | U32: A DEL M 2
A33: 29 | B33: 3 | C33: 817 | D33: 46221 | E33: 1 | F33: CARPETA | G33: LG5557526 | H33: 14 | I33: 25720 | J33: ARTURO HERNANDEZ | K33: COSUM TOLUCA | L33: 0+260 | M33: 0+310 | Q33: 3420 | R33: =Q33*E33 -> 3420 | S33: =R33*16% -> 547.2 | T33: =R33+S33 -> 3967.2 | U33: A DEL M 2
A34: 29 | B34: 4 | C34: 818 | D34: 46221 | E34: 1 | F34: CARPETA | G34: MY7967B | H34: 14 | I34: 24990 | J34: ENRIQUE TORRES | K34: COSUM TOLUCA | L34: 0+310 | M34: 0+350 | Q34: 3420 | R34: =Q34*E34 -> 3420 | S34: =R34*16% -> 547.2 | T34: =R34+S34 -> 3967.2 | U34: A DEL M 2
A35: 29 | B35: 5 | C35: 819 | D35: 46221 | E35: 1 | F35: CARPETA | G35: LH16O62 | H35: 14 | I35: 25970 | J35: JULIO CESAR HERNANDEZ | K35: COSUM TOLUCA | L35: 0+350 | M35: 0+390 | Q35: 3420 | R35: =Q35*E35 -> 3420 | S35: =R35*16% -> 547.2 | T35: =R35+S35 -> 3967.2 | U35: A DEL M 2
A36: 29 | B36: 6 | C36: 820 | D36: 46221 | E36: 1 | F36: CARPETA | G36: MY7968B | H36: 14 | I36: 22410 | J36: JORGE GARCIA | K36: COSUM TOLUCA | L36: 0+203 | M36: 0+240 | Q36: 3420 | R36: =Q36*E36 -> 3420 | S36: =R36*16% -> 547.2 | T36: =R36+S36 -> 3967.2 | U36: A DEL M 2
A37: 29 | B37: 7 | C37: 821 | D37: 46221 | E37: 1 | F37: CARPETA | G37: MX3669D | H37: 14 | I37: 25090 | J37: SIGFRIDO CALDERA | K37: COSUM TOLUCA | L37: 0+240 | M37: 0+260 | Q37: 3420 | R37: =Q37*E37 -> 3420 | S37: =R37*16% -> 547.2 | T37: =R37+S37 -> 3967.2 | U37: A DEL M 2
A38: 29 | B38: 8 | C38: 822 | D38: 46221 | E38: 1 | F38: CARPETA | G38: 1A86899 | H38: 14 | I38: 24830 | J38: JOSUE MORALES | K38: COSUM TOLUCA | L38: 0+260 | M38: 0+330 | Q38: 3420 | R38: =Q38*E38 -> 3420 | S38: =R38*16% -> 547.2 | T38: =R38+S38 -> 3967.2 | U38: A DEL M 2
A39: 29 | B39: 9 | C39: 823 | D39: 46221 | E39: 1 | F39: CARPETA | G39: HB7323G | H39: 14 | I39: 24960 | J39: MARTIN CALDERA | K39: COSUM TOLUCA | L39: 0+330 | M39: 0+203 | Q39: 3420 | R39: =Q39*E39 -> 3420 | S39: =R39*16% -> 547.2 | T39: =R39+S39 -> 3967.2 | U39: A DEL M 2
A40: 29 | B40: 10 | C40: 824 | D40: 46221 | E40: 1 | F40: CARPETA | G40: HF8029G | H40: 14 | I40: 25400 | J40: ALEJANDRO NAVARRO | K40: COSUM TOLUCA | L40: 0+203 | M40: 0+240 | Q40: 3420 | R40: =Q40*E40 -> 3420 | S40: =R40*16% -> 547.2 | T40: =R40+S40 -> 3967.2 | U40: A DEL M 2
A41: 29 | B41: 11 | C41: 825 | D41: 46221 | E41: 1 | F41: CARPETA | G41: 85BHA7X | H41: 14 | I41: 22610 | J41: EDGAR BARUC | K41: COSUM TOLUCA | L41: 0+203 | M41: 0+240 | Q41: 3420 | R41: =Q41*E41 -> 3420 | S41: =R41*16% -> 547.2 | T41: =R41+S41 -> 3967.2 | U41: A DEL M 2
A42: 29 | B42: 12 | C42: 826 | D42: 46221 | E42: 1 | F42: CARPETA | G42: NB1258D | H42: 14 | I42: 24620 | J42: SANTOS SOTERO | K42: COSUM TOLUCA | L42: 0+240 | M42: 0+320 | Q42: 3420 | R42: =Q42*E42 -> 3420 | S42: =R42*16% -> 547.2 | T42: =R42+S42 -> 3967.2 | U42: A DEL M 2
... A99: 30 | B99: 39 | C99: 1048 | D99: 46227 | E99: 1 | F99: CARPETA | G99: 412AT3 | H99: 14 | I99: 20730 | J99: JUAN GONZALEZ | K99: COSUM TOLUCA | L99: 0+740 | M99: 0+760 | Q99: 3420 | R99: =Q99*E99 -> 3420 | S99: =R99*16% -> 547.2 | T99: =R99+S99 -> 3967.2 | U99: A DEL M 3
A100: 30 | B100: 40 | C100: 1049 | D100: 46227 | E100: 1 | F100: CARPETA | G100: 1416062 | H100: 14 | I100: 21840 | J100: CESAR HERNANDEZ | K100: COSUM TOLUCA | L100: 0+790 | M100: 0+800 | Q100: 3420 | R100: =Q100*E100 -> 3420 | S100: =R100*16% -> 547.2 | T100: =R100+S100 -> 3967.2 | U100: A DEL M 3
A101: 30 | B101: 41 | C101: 1050 | D101: 46227 | E101: 1 | F101: CARPETA | G101: N53489C | H101: 14 | I101: 22590 | J101: JONATHAN GUTIERREZ | K101: COSUM TOLUCA | L101: 0+760 | M101: 0+780 | Q101: 3420 | R101: =Q101*E101 -> 3420 | S101: =R101*16% -> 547.2 | T101: =R101+S101 -> 3967.2 | U101: A DEL M 3
A102: 30 | B102: 42 | C102: 1051 | D102: 46227 | E102: 1 | F102: CARPETA | G102: MY7967B | H102: 14 | I102: 21750 | J102: ENRIQUE TORRES | K102: COSUM TOLUCA | L102: 0+800 | M102: 0+825 | Q102: 3420 | R102: =Q102*E102 -> 3420 | S102: =R102*16% -> 547.2 | T102: =R102+S102 -> 3967.2 | U102: A DEL M 3
A103: 30 | B103: 43 | C103: 1052 | D103: 46227 | E103: 1 | F103: CARPETA | G103: NB1258D | H103: 14 | I103: 22230 | J103: SANTOS SOTERO | K103: COSUM TOLUCA | L103: 0+825 | M103: 0+850 | Q103: 3420 | R103: =Q103*E103 -> 3420 | S103: =R103*16% -> 547.2 | T103: =R103+S103 -> 3967.2 | U103: A DEL M 3
A104: 30 | B104: 44 | C104: 1053 | D104: 46227 | E104: 1 | F104: CARPETA | G104: MY7968B | H104: 14 | I104: 20140 | J104: JORGE GARCIA | K104: COSUM TOLUCA | L104: 0+850 | M104: 0+870 | Q104: 3420 | R104: =Q104*E104 -> 3420 | S104: =R104*16% -> 547.2 | T104: =R104+S104 -> 3967.2 | U104: A DEL M 3
A105: 30 | B105: 45 | C105: 1054 | D105: 46227 | E105: 1 | F105: CARPETA | G105: HDOJ18H | H105: 14 | I105: 22640 | J105: CARLOS DE LEON | K105: COSUM TOLUCA | L105: 0+890 | M105: 0+910 | Q105: 3420 | R105: =Q105*E105 -> 3420 | S105: =R105*16% -> 547.2 | T105: =R105+S105 -> 3967.2 | U105: A DEL M 3
A106: 30 | B106: 46 | C106: 1055 | D106: 46227 | E106: 1 | F106: CARPETA | G106: NK8781C | H106: 14 | I106: 21080 | J106: ARTURO DE LEON | K106: COSUM TOLUCA | L106: 0+870 | M106: 0+890 | Q106: 3420 | R106: =Q106*E106 -> 3420 | S106: =R106*16% -> 547.2 | T106: =R106+S106 -> 3967.2 | U106: A DEL M 3
A107: 30 | B107: 47 | C107: 1056 | D107: 46227 | E107: 1 | F107: CARPETA | G107: MX3669D | H107: 14 | I107: 20740 | J107: SIGFRIDO CALDERA | K107: COSUM TOLUCA | L107: 0+910 | M107: 0+940 | Q107: 3420 | R107: =Q107*E107 -> 3420 | S107: =R107*16% -> 547.2 | T107: =R107+S107 -> 3967.2 | U107: A DEL M 3
A108: 30 | B108: 48 | C108: 1057 | D108: 46227 | E108: 1 | F108: CARPETA | G108: NR0950C | H108: 14 | I108: 23120 | J108: ALEJANDRO | K108: COSUM TOLUCA | L108: 0+940 | M108: 0+960 | Q108: 3420 | R108: =Q108*E108 -> 3420 | S108: =R108*16% -> 547.2 | T108: =R108+S108 -> 3967.2 | U108: A DEL M 3
A109: 30 | B109: 49 | C109: 1058 | D109: 46227 | E109: 1 | F109: CARPETA | G109: HF8029G | H109: 14 | I109: 23760 | J109: ALEJANDRO NAVARRO | K109: COSUM TOLUCA | L109: 0+960 | M109: 0+980 | Q109: 3420 | R109: =Q109*E109 -> 3420 | S109: =R109*16% -> 547.2 | T109: =R109+S109 -> 3967.2 | U109: A DEL M 3
A110: 31 | B110: 1 | C110: 1126 | D110: 46233 | E110: 1 | F110: CARPETA | G110: HE90005 | H110: 14 | I110: 22450 | J110: JOSE VICTORIA | K110: COSUM TOLUCA | L110: 0+980 | M110: 1+000 | Q110: 2850 | R110: =Q110*E110 -> 2850 | S110: =R110*16% -> 456 | T110: =R110+S110 -> 3306 | U110: A DEL M 3
A111: 31 | B111: 2 | C111: 1127 | D111: 46233 | E111: 1 | F111: CARPETA | G111: MX3669D | H111: 14 | I111: 24660 | J111: SIGFRIDO CALDERA | K111: COSUM TOLUCA | L111: 1+000 | M111: 1+020 | Q111: 2850 | R111: =Q111*E111 -> 2850 | S111: =R111*16% -> 456 | T111: =R111+S111 -> 3306 | U111: A DEL M 3
A112: 31 | B112: 3 | C112: 1128 | D112: 46233 | E112: 1 | F112: CARPETA | G112: HB7323G | H112: 14 | I112: 25540 | J112: MARTIN CALDERA | K112: COSUM TOLUCA | L112: 1+020 | M112: 1+05O | Q112: 2850 | R112: =Q112*E112 -> 2850 | S112: =R112*16% -> 456 | T112: =R112+S112 -> 3306 | U112: A DEL M 3
... A173: 32 | B173: 21 | C173: 1487 | D173: 46240 | E173: 1 | F173: CARPETA ASFALTICA ASF 3/4 MARSHALL | G173: 94DM90 | H173: 14 | I173: 22060 | J173: GUSTAVO | K173: COSUM TOLUCA | L173: 1+500 | M173: 1+520 | Q173: 1200 | R173: =Q173*E173 -> 1200 | S173: =R173*16% -> 192 | T173: =R173+S173 -> 1392 | U173: PENDIENTE
C174: 1499 | D174: 46241 | E174: 1 | F174: VIAJE EN FALSO | G174: GX0733H | H174: 0 | J174: SALVADOR HERNANDEZ | K174: COSUM TOLUCA | Q174: 1200 | R174: =Q174*E174 -> 1200 | S174: =R174*16% -> 192 | T174: =R174+S174 -> 1392 | U174: A DEL M 4
C175: 1500 | D175: 46241 | E175: 1 | F175: VIAJE EN FALSO | G175: LH16062 | H175: 0 | J175: JULIO CESAR HERNANDEZ | K175: COSUM TOLUCA | Q175: 1200 | R175: =Q175*E175 -> 1200 | S175: =R175*16% -> 192 | T175: =R175+S175 -> 1392 | U175: A DEL M 4
C176: 1501 | D176: 46241 | E176: 1 | F176: VIAJE EN FALSO | G176: MY7968B | H176: 0 | J176: JORGE GARCIA | K176: COSUM TOLUCA | Q176: 1200 | R176: =Q176*E176 -> 1200 | S176: =R176*16% -> 192 | T176: =R176+S176 -> 1392 | U176: A DEL M 4
C177: 1504 | D177: 46241 | E177: 1 | F177: VIAJE EN FALSO | G177: NR0950C | H177: 0 | J177: ALEJANDRO FLORES | K177: COSUM TOLUCA | Q177: 1200 | R177: =Q177*E177 -> 1200 | S177: =R177*16% -> 192 | T177: =R177+S177 -> 1392 | U177: A DEL M 4
C178: 1505 | D178: 46241 | E178: 1 | F178: VIAJE EN FALSO | G178: GY2066G | H178: 0 | J178: LUIS FLORES | K178: COSUM TOLUCA | Q178: 1200 | R178: =Q178*E178 -> 1200 | S178: =R178*16% -> 192 | T178: =R178+S178 -> 1392 | U178: A DEL M 4
C179: 1506 | D179: 46241 | E179: 1 | F179: VIAJE EN FALSO | G179: HC8639C | H179: 0 | J179: JORGE HERNANDEZ | K179: COSUM TOLUCA | Q179: 1200 | R179: =Q179*E179 -> 1200 | S179: =R179*16% -> 192 | T179: =R179+S179 -> 1392 | U179: A DEL M 4
C180: 1507 | D180: 46241 | E180: 1 | F180: VIAJE EN FALSO | G180: NB258D | H180: 0 | J180: SANTOS SOTERO | K180: COSUM TOLUCA | Q180: 1200 | R180: =Q180*E180 -> 1200 | S180: =R180*16% -> 192 | T180: =R180+S180 -> 1392 | U180: A DEL M 4
A181: 32 | B181: 22 | C181: 1508 | D181: 8/8/0206 | E181: 1 | F181: CARPETA ASFALTICA ASF 3/4 MARSHALL | G181: GY2066G | H181: 14 | I181: 22630 | J181: LUIS FLORES | K181: COSUM TOLUCA | L181: RETORNO | M181: 2 | Q181: 3420 | R181: =Q181*E181 -> 3420 | S181: =R181*16% -> 547.2 | T181: =R181+S181 -> 3967.2 | U181: A DEL M 4
A182: 32 | B182: 23 | C182: 1509 | D182: 8/8/0206 | E182: 1 | F182: CARPETA ASFALTICA ASF 3/4 MARSHALL | G182: NB1258D | H182: 14 | I182: 24640 | J182: SANTOS SOTERO | K182: COSUM TOLUCA | L182: 1+520 | M182: 1+540 | Q182: 3420 | R182: =Q182*E182 -> 3420 | S182: =R182*16% -> 547.2 | T182: =R182+S182 -> 3967.2 | U182: PENDIENTE
A183: 32 | B183: 24 | C183: 1510 | D183: 8/8/0206 | E183: 1 | F183: CARPETA ASFALTICA ASF 3/4 MARSHALL | G183: LH16O62 | H183: 14 | I183: 25610 | J183: JULIO CESAR HERNANDEZ | K183: COSUM TOLUCA | L183: 1+540 | M183: 1+570 | Q183: 3420 | R183: =Q183*E183 -> 3420 | S183: =R183*16% -> 547.2 | T183: =R183+S183 -> 3967.2 | U183: PENDIENTE
A184: 32 | B184: 25 | C184: 1511 | D184: 8/8/0206 | E184: 1 | F184: CARPETA ASFALTICA ASF 3/4 MARSHALL | G184: MY7668B | H184: 14 | I184: 22630 | J184: JORGE GARCIA | K184: COSUM TOLUCA | L184: 1+570 | M184: 1+595 | Q184: 3420 | R184: =Q184*E184 -> 3420 | S184: =R184*16% -> 547.2 | T184: =R184+S184 -> 3967.2 | U184: PENDIENTE
A185: 32 | B185: 26 | C185: 1512 | D185: 8/8/0206 | E185: 1 | F185: CARPETA ASFALTICA ASF 3/4 MARSHALL | G185: MY6967G | H185: 14 | I185: 23560 | J185: FERNANDO MONTES DE OCA | K185: COSUM TOLUCA | L185: 1+595 | M185: 1+620 | Q185: 6720 | R185: =Q185*E185 -> 6720 | S185: =R185*16% -> 1075.2 | T185: =R185+S185 -> 7795.2 | U185: A DEL M 4
A186: 32 | B186: 27 | C186: 1513 | D186: 8/8/0206 | E186: 1 | F186: CARPETA ASFALTICA ASF 3/4 MARSHALL | G186: NR0950C | H186: 14 | I186: 23770 | J186: ALEJANDRO FLORES | K186: COSUM TOLUCA | L186: 1+620 | M186: 1+650 | Q186: 3420 | R186: =Q186*E186 -> 3420 | S186: =R186*16% -> 547.2 | T186: =R186+S186 -> 3967.2 | U186: PENDIENTE
A187: 32 | B187: 28 | C187: 1514 | D187: 8/8/0206 | E187: 1 | F187: CARPETA ASFALTICA ASF 3/4 MARSHALL | G187: HC8639C | H187: 14 | I187: 24650 | J187: JORGE HERNANDEZ | K187: COSUM TOLUCA | L187: 1+650 | M187: 1+670 | Q187: 6720 | R187: =Q187*E187 -> 6720 | S187: =R187*16% -> 1075.2 | T187: =R187+S187 -> 7795.2 | U187: A DEL M 4
A188: 32 | B188: 29 | C188: 1515 | D188: 8/8/0206 | E188: 1 | F188: CARPETA ASFALTICA ASF 3/4 MARSHALL | G188: HC1139G | H188: 14 | I188: 24570 | J188: VICTOR DE LEON | K188: COSUM TOLUCA | L188: 1+460 | M188: 1+490 | Q188: 6720 | R188: =Q188*E188 -> 6720 | S188: =R188*16% -> 1075.2 | T188: =R188+S188 -> 7795.2 | U188: A DEL M 4
A189: 32 | B189: 30 | C189: 1516 | D189: 8/8/0206 | E189: 1 | F189: CARPETA ASFALTICA ASF 3/4 MARSHALL | G189: NS3489C | H189: 14 | I189: 23920 | J189: VICTOR DE LEON | K189: COSUM TOLUCA | L189: 1+490 | M189: 1+510 | Q189: 6720 | R189: =Q189*E189 -> 6720 | S189: =R189*16% -> 1075.2 | T189: =R189+S189 -> 7795.2 | U189: A DEL M 4
A190: 32 | B190: 31 | C190: 1517 | D190: 8/8/0206 | E190: 1 | F190: CARPETA ASFALTICA ASF 3/4 MARSHALL | G190: 412AT3 | H190: 14 | I190: 23240 | J190: JUAN GONZALEZ | K190: COSUM TOLUCA | L190: 1+510 | M190: 1+545 | Q190: 6720 | R190: =Q190*E190 -> 6720 | S190: =R190*16% -> 1075.2 | T190: =R190+S190 -> 7795.2 | U190: A DEL M 4
A191: 32 | B191: 32 | C191: 1518 | D191: 8/8/0206 | E191: 1 | F191: CARPETA ASFALTICA ASF 3/4 MARSHALL | G191: LA86899 | H191: 14 | I191: 24560 | J191: JOSUE MORALES | K191: COSUM TOLUCA | L191: 1+545 | M191: 1+580 | Q191: 6720 | R191: =Q191*E191 -> 6720 | S191: =R191*16% -> 1075.2 | T191: =R191+S191 -> 7795.2 | U191: A DEL M 4
A192: 32 | B192: 33 | C192: 1519 | D192: 8/8/0206 | E192: 1 | F192: CARPETA ASFALTICA ASF 3/4 MARSHALL | G192: MX3669D | H192: 14 | I192: 24190 | J192: SIGFRIDO CALDERA | K192: COSUM TOLUCA | L192: 1+580 | M192: 1+610 | Q192: 3420 | R192: =Q192*E192 -> 3420 | S192: =R192*16% -> 547.2 | T192: =R192+S192 -> 3967.2 | U192: A DEL M 4
A193: 32 | B193: 34 | C193: 1520 | D193: 8/8/0206 | E193: 1 | F193: CARPETA ASFALTICA ASF 3/4 MARSHALL | G193: HE90005 | H193: 14 | I193: 21410 | J193: JOSE GUADALUPE | K193: COSUM TOLUCA | L193: 1+610 | M193: 1+640 | Q193: 6720 | R193: =Q193*E193 -> 6720 | S193: =R193*16% -> 1075.2 | T193: =R193+S193 -> 7795.2 | U193: A DEL M 4
S196: =SUBTOTAL(109,T:T) -> 741054.56
S198: =S196+FRESADO!T208 -> 748014.56
R280: =CARPETA!$Q280*CARPETA!$E280 -> 0 | S280: =CARPETA!$R280*16% -> 0 | T280: =CARPETA!$R280+CARPETA!$S280 -> 0
R281: =CARPETA!$Q281*CARPETA!$E281 -> 0 | S281: =CARPETA!$R281*16% -> 0 | T281: =CARPETA!$R281+CARPETA!$S281 -> 0
R282: =CARPETA!$Q282*CARPETA!$E282 -> 0 | S282: =CARPETA!$R282*16% -> 0 | T282: =CARPETA!$R282+CARPETA!$S282 -> 0
R283: =CARPETA!$Q283*CARPETA!$E283 -> 0 | S283: =CARPETA!$R283*16% -> 0 | T283: =CARPETA!$R283+CARPETA!$S283 -> 0
R284: =CARPETA!$Q284*CARPETA!$E284 -> 0 | S284: =CARPETA!$R284*16% -> 0 | T284: =CARPETA!$R284+CARPETA!$S284 -> 0
R285: =CARPETA!$Q285*CARPETA!$E285 -> 0 | S285: =CARPETA!$R285*16% -> 0 | T285: =CARPETA!$R285+CARPETA!$S285 -> 0
R286: =CARPETA!$Q286*CARPETA!$E286 -> 0 | S286: =CARPETA!$R286*16% -> 0 | T286: =CARPETA!$R286+CARPETA!$S286 -> 0
R287: =CARPETA!$Q287*CARPETA!$E287 -> 0 | S287: =CARPETA!$R287*16% -> 0 | T287: =CARPETA!$R287+CARPETA!$S287 -> 0
R288: =CARPETA!$Q288*CARPETA!$E288 -> 0 | S288: =CARPETA!$R288*16% -> 0 | T288: =CARPETA!$R288+CARPETA!$S288 -> 0
R289: =CARPETA!$Q289*CARPETA!$E289 -> 0 | S289: =CARPETA!$R289*16% -> 0 | T289: =CARPETA!$R289+CARPETA!$S289 -> 0
R290: =CARPETA!$Q290*CARPETA!$E290 -> 0 | S290: =CARPETA!$R290*16% -> 0 | T290: =CARPETA!$R290+CARPETA!$S290 -> 0
R291: =CARPETA!$Q291*CARPETA!$E291 -> 0 | S291: =CARPETA!$R291*16% -> 0 | T291: =CARPETA!$R291+CARPETA!$S291 -> 0
... R309: =CARPETA!$Q309*CARPETA!$E309 -> 0 | S309: =CARPETA!$R309*16% -> 0 | T309: =CARPETA!$R309+CARPETA!$S309 -> 0
A310: TOTAL | E310: =SUBTOTAL(109,CARPETA!$E$2:$E$309) -> 192 | H310: =SUBTOTAL(109,CARPETA!$H$2:$H$309) -> 2584
C362: 1
C363: 1

Sheet Tabla dinámica 8
