Workbook

Sheet CATALOGOS
A1: OBRAS | B1: CODIGO_OBRA | C1: SINDICATOS | D1: MATERIALES | E1: CAMIONES | F1: PLACA_CAMION | G1: ORIGEN

Sheet BD_ACARREOS
A1: FOLIO_CONCILIACION | B1: FECHA | C1: SEMANA | D1: FOLIO | E1: SINDICATO | F1: MATERIAL | G1: ORIGEN | H1: OBRA_DESTINO | I1: PLACA_CAMION | J1: CAPACIDAD_M3 | K1: PRECIO_UNITARIO | L1: SUBTOTAL | M1: IVA | N1: IMPORTE_TOTAL | O1: ESTATUS_CONCILIACION | P1: OBSERVACIONES
B2: 15/06/2026 | D2: 5704 | E2: COSUM-TOLUCA | F2: CARPETA DENSA | H2: MEXICO-TOLUCA | I2: 22-BC-9R | J2: 14 M3 | K2: 2850 | L2: 2850 | M2: 456 | N2: =L2+M2 -> 3306 | O2: =IF(A2="", "", IF(SUMIFS(BD_FACTURAS!I:I, BD_FACTURAS!A:A, A2) = N2, "✅ Cuadrado", "⚠️ Diferencia"))
B3: 15/06/2026 | D3: 5705 | E3: COSUM-TOLUCA | F3: CARPETA DENSA | H3: MEXICO-TOLUCA | I3: HE-4281-J | J3: 14 M3 | K3: 2850 | L3: 2850 | M3: 456 | N3: =L3+M3 -> 3306 | O3: =IF(A3="", "", IF(SUMIFS(BD_FACTURAS!I:I, BD_FACTURAS!A:A, A3) = N3, "✅ Cuadrado", "⚠️ Diferencia"))
B4: 15/06/2026 | D4: 5706 | E4: COSUM-TOLUCA | F4: CARPETA DENSA | H4: MEXICO-TOLUCA | I4: NJ-66-440 | J4: 14 M3 | K4: 2850 | L4: 2850 | M4: 456 | N4: =L4+M4 -> 3306 | O4: =IF(A4="", "", IF(SUMIFS(BD_FACTURAS!I:I, BD_FACTURAS!A:A, A4) = N4, "✅ Cuadrado", "⚠️ Diferencia"))
B5: 15/06/2026 | D5: 5707 | E5: COSUM-TOLUCA | F5: CARPETA DENSA | H5: MEXICO-TOLUCA | I5: HD-57-440 | J5: 14 M3 | K5: 2850 | L5: 2850 | M5: 456 | N5: =L5+M5 -> 3306 | O5: =IF(A5="", "", IF(SUMIFS(BD_FACTURAS!I:I, BD_FACTURAS!A:A, A5) = N5, "✅ Cuadrado", "⚠️ Diferencia"))
B6: 15/06/2026 | D6: 5708 | E6: COSUM-TOLUCA | F6: CARPETA DENSA | H6: MEXICO-TOLUCA | I6: MY-7967-B | J6: 14 M3 | K6: 2850 | L6: 2850 | M6: 456 | N6: =L6+M6 -> 3306 | O6: =IF(A6="", "", IF(SUMIFS(BD_FACTURAS!I:I, BD_FACTURAS!A:A, A6) = N6, "✅ Cuadrado", "⚠️ Diferencia"))
B7: 15/06/2026 | D7: 5709 | E7: COSUM-TOLUCA | F7: CARPETA DENSA | H7: MEXICO-TOLUCA | I7: LD-58-235 | J7: 14 M3 | K7: 2850 | L7: 2850 | M7: 456 | N7: =L7+M7 -> 3306 | O7: =IF(A7="", "", IF(SUMIFS(BD_FACTURAS!I:I, BD_FACTURAS!A:A, A7) = N7, "✅ Cuadrado", "⚠️ Diferencia"))
B8: 15/06/2026 | D8: 5710 | E8: COSUM-TOLUCA | F8: CARPETA DENSA | H8: MEXICO-TOLUCA | I8: NB-1258-D | J8: 14 M3 | K8: 2850 | L8: 2850 | M8: 456 | N8: =L8+M8 -> 3306 | O8: =IF(A8="", "", IF(SUMIFS(BD_FACTURAS!I:I, BD_FACTURAS!A:A, A8) = N8, "✅ Cuadrado", "⚠️ Diferencia"))
B9: 15/06/2026 | D9: 5711 | E9: COSUM-TOLUCA | F9: CARPETA DENSA | H9: MEXICO-TOLUCA | I9: NR-0950-C | J9: 14 M3 | K9: 2850 | L9: 2850 | M9: 456 | N9: =L9+M9 -> 3306 | O9: =IF(A9="", "", IF(SUMIFS(BD_FACTURAS!I:I, BD_FACTURAS!A:A, A9) = N9, "✅ Cuadrado", "⚠️ Diferencia"))
B10: 15/06/2026 | D10: 5712 | E10: COSUM-TOLUCA | F10: CARPETA DENSA | H10: MEXICO-TOLUCA | I10: LF-544-30 | J10: 14 M3 | K10: 2850 | L10: 2850 | M10: 456 | N10: =L10+M10 -> 3306 | O10: =IF(A10="", "", IF(SUMIFS(BD_FACTURAS!I:I, BD_FACTURAS!A:A, A10) = N10, "✅ Cuadrado", "⚠️ Diferencia"))
B11: 15/06/2026 | D11: 5713 | E11: COSUM-TOLUCA | F11: CARPETA DENSA | H11: MEXICO-TOLUCA | I11: HE-4281-J | J11: 14 M3 | K11: 2850 | L11: 2850 | M11: 456 | N11: =L11+M11 -> 3306 | O11: =IF(A11="", "", IF(SUMIFS(BD_FACTURAS!I:I, BD_FACTURAS!A:A, A11) = N11, "✅ Cuadrado", "⚠️ Diferencia"))
B12: 15/06/2026 | D12: 5714 | E12: COSUM-TOLUCA | F12: CARPETA DENSA | H12: MEXICO-TOLUCA | I12: 22-BC-9R | J12: 14 M3 | K12: 2850 | L12: 2850 | M12: 456 | N12: =L12+M12 -> 3306 | O12: =IF(A12="", "", IF(SUMIFS(BD_FACTURAS!I:I, BD_FACTURAS!A:A, A12) = N12, "✅ Cuadrado", "⚠️ Diferencia"))
B13: 15/06/2026 | D13: 5715 | E13: COSUM-TOLUCA | F13: CARPETA DENSA | H13: MEXICO-TOLUCA | I13: MY-7967-B | J13: 8 M3 | K13: 2850 | L13: 2850 | M13: 456 | N13: =L13+M13 -> 3306 | O13: =IF(A13="", "", IF(SUMIFS(BD_FACTURAS!I:I, BD_FACTURAS!A:A, A13) = N13, "✅ Cuadrado", "⚠️ Diferencia"))
... B70: 19/06/2026 | D70: 278 | E70: COSUM-HUIXQUILUCAN | F70: CARPETA DENSA | H70: MEXICO-TOLUCA | I70: 12-AN-1U | J70: 14 M3 | K70: 2850 | L70: 2850 | M70: 456 | N70: =L70+M70 -> 3306 | O70: =IF(A70="", "", IF(SUMIFS(BD_FACTURAS!I:I, BD_FACTURAS!A:A, A70) = N70, "✅ Cuadrado", "⚠️ Diferencia"))
B71: 15/06/2026 | D71: 532 | E71: COSUM-TOLUCA | F71: FRESADO | H71: MEXICO-TOLUCA | I71: 95AX5D | J71: 14 | K71: 2000 | L71: 2000 | M71: 320 | N71: =L71+M71 -> 2320 | O71: =IF(A71="", "", IF(SUMIFS(BD_FACTURAS!I:I, BD_FACTURAS!A:A, A71) = N71, "✅ Cuadrado", "⚠️ Diferencia"))
B72: 15/06/2026 | D72: 533 | E72: COSUM-TOLUCA | F72: FRESADO | H72: MEXICO-TOLUCA | I72: HC-1139-G | J72: 14 | K72: 2000 | L72: 2000 | M72: 320 | N72: =L72+M72 -> 2320 | O72: =IF(A72="", "", IF(SUMIFS(BD_FACTURAS!I:I, BD_FACTURAS!A:A, A72) = N72, "✅ Cuadrado", "⚠️ Diferencia"))
B73: 15/06/2026 | D73: 534 | E73: COSUM-TOLUCA | F73: FRESADO | H73: MEXICO-TOLUCA | I73: LH-16-062 | J73: 14 | K73: 2000 | L73: 2000 | M73: 320 | N73: =L73+M73 -> 2320 | O73: =IF(A73="", "", IF(SUMIFS(BD_FACTURAS!I:I, BD_FACTURAS!A:A, A73) = N73, "✅ Cuadrado", "⚠️ Diferencia"))
B74: 15/06/2026 | D74: 535 | E74: COSUM-TOLUCA | F74: FRESADO | H74: MEXICO-TOLUCA | I74: 95AX5D | J74: 14 | K74: 2000 | L74: 2000 | M74: 320 | N74: =L74+M74 -> 2320 | O74: =IF(A74="", "", IF(SUMIFS(BD_FACTURAS!I:I, BD_FACTURAS!A:A, A74) = N74, "✅ Cuadrado", "⚠️ Diferencia"))
B75: 15/06/2026 | D75: 536 | E75: COSUM-TOLUCA | F75: FRESADO | H75: MEXICO-TOLUCA | I75: HC-1139-G | J75: 14 | K75: 2000 | L75: 2000 | M75: 320 | N75: =L75+M75 -> 2320 | O75: =IF(A75="", "", IF(SUMIFS(BD_FACTURAS!I:I, BD_FACTURAS!A:A, A75) = N75, "✅ Cuadrado", "⚠️ Diferencia"))
B76: 15/06/2026 | D76: 537 | E76: COSUM-TOLUCA | F76: FRESADO | H76: MEXICO-TOLUCA | I76: LH-16-062 | J76: 14 | K76: 2000 | L76: 2000 | M76: 320 | N76: =L76+M76 -> 2320 | O76: =IF(A76="", "", IF(SUMIFS(BD_FACTURAS!I:I, BD_FACTURAS!A:A, A76) = N76, "✅ Cuadrado", "⚠️ Diferencia"))
B77: 15/06/2026 | D77: 538 | E77: COSUM-TOLUCA | F77: FRESADO | H77: MEXICO-TOLUCA | I77: 95AX5D | J77: 14 | K77: 2000 | L77: 2000 | M77: 320 | N77: =L77+M77 -> 2320 | O77: =IF(A77="", "", IF(SUMIFS(BD_FACTURAS!I:I, BD_FACTURAS!A:A, A77) = N77, "✅ Cuadrado", "⚠️ Diferencia"))
B78: 15/06/2026 | D78: 539 | E78: COSUM-TOLUCA | F78: FRESADO | H78: MEXICO-TOLUCA | I78: HC-1139-G | J78: 14 | K78: 2000 | L78: 2000 | M78: 320 | N78: =L78+M78 -> 2320 | O78: =IF(A78="", "", IF(SUMIFS(BD_FACTURAS!I:I, BD_FACTURAS!A:A, A78) = N78, "✅ Cuadrado", "⚠️ Diferencia"))
B79: 15/06/2026 | D79: 540 | E79: COSUM-TOLUCA | F79: FRESADO | H79: MEXICO-TOLUCA | I79: 95AX5D | J79: 14 | K79: 2000 | L79: 2000 | M79: 320 | N79: =L79+M79 -> 2320 | O79: =IF(A79="", "", IF(SUMIFS(BD_FACTURAS!I:I, BD_FACTURAS!A:A, A79) = N79, "✅ Cuadrado", "⚠️ Diferencia"))
B80: 15/06/2026 | D80: 541 | E80: COSUM-TOLUCA | F80: FRESADO | H80: MEXICO-TOLUCA | I80: LH-16-062 | J80: 14 | K80: 2000 | L80: 2000 | M80: 320 | N80: =L80+M80 -> 2320 | O80: =IF(A80="", "", IF(SUMIFS(BD_FACTURAS!I:I, BD_FACTURAS!A:A, A80) = N80, "✅ Cuadrado", "⚠️ Diferencia"))
B81: 15/06/2026 | D81: 542 | E81: COSUM-TOLUCA | F81: FRESADO | H81: MEXICO-TOLUCA | I81: HC-1139-G | J81: 14 | K81: 2000 | L81: 2000 | M81: 320 | N81: =L81+M81 -> 2320 | O81: =IF(A81="", "", IF(SUMIFS(BD_FACTURAS!I:I, BD_FACTURAS!A:A, A81) = N81, "✅ Cuadrado", "⚠️ Diferencia"))
B82: 15/06/2026 | D82: 543 | E82: COSUM-TOLUCA | F82: FRESADO | H82: MEXICO-TOLUCA | I82: 95AX5D | J82: 14 | K82: 2000 | L82: 2000 | M82: 320 | N82: =L82+M82 -> 2320 | O82: =IF(A82="", "", IF(SUMIFS(BD_FACTURAS!I:I, BD_FACTURAS!A:A, A82) = N82, "✅ Cuadrado", "⚠️ Diferencia"))
... B86: 15/06/2026 | D86: 547 | E86: COSUM-TOLUCA | F86: FRESADO | H86: MEXICO-TOLUCA | I86: LH-16-062 | J86: 14 | K86: 2000 | L86: 2000 | M86: 320 | N86: =L86+M86 -> 2320 | O86: =IF(A86="", "", IF(SUMIFS(BD_FACTURAS!I:I, BD_FACTURAS!A:A, A86) = N86, "✅ Cuadrado", "⚠️ Diferencia"))
B87: 15/06/2026 | D87: 548 | E87: CANCELADAS | F87: CANCELADO | H87: MEXICO-TOLUCA | I87: - | J87: - | K87: 0 | L87: 0 | M87: 0 | N87: =L87+M87 -> 0 | O87: =IF(A87="", "", IF(SUMIFS(BD_FACTURAS!I:I, BD_FACTURAS!A:A, A87) = N87, "✅ Cuadrado", "⚠️ Diferencia"))
B88: 15/06/2026 | D88: 549 | E88: COSUM-TOLUCA | F88: FRESADO | H88: MEXICO-TOLUCA | I88: HC-1139-G | J88: 14 | K88: 2000 | L88: 2000 | M88: 320 | N88: =L88+M88 -> 2320 | O88: =IF(A88="", "", IF(SUMIFS(BD_FACTURAS!I:I, BD_FACTURAS!A:A, A88) = N88, "✅ Cuadrado", "⚠️ Diferencia"))
B89: 16/06/2026 | D89: 550 | E89: COSUM-TOLUCA | F89: FRESADO | H89: MEXICO-TOLUCA | I89: 95-AX5D | J89: 14 | K89: 2000 | L89: 2000 | M89: 320 | N89: =L89+M89 -> 2320 | O89: =IF(A89="", "", IF(SUMIFS(BD_FACTURAS!I:I, BD_FACTURAS!A:A, A89) = N89, "✅ Cuadrado", "⚠️ Diferencia"))
B90: 16/06/2026 | D90: 351 | E90: COSUM-TOLUCA | F90: FRESADO | H90: MEXICO-TOLUCA | I90: MY-7968-B | J90: 14 | K90: 2000 | L90: 2000 | M90: 320 | N90: =L90+M90 -> 2320 | O90: =IF(A90="", "", IF(SUMIFS(BD_FACTURAS!I:I, BD_FACTURAS!A:A, A90) = N90, "✅ Cuadrado", "⚠️ Diferencia"))
B91: 16/06/2026 | D91: 352 | E91: COSUM-TOLUCA | F91: FRESADO | H91: MEXICO-TOLUCA | I91: HC-1139-G | J91: 14 | K91: 2000 | L91: 2000 | M91: 320 | N91: =L91+M91 -> 2320 | O91: =IF(A91="", "", IF(SUMIFS(BD_FACTURAS!I:I, BD_FACTURAS!A:A, A91) = N91, "✅ Cuadrado", "⚠️ Diferencia"))
B92: 16/06/2026 | D92: 353 | E92: COSUM-TOLUCA | F92: FRESADO | H92: MEXICO-TOLUCA | I92: LH-16-062 | J92: 14 | K92: 2000 | L92: 2000 | M92: 320 | N92: =L92+M92 -> 2320 | O92: =IF(A92="", "", IF(SUMIFS(BD_FACTURAS!I:I, BD_FACTURAS!A:A, A92) = N92, "✅ Cuadrado", "⚠️ Diferencia"))
B93: 16/06/2026 | D93: 354 | E93: COSUM-TOLUCA | F93: FRESADO | H93: MEXICO-TOLUCA | I93: 95-AX5D | J93: 14 | K93: 2000 | L93: 2000 | M93: 320 | N93: =L93+M93 -> 2320 | O93: =IF(A93="", "", IF(SUMIFS(BD_FACTURAS!I:I, BD_FACTURAS!A:A, A93) = N93, "✅ Cuadrado", "⚠️ Diferencia"))
B94: 16/06/2026 | D94: 355 | E94: COSUM-TOLUCA | F94: FRESADO | H94: MEXICO-TOLUCA | I94: MY-7968-B | J94: 14 | K94: 2000 | L94: 2000 | M94: 320 | N94: =L94+M94 -> 2320 | O94: =IF(A94="", "", IF(SUMIFS(BD_FACTURAS!I:I, BD_FACTURAS!A:A, A94) = N94, "✅ Cuadrado", "⚠️ Diferencia"))
B95: 16/06/2026 | D95: 356 | E95: COSUM-TOLUCA | F95: FRESADO | H95: MEXICO-TOLUCA | I95: LH-16-062 | J95: 14 | K95: 2000 | L95: 2000 | M95: 320 | N95: =L95+M95 -> 2320 | O95: =IF(A95="", "", IF(SUMIFS(BD_FACTURAS!I:I, BD_FACTURAS!A:A, A95) = N95, "✅ Cuadrado", "⚠️ Diferencia"))
B96: 16/06/2026 | D96: 357 | E96: COSUM-TOLUCA | F96: FRESADO | H96: MEXICO-TOLUCA | I96: HC-1139-G | J96: 14 | K96: 2000 | L96: 2000 | M96: 320 | N96: =L96+M96 -> 2320 | O96: =IF(A96="", "", IF(SUMIFS(BD_FACTURAS!I:I, BD_FACTURAS!A:A, A96) = N96, "✅ Cuadrado", "⚠️ Diferencia"))
B97: 16/06/2026 | D97: 358 | E97: COSUM-TOLUCA | F97: FRESADO | H97: MEXICO-TOLUCA | I97: 95-AX5D | J97: 14 | K97: 2000 | L97: 2000 | M97: 320 | N97: =L97+M97 -> 2320 | O97: =IF(A97="", "", IF(SUMIFS(BD_FACTURAS!I:I, BD_FACTURAS!A:A, A97) = N97, "✅ Cuadrado", "⚠️ Diferencia"))
B98: 16/06/2026 | D98: 359 | E98: COSUM-TOLUCA | F98: FRESADO | H98: MEXICO-TOLUCA | I98: MY-7968-B | J98: 14 | K98: 2000 | L98: 2000 | M98: 320 | N98: =L98+M98 -> 2320 | O98: =IF(A98="", "", IF(SUMIFS(BD_FACTURAS!I:I, BD_FACTURAS!A:A, A98) = N98, "✅ Cuadrado", "⚠️ Diferencia"))
B99: 16/06/2026 | D99: 360 | E99: COSUM-TOLUCA | F99: FRESADO | H99: MEXICO-TOLUCA | I99: LH-16-062 | J99: 14 | K99: 2000 | L99: 2000 | M99: 320 | N99: =L99+M99 -> 2320 | O99: =IF(A99="", "", IF(SUMIFS(BD_FACTURAS!I:I, BD_FACTURAS!A:A, A99) = N99, "✅ Cuadrado", "⚠️ Diferencia"))
... B111: 17/06/2026 | D111: 372 | E111: COSUM-TOLUCA | F111: FRESADO | H111: MEXICO-TOLUCA | I111: MY-7968-B | J111: 14 | K111: 2000 | L111: 2000 | M111: 320 | N111: =L111+M111 -> 2320 | O111: =IF(A111="", "", IF(SUMIFS(BD_FACTURAS!I:I, BD_FACTURAS!A:A, A111) = N111, "✅ Cuadrado", "⚠️ Diferencia"))
B112: 17/06/2026 | D112: 373 | E112: CANCELADAS | F112: CANCELADO | H112: MEXICO-TOLUCA | K112: 0 | L112: 0 | M112: 0 | N112: =L112+M112 -> 0 | O112: =IF(A112="", "", IF(SUMIFS(BD_FACTURAS!I:I, BD_FACTURAS!A:A, A112) = N112, "✅ Cuadrado", "⚠️ Diferencia"))
B113: 17/06/2026 | D113: 374 | E113: COSUM-TOLUCA | F113: FRESADO | H113: MEXICO-TOLUCA | I113: MY-7967-B | J113: 14 | K113: 2000 | L113: 2000 | M113: 320 | N113: =L113+M113 -> 2320 | O113: =IF(A113="", "", IF(SUMIFS(BD_FACTURAS!I:I, BD_FACTURAS!A:A, A113) = N113, "✅ Cuadrado", "⚠️ Diferencia"))
B114: 17/06/2026 | D114: 375 | E114: COSUM-TOLUCA | F114: FRESADO | H114: MEXICO-TOLUCA | I114: MY-7968-B | J114: 14 | K114: 2000 | L114: 2000 | M114: 320 | N114: =L114+M114 -> 2320 | O114: =IF(A114="", "", IF(SUMIFS(BD_FACTURAS!I:I, BD_FACTURAS!A:A, A114) = N114, "✅ Cuadrado", "⚠️ Diferencia"))
B115: 17/06/2026 | D115: 376 | E115: COSUM-TOLUCA | F115: FRESADO | H115: MEXICO-TOLUCA | I115: MY-7967-B | J115: 14 | K115: 2000 | L115: 2000 | M115: 320 | N115: =L115+M115 -> 2320 | O115: =IF(A115="", "", IF(SUMIFS(BD_FACTURAS!I:I, BD_FACTURAS!A:A, A115) = N115, "✅ Cuadrado", "⚠️ Diferencia"))
B116: 17/06/2026 | D116: 377 | E116: COSUM-TOLUCA | F116: FRESADO | H116: MEXICO-TOLUCA | I116: MY-7968-B | J116: 14 | K116: 2000 | L116: 2000 | M116: 320 | N116: =L116+M116 -> 2320 | O116: =IF(A116="", "", IF(SUMIFS(BD_FACTURAS!I:I, BD_FACTURAS!A:A, A116) = N116, "✅ Cuadrado", "⚠️ Diferencia"))
B117: 17/06/2026 | D117: 378 | E117: COSUM-TOLUCA | F117: FRESADO | H117: MEXICO-TOLUCA | I117: MY-7967-B | J117: 14 | K117: 2000 | L117: 2000 | M117: 320 | N117: =L117+M117 -> 2320 | O117: =IF(A117="", "", IF(SUMIFS(BD_FACTURAS!I:I, BD_FACTURAS!A:A, A117) = N117, "✅ Cuadrado", "⚠️ Diferencia"))
B118: 17/06/2026 | D118: 379 | E118: COSUM-TOLUCA | F118: FRESADO | H118: MEXICO-TOLUCA | I118: MY-7968-B | J118: 14 | K118: 2000 | L118: 2000 | M118: 320 | N118: =L118+M118 -> 2320 | O118: =IF(A118="", "", IF(SUMIFS(BD_FACTURAS!I:I, BD_FACTURAS!A:A, A118) = N118, "✅ Cuadrado", "⚠️ Diferencia"))
B119: 17/06/2026 | D119: 380 | E119: COSUM-TOLUCA | F119: FRESADO | H119: MEXICO-TOLUCA | I119: MY-7967-B | J119: 14 | K119: 2000 | L119: 2000 | M119: 320 | N119: =L119+M119 -> 2320 | O119: =IF(A119="", "", IF(SUMIFS(BD_FACTURAS!I:I, BD_FACTURAS!A:A, A119) = N119, "✅ Cuadrado", "⚠️ Diferencia"))
B120: 17/06/2026 | D120: 381 | E120: COSUM-TOLUCA | F120: FRESADO | H120: MEXICO-TOLUCA | I120: MY-7967-B | J120: 14 | K120: 2000 | L120: 2000 | M120: 320 | N120: =L120+M120 -> 2320 | O120: =IF(A120="", "", IF(SUMIFS(BD_FACTURAS!I:I, BD_FACTURAS!A:A, A120) = N120, "✅ Cuadrado", "⚠️ Diferencia"))
B121: 17/06/2026 | D121: 382 | E121: COSUM-TOLUCA | F121: FRESADO | H121: MEXICO-TOLUCA | I121: MY-7967-B | J121: 14 | K121: 2000 | L121: 2000 | M121: 320 | N121: =L121+M121 -> 2320 | O121: =IF(A121="", "", IF(SUMIFS(BD_FACTURAS!I:I, BD_FACTURAS!A:A, A121) = N121, "✅ Cuadrado", "⚠️ Diferencia"))
B122: 17/06/2026 | D122: 383 | E122: COSUM-TOLUCA | F122: FRESADO | H122: MEXICO-TOLUCA | I122: MY-7967-B | J122: 14 | K122: 2000 | L122: 2000 | M122: 320 | N122: =L122+M122 -> 2320 | O122: =IF(A122="", "", IF(SUMIFS(BD_FACTURAS!I:I, BD_FACTURAS!A:A, A122) = N122, "✅ Cuadrado", "⚠️ Diferencia"))
B123: 17/06/2026 | D123: 384 | E123: CANCELADAS | F123: CANCELADO | H123: MEXICO-TOLUCA | K123: 0 | L123: 0 | M123: 0 | N123: =L123+M123 -> 0 | O123: =IF(A123="", "", IF(SUMIFS(BD_FACTURAS!I:I, BD_FACTURAS!A:A, A123) = N123, "✅ Cuadrado", "⚠️ Diferencia"))
B124: 17/06/2026 | D124: 385 | E124: COSUM-TOLUCA | F124: FRESADO | H124: MEXICO-TOLUCA | I124: MY-7967-B | J124: 14 | K124: 2000 | L124: 2000 | M124: 320 | N124: =L124+M124 -> 2320 | O124: =IF(A124="", "", IF(SUMIFS(BD_FACTURAS!I:I, BD_FACTURAS!A:A, A124) = N124, "✅ Cuadrado", "⚠️ Diferencia"))
B125: 17/06/2026 | D125: 384 | E125: CANCELADAS | F125: CANCELADO | H125: MEXICO-TOLUCA | K125: 0 | L125: 0 | M125: 0 | N125: =L125+M125 -> 0 | O125: =IF(A125="", "", IF(SUMIFS(BD_FACTURAS!I:I, BD_FACTURAS!A:A, A125) = N125, "✅ Cuadrado", "⚠️ Diferencia"))
B126: 17/06/2026 | D126: 387 | E126: COSUM-TOLUCA | F126: FRESADO | H126: MEXICO-TOLUCA | I126: MY-7967-B | J126: 14 | K126: 2000 | L126: 2000 | M126: 320 | N126: =L126+M126 -> 2320 | O126: =IF(A126="", "", IF(SUMIFS(BD_FACTURAS!I:I, BD_FACTURAS!A:A, A126) = N126, "✅ Cuadrado", "⚠️ Diferencia"))
B127: 18/06/2026 | D127: 388 | E127: COSUM-TOLUCA | F127: FRESADO | H127: MEXICO-TOLUCA | I127: 95-AX5D | J127: 14 | K127: 2000 | L127: 2000 | M127: 320 | N127: =L127+M127 -> 2320 | O127: =IF(A127="", "", IF(SUMIFS(BD_FACTURAS!I:I, BD_FACTURAS!A:A, A127) = N127, "✅ Cuadrado", "⚠️ Diferencia"))
B128: 18/06/2026 | D128: 389 | E128: COSUM-TOLUCA | F128: FRESADO | H128: MEXICO-TOLUCA | I128: MY-7968-B | J128: 14 | K128: 2000 | L128: 2000 | M128: 320 | N128: =L128+M128 -> 2320 | O128: =IF(A128="", "", IF(SUMIFS(BD_FACTURAS!I:I, BD_FACTURAS!A:A, A128) = N128, "✅ Cuadrado", "⚠️ Diferencia"))
B129: 18/06/2026 | D129: 390 | E129: COSUM-TOLUCA | F129: FRESADO | H129: MEXICO-TOLUCA | I129: 22-BC-9R | J129: 14 | K129: 2000 | L129: 2000 | M129: 320 | N129: =L129+M129 -> 2320 | O129: =IF(A129="", "", IF(SUMIFS(BD_FACTURAS!I:I, BD_FACTURAS!A:A, A129) = N129, "✅ Cuadrado", "⚠️ Diferencia"))
B130: 18/06/2026 | D130: 391 | E130: CANCELADAS | F130: CANCELADO | H130: MEXICO-TOLUCA | K130: 0 | L130: 0 | M130: 0 | N130: =L130+M130 -> 0 | O130: =IF(A130="", "", IF(SUMIFS(BD_FACTURAS!I:I, BD_FACTURAS!A:A, A130) = N130, "✅ Cuadrado", "⚠️ Diferencia"))
B131: 18/06/2026 | D131: 392 | E131: COSUM-TOLUCA | F131: FRESADO | H131: MEXICO-TOLUCA | I131: HE-4281-J | J131: 14 | K131: 2000 | L131: 2000 | M131: 320 | N131: =L131+M131 -> 2320 | O131: =IF(A131="", "", IF(SUMIFS(BD_FACTURAS!I:I, BD_FACTURAS!A:A, A131) = N131, "✅ Cuadrado", "⚠️ Diferencia"))
B132: 18/06/2026 | D132: 393 | E132: COSUM-TOLUCA | F132: FRESADO | H132: MEXICO-TOLUCA | I132: HD-57-440 | J132: 14 | K132: 2000 | L132: 2000 | M132: 320 | N132: =L132+M132 -> 2320 | O132: =IF(A132="", "", IF(SUMIFS(BD_FACTURAS!I:I, BD_FACTURAS!A:A, A132) = N132, "✅ Cuadrado", "⚠️ Diferencia"))
B133: 18/06/2026 | D133: 394 | E133: COSUM-TOLUCA | F133: FRESADO | H133: MEXICO-TOLUCA | I133: NJ-6644-D | J133: 14 | K133: 2000 | L133: 2000 | M133: 320 | N133: =L133+M133 -> 2320 | O133: =IF(A133="", "", IF(SUMIFS(BD_FACTURAS!I:I, BD_FACTURAS!A:A, A133) = N133, "✅ Cuadrado", "⚠️ Diferencia"))
B134: 18/06/2026 | D134: 395 | E134: COSUM-TOLUCA | F134: FRESADO | H134: MEXICO-TOLUCA | I134: LD-58-235 | J134: 14 | K134: 2000 | L134: 2000 | M134: 320 | N134: =L134+M134 -> 2320 | O134: =IF(A134="", "", IF(SUMIFS(BD_FACTURAS!I:I, BD_FACTURAS!A:A, A134) = N134, "✅ Cuadrado", "⚠️ Diferencia"))
B135: 18/06/2026 | D135: 396 | E135: COSUM-TOLUCA | F135: FRESADO | H135: MEXICO-TOLUCA | I135: 95-AX5D | J135: 14 | K135: 2000 | L135: 2000 | M135: 320 | N135: =L135+M135 -> 2320 | O135: =IF(A135="", "", IF(SUMIFS(BD_FACTURAS!I:I, BD_FACTURAS!A:A, A135) = N135, "✅ Cuadrado", "⚠️ Diferencia"))
B136: 18/06/2026 | D136: 397 | E136: COSUM-TOLUCA | F136: FRESADO | H136: MEXICO-TOLUCA | I136: MY-7968-B | J136: 14 | K136: 2000 | L136: 2000 | M136: 320 | N136: =L136+M136 -> 2320 | O136: =IF(A136="", "", IF(SUMIFS(BD_FACTURAS!I:I, BD_FACTURAS!A:A, A136) = N136, "✅ Cuadrado", "⚠️ Diferencia"))
B137: 18/06/2026 | D137: 398 | E137: COSUM-TOLUCA | F137: FRESADO | H137: MEXICO-TOLUCA | I137: 95-AX5D | J137: 14 | K137: 2000 | L137: 2000 | M137: 320 | N137: =L137+M137 -> 2320 | O137: =IF(A137="", "", IF(SUMIFS(BD_FACTURAS!I:I, BD_FACTURAS!A:A, A137) = N137, "✅ Cuadrado", "⚠️ Diferencia"))
B138: 18/06/2026 | D138: 399 | E138: COSUM-TOLUCA | F138: FRESADO | H138: MEXICO-TOLUCA | I138: MY-7968-B | J138: 14 | K138: 2000 | L138: 2000 | M138: 320 | N138: =L138+M138 -> 2320 | O138: =IF(A138="", "", IF(SUMIFS(BD_FACTURAS!I:I, BD_FACTURAS!A:A, A138) = N138, "✅ Cuadrado", "⚠️ Diferencia"))
B139: 18/06/2026 | D139: 400 | E139: COSUM-TOLUCA | F139: FRESADO | H139: MEXICO-TOLUCA | I139: 95-AX5D | J139: 14 | K139: 2000 | L139: 2000 | M139: 320 | N139: =L139+M139 -> 2320 | O139: =IF(A139="", "", IF(SUMIFS(BD_FACTURAS!I:I, BD_FACTURAS!A:A, A139) = N139, "✅ Cuadrado", "⚠️ Diferencia"))
B140: 18/06/2026 | D140: 401 | E140: COSUM-TOLUCA | F140: FRESADO | H140: MEXICO-TOLUCA | I140: MY-7968-B | J140: 14 | K140: 2000 | L140: 2000 | M140: 320 | N140: =L140+M140 -> 2320 | O140: =IF(A140="", "", IF(SUMIFS(BD_FACTURAS!I:I, BD_FACTURAS!A:A, A140) = N140, "✅ Cuadrado", "⚠️ Diferencia"))
B141: 18/06/2026 | D141: 402 | E141: COSUM-TOLUCA | F141: FRESADO | H141: MEXICO-TOLUCA | I141: LD-58-235 | J141: 14 | K141: 2000 | L141: 2000 | M141: 320 | N141: =L141+M141 -> 2320 | O141: =IF(A141="", "", IF(SUMIFS(BD_FACTURAS!I:I, BD_FACTURAS!A:A, A141) = N141, "✅ Cuadrado", "⚠️ Diferencia"))
B142: 18/06/2026 | D142: 403 | E142: COSUM-TOLUCA | F142: FRESADO | H142: MEXICO-TOLUCA | I142: 95-AX5D | J142: 14 | K142: 2000 | L142: 2000 | M142: 320 | N142: =L142+M142 -> 2320 | O142: =IF(A142="", "", IF(SUMIFS(BD_FACTURAS!I:I, BD_FACTURAS!A:A, A142) = N142, "✅ Cuadrado", "⚠️ Diferencia"))
... B146: 18/06/2026 | D146: 407 | E146: COSUM-TOLUCA | F146: CAMION DE LIMPIEZA | H146: MEXICO-TOLUCA | I146: LD-58-235 | J146: 14 | K146: 2000 | L146: 2000 | M146: 320 | N146: =L146+M146 -> 2320 | O146: =IF(A146="", "", IF(SUMIFS(BD_FACTURAS!I:I, BD_FACTURAS!A:A, A146) = N146, "✅ Cuadrado", "⚠️ Diferencia"))
D147: 1 | H147: MEXICO-TOLUCA | K147: 0 | L147: 0 | M147: 0 | N147: =L147+M147 -> 0 | O147: =IF(A147="", "", IF(SUMIFS(BD_FACTURAS!I:I, BD_FACTURAS!A:A, A147) = N147, "✅ Cuadrado", "⚠️ Diferencia"))
B148: 15/06/2026 | D148: 83 | E148: EMULSIONES Y ASFALTOS JORGE | F148: PROTOCOLO AMAAC III | H148: Lerma - Tres Marías | I148: HG5343F | J148: 14 | K148: 6280 | L148: 1004.8 | M148: 7284.8 | N148: =L148+M148 -> 8289.6 | O148: =IF(A148="", "", IF(SUMIFS(BD_FACTURAS!I:I, BD_FACTURAS!A:A, A148) = N148, "✅ Cuadrado", "⚠️ Diferencia"))
B149: 15/06/2026 | D149: 84 | E149: EMULSIONES Y ASFALTOS JORGE | F149: PROTOCOLO AMAAC III | H149: Lerma - Tres Marías | I149: HC1924G | J149: 14 | K149: 6280 | L149: 1004.8 | M149: 7284.8 | N149: =L149+M149 -> 8289.6 | O149: =IF(A149="", "", IF(SUMIFS(BD_FACTURAS!I:I, BD_FACTURAS!A:A, A149) = N149, "✅ Cuadrado", "⚠️ Diferencia"))
B150: 15/06/2026 | D150: 85 | E150: EMULSIONES Y ASFALTOS JORGE | F150: PROTOCOLO AMAAC III | H150: Lerma - Tres Marías | I150: NG9783D | J150: 14 | K150: 6280 | L150: 1004.8 | M150: 7284.8 | N150: =L150+M150 -> 8289.6 | O150: =IF(A150="", "", IF(SUMIFS(BD_FACTURAS!I:I, BD_FACTURAS!A:A, A150) = N150, "✅ Cuadrado", "⚠️ Diferencia"))
B151: 15/06/2026 | D151: 86 | E151: EMULSIONES Y ASFALTOS JORGE | F151: PROTOCOLO AMAAC III | H151: Lerma - Tres Marías | I151: 464AJ2 | J151: 14 | K151: 6280 | L151: 1004.8 | M151: 7284.8 | N151: =L151+M151 -> 8289.6 | O151: =IF(A151="", "", IF(SUMIFS(BD_FACTURAS!I:I, BD_FACTURAS!A:A, A151) = N151, "✅ Cuadrado", "⚠️ Diferencia"))
B152: 15/06/2026 | D152: 89 | E152: EMULSIONES Y ASFALTOS JORGE | F152: PROTOCOLO AMAAC III | H152: Lerma - Tres Marías | I152: HA6315A | J152: 14 | K152: 6280 | L152: 1004.8 | M152: 7284.8 | N152: =L152+M152 -> 8289.6 | O152: =IF(A152="", "", IF(SUMIFS(BD_FACTURAS!I:I, BD_FACTURAS!A:A, A152) = N152, "✅ Cuadrado", "⚠️ Diferencia"))
B153: 15/06/2026 | D153: 90 | E153: EMULSIONES Y ASFALTOS JORGE | F153: PROTOCOLO AMAAC III | H153: Lerma - Tres Marías | I153: 511AN4 | J153: 14 | K153: 6280 | L153: 1004.8 | M153: 7284.8 | N153: =L153+M153 -> 8289.6 | O153: =IF(A153="", "", IF(SUMIFS(BD_FACTURAS!I:I, BD_FACTURAS!A:A, A153) = N153, "✅ Cuadrado", "⚠️ Diferencia"))
B154: 15/06/2026 | D154: 91 | E154: EMULSIONES Y ASFALTOS JORGE | F154: PROTOCOLO AMAAC III | H154: Lerma - Tres Marías | I154: 52BM3K | J154: 14 | K154: 6280 | L154: 1004.8 | M154: 7284.8 | N154: =L154+M154 -> 8289.6 | O154: =IF(A154="", "", IF(SUMIFS(BD_FACTURAS!I:I, BD_FACTURAS!A:A, A154) = N154, "✅ Cuadrado", "⚠️ Diferencia"))
B155: 15/06/2026 | D155: 92 | E155: EMULSIONES Y ASFALTOS JORGE | F155: PROTOCOLO AMAAC III | H155: Lerma - Tres Marías | I155: 48BA2X | J155: 14 | K155: 6280 | L155: 1004.8 | M155: 7284.8 | N155: =L155+M155 -> 8289.6 | O155: =IF(A155="", "", IF(SUMIFS(BD_FACTURAS!I:I, BD_FACTURAS!A:A, A155) = N155, "✅ Cuadrado", "⚠️ Diferencia"))
B156: 15/06/2026 | D156: 100 | E156: EMULSIONES Y ASFALTOS JORGE | F156: PROTOCOLO AMAAC III | H156: Lerma - Tres Marías | I156: HG5343F | J156: 14 | K156: 6280 | L156: 1004.8 | M156: 7284.8 | N156: =L156+M156 -> 8289.6 | O156: =IF(A156="", "", IF(SUMIFS(BD_FACTURAS!I:I, BD_FACTURAS!A:A, A156) = N156, "✅ Cuadrado", "⚠️ Diferencia"))
B157: 16/06/2026 | D157: 113 | E157: EMULSIONES Y ASFALTOS JORGE | F157: PROTOCOLO AMAAC III | H157: Lerma - Tres Marías | I157: NG9783D | J157: 14 | K157: 6280 | L157: 1004.8 | M157: 7284.8 | N157: =L157+M157 -> 8289.6 | O157: =IF(A157="", "", IF(SUMIFS(BD_FACTURAS!I:I, BD_FACTURAS!A:A, A157) = N157, "✅ Cuadrado", "⚠️ Diferencia"))
B158: 16/06/2026 | D158: 114 | E158: EMULSIONES Y ASFALTOS JORGE | F158: PROTOCOLO AMAAC III | H158: Lerma - Tres Marías | I158: 464AJ2 | J158: 14 | K158: 6280 | L158: 1004.8 | M158: 7284.8 | N158: =L158+M158 -> 8289.6 | O158: =IF(A158="", "", IF(SUMIFS(BD_FACTURAS!I:I, BD_FACTURAS!A:A, A158) = N158, "✅ Cuadrado", "⚠️ Diferencia"))
B159: 16/06/2026 | D159: 115 | E159: EMULSIONES Y ASFALTOS JORGE | F159: PROTOCOLO AMAAC III | H159: Lerma - Tres Marías | I159: HA6315A | J159: 14 | K159: 6280 | L159: 1004.8 | M159: 7284.8 | N159: =L159+M159 -> 8289.6 | O159: =IF(A159="", "", IF(SUMIFS(BD_FACTURAS!I:I, BD_FACTURAS!A:A, A159) = N159, "✅ Cuadrado", "⚠️ Diferencia"))
... B186: 19/06/2026 | D186: 189 | E186: EMULSIONES Y ASFALTOS JORGE | F186: PROTOCOLO AMAAC III | H186: Lerma - Tres Marías | I186: HG5343F | J186: 14 | K186: 6280 | L186: 1004.8 | M186: 7284.8 | N186: =L186+M186 -> 8289.6 | O186: =IF(A186="", "", IF(SUMIFS(BD_FACTURAS!I:I, BD_FACTURAS!A:A, A186) = N186, "✅ Cuadrado", "⚠️ Diferencia"))
D187: 1 | H187: Lerma - Tres Marías | K187: 0 | L187: 0 | M187: 0 | N187: =L187+M187 -> 0 | O187: =IF(A187="", "", IF(SUMIFS(BD_FACTURAS!I:I, BD_FACTURAS!A:A, A187) = N187, "✅ Cuadrado", "⚠️ Diferencia"))
D188: 1 | H188: Lerma - Tres Marías | K188: 0 | L188: 0 | M188: 0 | N188: =L188+M188 -> 0 | O188: =IF(A188="", "", IF(SUMIFS(BD_FACTURAS!I:I, BD_FACTURAS!A:A, A188) = N188, "✅ Cuadrado", "⚠️ Diferencia"))
B189: 15/06/2026 | D189: 5808 | E189: EMULSIONES Y ASFALTOS JORGE | F189: FRESADO | H189: Lerma - Tres Marías | I189: HB-9873-H | J189: 14 | K189: 7000 | L189: 7000 | M189: 1120 | N189: =L189+M189 -> 8120 | O189: =IF(A189="", "", IF(SUMIFS(BD_FACTURAS!I:I, BD_FACTURAS!A:A, A189) = N189, "✅ Cuadrado", "⚠️ Diferencia"))
B190: 15/06/2026 | D190: 5809 | E190: EMULSIONES Y ASFALTOS JORGE | F190: FRESADO | H190: Lerma - Tres Marías | I190: HG-2412-G | J190: 14 | K190: 7000 | L190: 7000 | M190: 1120 | N190: =L190+M190 -> 8120 | O190: =IF(A190="", "", IF(SUMIFS(BD_FACTURAS!I:I, BD_FACTURAS!A:A, A190) = N190, "✅ Cuadrado", "⚠️ Diferencia"))
B191: 15/06/2026 | D191: 5810 | E191: EMULSIONES Y ASFALTOS JORGE | F191: FRESADO | H191: Lerma - Tres Marías | I191: NT-2814-C | J191: 14 | K191: 7000 | L191: 7000 | M191: 1120 | N191: =L191+M191 -> 8120 | O191: =IF(A191="", "", IF(SUMIFS(BD_FACTURAS!I:I, BD_FACTURAS!A:A, A191) = N191, "✅ Cuadrado", "⚠️ Diferencia"))
B192: 15/06/2026 | D192: 5811 | E192: EMULSIONES Y ASFALTOS JORGE | F192: FRESADO | H192: Lerma - Tres Marías | I192: 87-A2-GY | J192: 14 | K192: 7000 | L192: 7000 | M192: 1120 | N192: =L192+M192 -> 8120 | O192: =IF(A192="", "", IF(SUMIFS(BD_FACTURAS!I:I, BD_FACTURAS!A:A, A192) = N192, "✅ Cuadrado", "⚠️ Diferencia"))
B193: 15/06/2026 | D193: 5812 | E193: EMULSIONES Y ASFALTOS JORGE | F193: FRESADO | H193: Lerma - Tres Marías | I193: HB-9873-H | J193: 14 | K193: 7000 | L193: 7000 | M193: 1120 | N193: =L193+M193 -> 8120 | O193: =IF(A193="", "", IF(SUMIFS(BD_FACTURAS!I:I, BD_FACTURAS!A:A, A193) = N193, "✅ Cuadrado", "⚠️ Diferencia"))
B194: 15/06/2026 | D194: 5813 | E194: EMULSIONES Y ASFALTOS JORGE | F194: FRESADO | H194: Lerma - Tres Marías | I194: HG-2412-G | J194: 14 | K194: 7000 | L194: 7000 | M194: 1120 | N194: =L194+M194 -> 8120 | O194: =IF(A194="", "", IF(SUMIFS(BD_FACTURAS!I:I, BD_FACTURAS!A:A, A194) = N194, "✅ Cuadrado", "⚠️ Diferencia"))
B195: 15/06/2026 | D195: 5814 | E195: EMULSIONES Y ASFALTOS JORGE | F195: FRESADO | H195: Lerma - Tres Marías | I195: NT-2814-C | J195: 14 | K195: 7000 | L195: 7000 | M195: 1120 | N195: =L195+M195 -> 8120 | O195: =IF(A195="", "", IF(SUMIFS(BD_FACTURAS!I:I, BD_FACTURAS!A:A, A195) = N195, "✅ Cuadrado", "⚠️ Diferencia"))
B196: 15/06/2026 | D196: 5815 | E196: EMULSIONES Y ASFALTOS JORGE | F196: FRESADO | H196: Lerma - Tres Marías | I196: 87-A2-GY | J196: 14 | K196: 7000 | L196: 7000 | M196: 1120 | N196: =L196+M196 -> 8120 | O196: =IF(A196="", "", IF(SUMIFS(BD_FACTURAS!I:I, BD_FACTURAS!A:A, A196) = N196, "✅ Cuadrado", "⚠️ Diferencia"))
B197: 15/06/2026 | D197: 5816 | E197: EMULSIONES Y ASFALTOS JORGE | F197: FRESADO | H197: Lerma - Tres Marías | I197: HB-9873-H | J197: 14 | K197: 7000 | L197: 7000 | M197: 1120 | N197: =L197+M197 -> 8120 | O197: =IF(A197="", "", IF(SUMIFS(BD_FACTURAS!I:I, BD_FACTURAS!A:A, A197) = N197, "✅ Cuadrado", "⚠️ Diferencia"))
B198: 15/06/2026 | D198: 5817 | E198: EMULSIONES Y ASFALTOS JORGE | F198: LIMPIEZA | H198: Lerma - Tres Marías | I198: HG-2412-G | J198: 14 | K198: 7000 | L198: 7000 | M198: 1120 | N198: =L198+M198 -> 8120 | O198: =IF(A198="", "", IF(SUMIFS(BD_FACTURAS!I:I, BD_FACTURAS!A:A, A198) = N198, "✅ Cuadrado", "⚠️ Diferencia"))
B199: 16/06/2026 | D199: 5818 | E199: EMULSIONES Y ASFALTOS JORGE | F199: FRESADO | H199: Lerma - Tres Marías | I199: HB-9873-H | J199: 14 | K199: 7000 | L199: 7000 | M199: 1120 | N199: =L199+M199 -> 8120 | O199: =IF(A199="", "", IF(SUMIFS(BD_FACTURAS!I:I, BD_FACTURAS!A:A, A199) = N199, "✅ Cuadrado", "⚠️ Diferencia"))
...

Sheet BD_FACTURAS
A1: FOLIO_CONCILIACION | B1: FOLIO_FACTURA | C1: FECHA_FACTURA | D1: SEMANA | E1: SINDICATO_PROVEEDOR | F1: VIAJES_AMPARADOS | G1: IMPORTE | H1: I.V.A | I1: IMPORTE_TOTAL | J1: ESTATUS_CONCILIACION | K1: OBSERVACIONES

Sheet TABLAS_DINAMICAS
A1: Aquí puedes insertar tus tablas dinámicas de resumen
